# Blender v2.78 (sub 0) OBJ File: ''
# www.blender.org
mtllib Car_Civilian_Destroyed.mtl
o Car_Civilian_Destroyed.mo_Car_Civilian_Destroyed.md
v -41.929153 111.928864 -188.249374
v -39.635468 89.290771 -205.793335
v -58.895538 101.200691 -130.247894
v -64.831802 33.240063 -130.101151
v -76.741547 33.240063 -58.416828
v -64.831802 33.240063 -130.101151
v -0.000011 33.240063 -58.719337
v -0.000015 33.240063 -133.886093
v -70.678528 118.551331 -59.588913
v -76.741547 33.240063 -58.416828
v -82.393333 103.654823 56.208122
v -90.358994 28.699800 54.660538
v -65.687576 10.898458 215.338486
v -56.604965 10.463986 220.304443
v -0.459641 13.990043 224.806625
v -83.709030 23.247555 116.980133
v -90.358994 28.699800 54.660538
v -35.694641 33.240067 -217.661346
v -40.525253 33.240063 -211.044403
v -38.902298 113.275391 -130.987473
v -37.627701 117.408791 -190.749619
v -47.637314 109.559273 -130.279373
v -34.827362 84.841927 -212.464966
v -40.525253 33.240063 -211.044403
v -35.694641 33.240067 -217.661346
v -54.266541 61.250721 213.824951
v -62.943771 60.463329 209.856277
v -56.604965 10.463986 220.304443
v -65.687576 10.898458 215.338486
v -61.455818 137.227325 -46.003708
v -63.533039 123.486153 -60.236889
v -65.909851 134.922058 -41.993244
v -67.132446 123.774918 -53.948742
v -59.885117 105.358459 192.875092
v -63.717690 139.203842 157.694580
v -68.328262 123.016006 169.180588
v -70.108162 134.318848 157.693787
v -0.000031 124.175858 -203.019440
v -0.000031 116.085716 -215.490753
v -22.955582 112.435272 -207.453140
v -31.039856 107.974907 -202.849533
v -35.029968 106.407272 -200.865952
v 0.238022 107.320312 196.878662
v 0.000031 86.489395 206.367065
v -68.474457 102.103706 192.189850
v -83.709030 23.247555 116.980133
v -80.090324 104.742203 117.383369
v -77.655846 110.211838 116.809761
v -79.114708 109.074333 56.482704
v -65.655853 105.740120 186.687408
v -87.543579 28.810139 -34.224865
v -99.448967 21.799234 86.472160
v -85.211647 33.391609 -31.555988
v -96.871429 26.019003 86.854660
v -76.063126 34.802711 -28.850925
v -88.081696 27.641590 86.983307
v -56.887131 68.529617 -122.670013
v -60.619400 55.043354 -103.893921
v -91.275757 68.529617 -121.402008
v -91.882271 55.043354 -103.893913
v -74.678009 98.029846 -133.294724
v -78.311752 87.388275 -79.059692
v -54.885284 92.418266 -134.715347
v -65.066002 83.537155 -79.053078
v -43.198044 71.648209 -194.305634
v -44.585861 27.794186 -195.164932
v -66.707047 72.160347 -202.148895
v -66.367935 27.795753 -202.150375
v -83.317703 27.799204 -194.084915
v -89.015121 27.801161 -179.508987
v -83.660339 66.761597 -193.418701
v -89.720779 54.914207 -168.762161
v -83.127571 55.652348 -28.311199
v -88.368134 53.122253 -33.567745
v -82.886299 28.042767 -28.375278
v -88.372452 28.056026 -33.975391
v -46.678543 27.802902 -179.368134
v -51.800003 54.551567 -169.283447
v -89.015121 27.801161 -179.508987
v -89.720779 54.914207 -168.762161
v -68.576370 92.554428 -187.931717
v -46.209213 87.034622 -182.655350
v -88.712082 78.144073 -81.280655
v -82.562119 69.237015 -34.855034
v -88.795654 64.136360 -40.760178
v -84.803864 84.252533 -181.906403
v -83.317703 27.799204 -194.084915
v -66.367935 27.795753 -202.150375
v -53.696335 68.830704 -150.622513
v -90.934097 68.830704 -149.097397
v -76.083801 55.673523 -26.900112
v -76.201324 28.056026 -26.747662
v -91.952873 27.983742 -95.684090
v -62.552437 27.983744 -95.514915
v -74.468185 67.874649 -33.549038
v -82.886299 28.042767 -28.375278
v -88.372452 28.056026 -33.975391
v -84.359337 52.431667 200.669739
v -63.725021 53.716461 199.730057
v -87.278702 77.429665 169.578964
v -68.484985 76.701271 172.147964
v -90.594025 85.525909 130.428070
v -78.765968 85.286324 131.309113
v -83.181847 73.518761 100.160255
v -92.517441 72.172485 102.171829
v -93.344154 50.833767 87.404518
v -99.761017 67.821922 103.147827
v -99.253387 48.610611 90.923859
v -61.295395 8.577896 217.386230
v -82.748734 12.289791 218.253052
v -104.818336 12.250065 178.391754
v -100.047157 10.246855 206.565613
v -100.958702 71.955086 160.186798
v -104.805122 56.640137 152.057648
v -100.268112 45.156479 186.137405
v -104.893227 35.656624 172.397980
v -72.062134 38.659000 172.444382
v -70.934471 12.300224 178.510284
v -104.893227 35.656624 172.397980
v -86.010002 21.062895 81.133675
v -93.453857 21.041225 82.012421
v -85.725418 51.162529 86.082047
v -82.871597 45.458805 102.754028
v -102.619667 45.332367 102.761467
v -83.971672 20.102497 92.018806
v -101.886993 20.131590 91.682053
v -103.905258 58.979946 126.041901
v -80.790062 59.091286 125.288155
v -77.140144 56.685188 152.061584
v -104.805122 56.640137 152.057648
v -93.453857 21.041225 82.012421
v -86.010002 21.062895 81.133675
v -61.295395 8.577896 217.386230
v -82.748734 12.289791 218.253052
v -100.963837 84.931519 128.826569
v -99.041611 20.576174 84.696579
v -100.047157 10.246855 206.565613
v -104.818336 12.250065 178.391754
v -103.905258 58.979946 126.041901
v -102.619667 45.332367 102.761467
v -101.886993 20.131590 91.682053
v 39.617996 90.387390 -205.690613
v 36.685822 106.580307 -204.173584
v 57.265877 118.752708 -130.279388
v 38.497528 113.341797 -190.937164
v 56.605011 24.694162 222.587830
v 57.720886 70.993301 212.032898
v -0.459641 13.990043 224.806625
v 31.942551 70.757683 213.129089
v 76.741524 33.240063 -58.416847
v 64.831764 33.240063 -130.101166
v 90.359009 24.694164 56.311138
v 84.848885 28.152132 9.888123
v 65.687637 24.694162 217.602875
v 83.709053 24.694172 118.868797
v 56.605011 24.694162 222.587830
v 70.678513 118.551331 -59.588943
v 64.831764 33.240063 -130.101166
v 76.741524 33.240063 -58.416847
v 35.694580 33.240067 -217.661346
v -0.000031 33.318180 -226.127914
v 46.675919 33.240059 -190.561920
v 40.525192 33.240059 -211.044418
v 32.413452 114.796570 -193.437393
v 51.927803 122.815948 -130.987488
v 66.398117 69.863007 208.147934
v 65.687637 24.694162 217.602875
v 63.533031 123.486153 -60.136135
v 56.433319 158.295868 -36.206573
v 67.132454 123.774910 -53.948761
v 61.699631 153.396561 -34.272270
v 59.885178 105.358459 192.875046
v 65.655914 105.740120 186.687393
v 63.590668 139.203827 157.694565
v 69.981125 134.318848 158.029297
v 34.394104 110.616257 -209.869492
v 68.474503 102.103706 192.189804
v 83.850632 107.380692 56.208088
v 83.709053 24.694172 118.868797
v 80.090347 104.742203 117.383362
v 80.676300 112.577583 59.619106
v 77.503777 110.128998 117.173714
v 87.543571 28.810139 -34.224884
v 85.211632 33.391605 -31.556007
v 99.448990 20.592419 88.603149
v 96.871445 24.829468 88.616409
v 76.063103 34.802708 -28.850945
v 88.081726 26.457092 88.603149
v 56.887100 68.529617 -122.670029
v 91.255020 68.529617 -121.402023
v 60.619370 55.043354 -103.893936
v 91.861542 55.043354 -103.893951
v 68.553452 83.537155 -79.053101
v 78.291031 87.388275 -79.059708
v 62.994656 91.138962 -101.656464
v 77.025810 91.093513 -97.943581
v 43.177292 71.648209 -194.305649
v 66.686295 72.160347 -202.148911
v 44.585800 27.794184 -195.164948
v 66.367889 27.795752 -202.150421
v 83.317650 27.799202 -194.084930
v 87.352524 66.761597 -193.418716
v 98.875626 27.801159 -179.509018
v 93.966202 54.804848 -168.223404
v 83.106865 59.998501 -27.257011
v 82.865601 28.042767 -28.375298
v 88.347427 53.122250 -33.567772
v 88.351753 28.056026 -33.975418
v 46.678497 27.802900 -179.368149
v 98.875626 27.801159 -179.509018
v 51.799957 54.551567 -169.283463
v 93.966202 54.804848 -168.223404
v 46.188461 87.034622 -182.655365
v 54.864555 95.365631 -134.715363
v 68.555641 92.554428 -187.931763
v 73.588943 100.018532 -142.861084
v 82.541420 72.850594 -34.855057
v 88.691368 78.144073 -81.280678
v 88.774948 64.136360 -40.760208
v 88.496071 84.252533 -181.906433
v 83.317650 27.799202 -194.084930
v 66.367889 27.795752 -202.150421
v 53.696289 68.830704 -150.622528
v 94.626305 68.830704 -149.097412
v 88.525780 82.058784 -98.222450
v 77.888580 60.019672 -25.845932
v 79.688782 28.056026 -26.747681
v 91.932144 27.983742 -95.684113
v 66.060562 27.983742 -95.514938
v 86.975624 88.390961 -148.176758
v 76.974518 71.488228 -33.549065
v 82.865601 28.042767 -28.375298
v 88.351753 28.056026 -33.975418
v 84.359375 61.061260 199.696381
v 87.278748 83.254387 166.545181
v 67.179367 61.081848 199.024536
v 71.247971 81.979248 168.552444
v 90.594055 87.907600 126.837646
v 78.766006 87.745712 127.736221
v 83.181877 73.308128 97.731483
v 92.517464 74.323929 99.661858
v 93.344177 49.597725 87.001419
v 99.253418 47.610512 89.795319
v 99.761032 67.893356 101.204224
v 70.934525 22.100977 180.860855
v 107.361389 23.291525 180.747131
v 61.295441 22.560900 219.845032
v 82.748779 22.604626 220.711365
v 100.268158 55.496948 185.595337
v 104.893280 49.197735 175.541382
v 100.958740 76.982063 157.665894
v 104.805161 64.931267 151.123428
v 104.893280 49.197735 175.541382
v 72.062180 44.880997 172.778793
v 86.010025 19.393597 83.349152
v 85.725433 49.809978 85.655334
v 93.453873 19.448599 84.226425
v 82.871613 45.581017 102.760986
v 83.971695 19.385553 94.276566
v 102.619705 45.455704 102.779404
v 101.887009 19.385189 93.938553
v 80.790100 61.125595 124.021210
v 103.905289 58.385887 125.874008
v 77.140182 61.062115 150.902466
v 104.805161 64.931267 151.123428
v 86.010025 19.393597 83.349152
v 93.453873 19.448599 84.226425
v 99.041626 19.219259 86.940918
v 61.295441 22.560900 219.845032
v 82.748779 22.604626 220.711365
v 100.963882 82.607162 125.693741
v 99.041626 19.219259 86.940918
v 103.079987 18.038069 208.988373
v 107.361389 23.291525 180.747131
v 103.905289 58.385887 125.874008
v 102.619705 45.455704 102.779404
v 101.887009 19.385189 93.938553
v 70.007446 163.323914 59.398830
v 72.494850 151.608261 59.385628
v 69.511917 163.896164 53.238781
v 35.694580 33.240067 -217.661346
v 35.081390 69.723877 -211.129852
v 40.525192 33.240059 -211.044418
v 40.200485 53.694668 -206.270599
v -85.842407 86.069504 -167.097427
v -90.934097 68.830704 -149.097397
v -89.957001 76.473198 -143.499863
v -91.275757 68.529617 -121.402008
v -88.349785 76.299026 -126.357368
v -91.882271 55.043354 -103.893913
v 90.007751 53.743622 17.713799
v -32.119781 125.518288 -60.161430
v -18.695984 127.132004 -130.952972
v -0.000015 129.954681 -130.932495
v -0.000031 93.322807 -220.053040
v 18.648239 73.236916 -213.377792
v -0.000031 77.223503 -218.165634
v -0.000031 33.318180 -226.127914
v -12.899658 80.196999 -220.663284
v 30.203705 122.884293 56.324844
v 48.582096 121.988449 56.274166
v 30.203712 73.966202 47.206375
v 56.012100 114.558456 49.558426
v 30.203705 123.955399 71.715546
v 48.582100 121.988449 68.863953
v 56.012100 114.558456 62.148216
v 4.395325 114.558456 68.863953
v 4.395325 37.395004 62.148216
v 56.012100 37.395004 62.148216
v 30.203711 73.966202 -0.142826
v 4.395322 71.870407 3.480068
v 4.395321 71.870407 49.558426
v 30.203711 33.740547 -7.478514
v 4.395322 33.740547 -3.855618
v 4.395325 37.395004 62.148216
v 4.395321 114.558456 56.274162
v 56.012100 37.395004 62.148216
v 56.012100 71.870407 49.558426
v 56.012100 33.740547 -3.855618
v 56.012096 71.870407 3.480068
v -32.407997 118.782433 62.876411
v -14.832478 118.011414 58.175610
v -32.408001 73.966202 47.206379
v -7.402477 114.558456 56.562180
v -14.832481 116.930450 75.016762
v -32.408001 119.946289 77.868362
v -59.447735 107.977173 77.841278
v -49.951176 115.418190 79.284424
v -7.402481 37.395004 62.148216
v -57.413517 37.395000 75.016769
v -57.413517 71.870407 62.426975
v -57.413517 71.870407 3.480068
v -32.408001 73.966202 -0.142826
v -32.407997 33.740547 -7.478512
v -57.413521 33.740547 -3.855618
v -54.789421 109.287102 63.760864
v -57.413517 37.395000 75.016769
v -7.402477 71.870407 49.558426
v -7.402481 114.558456 69.151970
v -7.402479 33.740547 -3.855618
v -7.402479 71.870407 3.480068
v -49.983513 115.818192 65.204018
v 11.825325 120.755074 68.863953
v 11.825325 120.755074 56.274162
v -30.386118 113.509911 -23.650358
v -34.945210 113.509911 -23.650360
v -30.386118 108.322380 -21.762255
v -34.945210 108.322380 -21.762253
v -34.945210 108.322380 -21.762253
v -34.945210 113.509911 -23.650360
v -34.099182 97.546669 -54.363487
v -34.099182 100.808907 -55.550850
v -34.945210 113.509911 -23.650360
v -30.386118 113.509911 -23.650358
v -34.099182 100.808907 -55.550850
v -31.232140 100.808907 -55.550850
v -30.386118 113.509911 -23.650358
v -30.386118 108.322380 -21.762255
v -31.232140 100.808907 -55.550850
v -31.232140 97.546669 -54.363487
v -30.386118 108.322380 -21.762255
v -34.945210 108.322380 -21.762253
v -31.232140 97.546669 -54.363487
v -34.099182 97.546669 -54.363487
v -34.281258 124.708397 -32.646523
v -34.075054 110.806236 -24.656231
v -32.785698 125.218391 -31.133272
v -32.856049 111.441132 -23.300007
v -30.998772 124.745850 -32.431538
v -32.785698 125.218391 -31.133272
v -31.069126 110.968597 -24.598274
v -32.856049 111.441132 -23.300007
v -34.281258 124.708397 -32.646523
v -30.998772 124.745850 -32.431538
v -34.075054 110.806236 -24.656231
v -31.069126 110.968597 -24.598274
v -45.792469 101.918556 -20.950695
v -43.653126 101.142487 -19.405346
v -34.392590 110.523773 -24.312141
v -34.069191 109.919342 -22.591440
v -44.123573 99.335220 -20.450155
v -32.863586 107.653069 -23.636248
v -43.653126 101.142487 -19.405346
v -34.069191 109.919342 -22.591440
v -34.392590 110.523773 -24.312141
v -32.863586 107.653069 -23.636248
v -45.792469 101.918556 -20.950695
v -44.123573 99.335220 -20.450155
v -20.323376 99.958672 -20.965584
v -19.819981 101.991943 -19.774891
v -32.660049 107.801292 -23.915625
v -31.734917 109.944458 -22.634804
v -31.734917 109.944458 -22.634804
v -19.819981 101.991943 -19.774891
v -30.699556 110.452232 -24.204107
v -18.784613 102.499718 -21.344194
v -32.660049 107.801292 -23.915625
v -30.699556 110.452232 -24.204107
v -20.323376 99.958672 -20.965584
v -18.784613 102.499718 -21.344194
v -86.529396 35.796799 53.301628
v 85.943527 35.796799 58.153839
v 5.691715 39.297318 -67.155884
v 74.478729 39.297318 -67.155884
v -65.881470 32.296280 205.569519
v -80.327530 34.046539 118.229401
v -65.655853 105.740120 186.687408
v -77.438614 110.081688 116.984222
v -65.881470 32.296280 205.569519
v 81.542046 34.046539 119.032204
v 67.253494 32.296280 205.569519
v -80.327530 34.046539 118.229401
v -66.832275 39.297318 -67.155884
v -67.132446 123.774918 -53.948742
v -86.529396 35.796799 53.301628
v -79.114716 109.074333 56.482697
v 81.542046 34.046539 119.032204
v 77.503777 110.128998 117.173714
v 85.943527 35.796799 58.153839
v 80.676300 112.577583 59.619106
v 67.253494 32.296280 205.569519
v 65.655914 105.740120 186.687393
v 74.478729 39.297318 -67.155884
v 63.533031 123.486153 -60.136135
v 5.691715 39.297318 -67.155884
v 79.098839 48.563351 -110.961250
v 98.227638 34.031708 -167.574158
v 80.191284 61.030170 -126.552948
v 85.131943 62.347305 -145.881531
v 88.345467 7.176550 -110.995171
v 82.266243 29.727901 -105.065651
v 77.581436 15.571710 -171.920929
v 78.291565 28.661747 -178.872711
v 97.572945 17.251204 -167.061127
v 95.574425 33.292679 -174.078430
v 73.979767 2.803349 -156.563507
v 103.285629 2.749757 -148.653381
v 68.509438 0.243428 -133.935486
v 97.661629 0.177706 -128.908752
v 67.152184 7.770932 -115.437889
v 83.894417 8.186957 -107.946434
v 76.681870 28.230440 -100.855347
v 59.312576 23.576349 -108.520737
v 55.345856 45.573433 -112.667419
v 72.726212 50.230492 -107.846069
v 88.055130 54.337849 -167.072433
v 70.674774 49.680798 -171.893784
v 72.574074 27.565653 -174.530853
v 73.265053 18.241558 -169.059509
v 59.452347 55.455791 -153.003876
v 62.697449 11.467714 -120.662781
v 56.542912 23.197798 -115.143250
v 53.390396 41.666916 -118.101776
v 101.417442 15.466671 -161.663437
v 105.376862 7.858092 -145.853088
v 100.699837 5.667393 -126.342583
v 73.900146 64.796883 -126.148041
v 79.755272 66.365753 -148.770477
v 92.025749 52.019230 -161.546997
v 70.322166 7.302098 -153.019714
v 65.598640 5.097045 -136.333618
v 66.429497 45.159401 -168.647125
v 99.289169 49.818569 166.312668
v 105.509491 32.445415 107.826508
v 92.552704 59.439255 150.147491
v 92.552704 59.439247 130.166229
v 114.071823 12.149261 166.725494
v 104.103699 34.251972 172.487213
v 105.161530 31.733419 102.261703
v 110.465385 11.948441 109.499031
v 90.344116 21.619486 102.261703
v 93.041832 8.459712 109.499031
v 98.942551 0.243742 128.446609
v 121.421432 -0.048023 128.446609
v 100.823792 0.134905 151.867111
v 121.421432 -0.048023 151.867111
v 115.482132 11.850677 170.572250
v 96.227081 8.537012 169.337555
v 106.592178 31.733427 178.052017
v 91.385788 21.085798 178.052017
v 93.816208 49.979397 170.814682
v 78.556870 39.294693 170.814697
v 87.390930 19.284338 108.036987
v 86.806488 10.625342 113.335983
v 76.506516 33.885986 166.328064
v 90.026733 10.671358 165.371490
v 69.608109 43.428291 150.160355
v 69.641953 43.445545 130.156586
v 113.593063 12.149258 116.672577
v 123.368942 5.391585 130.166229
v 123.368958 5.391585 150.147491
v 85.920227 61.256020 151.867111
v 85.920212 67.928284 128.446609
v 93.816200 49.979385 109.499031
v 99.289169 49.818562 114.001053
v 92.019653 3.763932 130.153366
v 93.901382 0.666265 150.188965
v 87.207779 19.347523 172.173141
v -86.678719 35.179539 21.840797
v -95.472214 21.130117 -36.628811
v -79.028931 44.136410 5.658783
v -79.173874 45.222260 -14.353912
v -99.172974 20.814474 27.985565
v -100.697861 4.818542 22.358261
v -111.820190 30.768501 -42.250977
v -98.946686 23.405525 -42.250973
v -120.269913 11.498548 -35.013641
v -104.920044 4.683403 -35.013641
v -105.093590 -0.064858 -16.066063
v -127.690208 0.099065 -16.066063
v -127.690201 0.099065 7.354431
v -104.089523 0.018862 7.354439
v -106.676727 5.817239 26.302017
v -121.026794 10.450450 26.302025
v -112.070557 30.404167 33.539352
v -102.812103 23.738224 33.539352
v -88.494362 40.801140 26.302017
v -99.414246 49.569233 26.302017
v -90.565735 60.114967 7.354431
v -79.645363 51.346478 7.354431
v -90.565750 60.114964 -16.066063
v -79.645363 51.346474 -16.066067
v -99.414261 49.569221 -35.013649
v -88.517471 40.819675 -35.013645
v -100.737282 6.273846 -30.880791
v -99.587700 0.488111 -15.084389
v -99.531136 0.454755 7.010002
v -87.073738 35.376957 -30.606705
v -121.888771 12.818430 -30.667030
v -112.468826 33.330589 -36.631813
v -128.788025 8.004931 -14.351021
v -128.788010 8.004927 5.639389
v -121.888763 12.818438 21.955414
v -112.468811 33.330597 27.920189
v -104.770897 49.677307 21.804581
v -97.111206 58.597294 5.639389
v -97.111214 58.597290 -14.351021
v -104.770935 49.677299 -30.516212
v -57.763687 79.931633 -191.859528
v -51.271072 72.100647 -195.882187
v -59.306931 81.947060 -198.084274
v -54.862534 74.950890 -203.028458
v -63.533051 75.903374 -204.339355
v -64.031906 82.160118 -201.082092
v -72.203552 74.950890 -203.028442
v -69.664017 81.947060 -199.515808
v -75.795013 70.537605 -195.437347
v -72.203552 78.745743 -193.613098
v -54.862518 64.269669 -199.627213
v -57.402069 66.285088 -203.408539
v -63.533051 67.119911 -204.974823
v -69.664032 66.285088 -203.408539
v -72.203552 64.269669 -199.627197
v 72.123230 74.950890 -203.028442
v 69.583694 81.947060 -199.515808
v 75.714668 72.100647 -197.680847
v 72.123222 79.931633 -195.734467
v 63.452713 76.131500 -205.243500
v 63.452713 82.781883 -201.082092
v 54.782181 74.950890 -203.028458
v 57.321732 81.947060 -199.515808
v 51.190750 72.100647 -197.680847
v 54.782196 79.931633 -195.734467
v 69.583694 66.285088 -203.408539
v 72.123222 64.269669 -199.627197
v 63.452713 67.119911 -204.974823
v 57.321732 66.285088 -203.408539
v 54.782196 64.269669 -199.627197
v -83.614075 14.502175 -202.672852
v -42.249496 28.411818 -219.428955
v -81.079636 14.949066 -198.740341
v -40.962738 28.411818 -215.062317
v -42.249496 39.200500 -219.428955
v -85.487518 25.126955 -202.672852
v -40.962738 39.200500 -215.062317
v -82.953049 25.573845 -198.740341
v -83.614075 14.502175 -202.672852
v -81.079636 14.949066 -198.740341
v -40.962738 39.200500 -215.062317
v -40.962738 28.411818 -215.062317
v -42.249496 39.200500 -219.428955
v -42.249496 28.411818 -219.428955
v -85.487518 25.126955 -202.672852
v -83.614075 14.502175 -202.672852
v 42.392166 33.936131 -225.403641
v 84.713013 33.936131 -203.265991
v 41.105408 33.936131 -221.036987
v 82.139481 33.936131 -199.333450
v 42.392166 44.724815 -225.403641
v 41.105408 44.724815 -221.036987
v 84.713013 44.724815 -203.265991
v 82.139481 44.724815 -199.333450
v 82.139481 44.724815 -199.333450
v 82.139481 33.936131 -199.333450
v 84.713013 44.724815 -203.265991
v 84.713013 33.936131 -203.265991
v 41.105408 44.724815 -221.036987
v 41.105408 33.936131 -221.036987
v 42.392166 33.936131 -225.403641
v 0.071335 36.395824 -231.805466
v 42.392166 44.724815 -225.403641
v 0.071335 47.184505 -231.805466
v 0.071335 36.395824 -231.805466
v 0.071335 36.395824 -227.004730
v 0.071335 47.184505 -231.805466
v 0.071335 47.184505 -227.004730
v 0.071335 36.395824 -227.004730
v 0.071335 47.184505 -227.004730
v 84.713013 44.724815 -203.265991
v 84.713013 33.936131 -203.265991
v 55.456604 49.382847 -222.229095
v 54.063934 49.382847 -219.242493
v 55.456604 28.935326 -222.229095
v 54.063934 28.935326 -219.242493
v 54.063934 28.935326 -219.242493
v 54.063934 49.382847 -219.242493
v 50.375931 28.935326 -221.066391
v 50.375931 49.382847 -221.066391
v 50.375931 28.935326 -221.066391
v 50.375931 49.382847 -221.066391
v 51.768600 28.935326 -224.052963
v 51.768600 49.382847 -224.052963
v 51.768600 28.935326 -224.052963
v 51.768600 49.382847 -224.052963
v 55.456604 28.935326 -222.229095
v 55.456604 49.382847 -222.229095
v 51.768600 28.935326 -224.052963
v 55.456604 28.935326 -222.229095
v 50.375931 28.935326 -221.066391
v 54.063934 28.935326 -219.242493
v 54.063934 49.382847 -219.242493
v 55.456604 49.382847 -222.229095
v 50.375931 49.382847 -221.066391
v 51.768600 49.382847 -224.052963
v -55.313919 20.350847 -216.254410
v -53.921265 20.350847 -213.267822
v -60.050186 38.204014 -216.254425
v -58.657532 38.204014 -213.267822
v -53.921265 20.350847 -213.267822
v -50.233292 20.350847 -215.091690
v -58.657532 38.204014 -213.267822
v -54.969528 38.204014 -215.091705
v -51.625946 20.350847 -218.078278
v -56.362213 38.204014 -218.078278
v -50.233292 20.350847 -215.091690
v -60.050186 38.204014 -216.254425
v -51.625946 20.350847 -218.078278
v -56.362213 38.204014 -218.078278
v -50.233292 20.350847 -215.091690
v -60.050186 38.204014 -216.254425
v -77.172791 22.458138 217.737488
v -74.321136 22.458138 213.804962
v -41.114670 34.180229 220.969131
v -39.871750 34.513268 216.602493
v -43.906998 44.601295 220.969101
v -42.664078 44.934338 216.602509
v -77.172791 33.246822 217.737488
v -74.321136 33.246822 213.804962
v -74.321136 22.458138 213.804962
v -77.172791 22.458138 217.737488
v -39.871750 34.513268 216.602493
v -43.906998 44.601295 220.969101
v -77.172791 33.246822 217.737488
v 83.472580 22.138023 220.263123
v 42.392151 30.439337 229.615021
v 80.718079 22.876085 216.330566
v 41.105392 30.439337 225.248398
v 86.264877 32.559090 220.263107
v 83.510406 33.297153 216.330566
v 42.392151 41.228020 229.615021
v 41.105392 41.228020 225.248398
v 83.510406 33.297153 216.330566
v 86.264877 32.559090 220.263107
v 80.718079 22.876085 216.330566
v 83.472580 22.138023 220.263123
v 41.105392 41.228020 225.248398
v 41.105392 30.439337 225.248398
v 42.392151 41.228020 229.615021
v 42.392151 30.439337 229.615021
v 86.264877 32.559090 220.263107
v 83.472580 22.138023 220.263123
v 55.456573 45.886051 228.758331
v 55.456573 25.438532 228.758331
v 54.063919 45.886051 225.771744
v 54.063919 25.438532 225.771744
v 54.063919 25.438532 225.771744
v 50.375916 25.438532 227.595612
v 54.063919 45.886051 225.771744
v 50.375916 45.886051 227.595612
v 50.375916 25.438532 227.595612
v 51.768585 25.438532 230.582184
v 50.375916 45.886051 227.595612
v 51.768585 45.886051 230.582184
v 51.768585 25.438532 230.582184
v 55.456573 25.438532 228.758331
v 51.768585 45.886051 230.582184
v 55.456573 45.886051 228.758331
v 54.063919 25.438532 225.771744
v 55.456573 25.438532 228.758331
v 50.375916 25.438532 227.595612
v 51.768585 25.438532 230.582184
v 54.063919 45.886051 225.771744
v 50.375916 45.886051 227.595612
v 55.456573 45.886051 228.758331
v 51.768585 45.886051 230.582184
v -57.731842 45.719288 220.112427
v -56.386627 46.079739 217.125824
v -52.439636 25.968502 220.112427
v -51.094421 26.328951 217.125824
v -51.094421 26.328951 217.125824
v -56.386627 46.079739 217.125824
v -47.532089 27.283472 218.949722
v -52.824295 47.034260 218.949692
v -47.532089 27.283472 218.949722
v -52.824295 47.034260 218.949692
v -48.877304 26.923025 221.936279
v -54.169510 46.673813 221.936295
v -48.877304 26.923025 221.936279
v -54.169510 46.673813 221.936295
v -52.439636 25.968502 220.112427
v -57.731842 45.719288 220.112427
v -48.877304 26.923025 221.936279
v -52.439636 25.968502 220.112427
v -47.532089 27.283472 218.949722
v -51.094421 26.328951 217.125824
v -56.386627 46.079739 217.125824
v -57.731842 45.719288 220.112427
v -52.824295 47.034260 218.949692
v -54.169510 46.673813 221.936295
v -72.584724 113.265160 145.797791
v -74.272148 117.784187 132.914551
v -70.864906 121.136322 150.890137
v 65.534813 139.439651 -31.111099
v 66.897980 132.021317 -35.881004
v 72.494850 151.608261 59.385628
v 74.554970 139.307693 67.710777
v 80.676331 112.577591 59.417572
v 77.319389 124.605812 72.558998
v 77.454445 118.898941 96.324333
v 78.932945 117.743210 69.773933
v 6.381826 162.491592 -36.445663
v 5.039719 127.332314 -60.159912
v -1.925728 162.167953 -36.486267
v -9.100182 147.974777 -46.403290
v 56.590408 131.779388 -54.846161
v 53.962879 141.751923 -48.038258
v 0.341797 127.719810 -60.172112
v -7.529881 135.280014 -54.789772
v -69.577721 126.251320 -23.128532
v -68.464386 126.182610 -33.802456
v -67.654236 133.773499 -37.215557
v -56.878899 139.465561 158.215637
v -48.638260 125.742104 173.077423
v -26.356705 114.765083 186.371979
v -30.114929 123.395851 177.194717
v 0.301559 111.850929 191.935913
v 51.656433 125.560020 172.962891
v 48.953812 139.764069 158.383850
v 42.763412 110.362389 189.329315
v 81.696594 82.362999 -131.059402
v 74.014244 95.741119 -133.294739
v 55.349335 164.818863 -25.554459
v 63.866978 169.752533 56.363941
v 60.507645 159.090668 -23.663170
v 69.511917 163.896179 53.238781
v -0.092026 154.919922 115.593651
v -0.092026 141.733246 160.364182
v 53.288712 148.778152 116.148697
v 59.753090 143.474228 115.767433
v 26.625080 166.296310 56.159199
v -0.092047 165.942444 -25.561714
v -22.078951 93.200623 -17.627245
v -11.842903 109.860771 -23.691044
v -24.090729 97.048088 -17.244408
v -15.866455 110.433884 -22.116440
v -24.090731 95.901871 -20.393618
v -24.090729 97.048088 -17.244408
v -15.866455 109.287659 -25.265648
v -15.866455 110.433884 -22.116440
v -22.078951 93.200623 -17.627245
v -24.090731 95.901871 -20.393618
v -11.842903 109.860771 -23.691044
v -15.866455 109.287659 -25.265648
v -42.551048 93.200623 -17.627245
v -40.539276 97.048088 -17.244408
v -40.539276 95.901871 -20.393618
v -40.539276 97.048088 -17.244408
v -42.551048 93.200623 -17.627245
v -40.539276 95.901871 -20.393618
v -52.787106 109.860771 -23.691044
v -48.763557 110.433884 -22.116438
v -48.763557 109.287659 -25.265648
v -48.763557 110.433884 -22.116438
v -52.787106 109.860771 -23.691044
v -48.763557 109.287659 -25.265648
v -42.551056 126.520920 -32.601974
v -40.539276 123.819672 -29.835600
v -40.539280 122.673447 -32.984814
v -40.539276 123.819672 -29.835600
v -42.551056 126.520920 -32.601974
v -40.539280 122.673447 -32.984814
v -22.078951 126.520912 -29.754843
v -24.090729 123.819672 -26.988468
v -24.090729 123.819672 -26.988468
v -24.090729 122.673447 -30.137680
v -22.078951 126.520912 -29.754843
v -24.090729 122.673447 -30.137680
v -30.697529 134.415054 -54.289196
v -20.025135 138.918533 -51.773266
v 47.842766 124.313797 -60.082329
v -71.435822 118.499069 -14.960918
v 70.811958 120.808167 -24.371452
v 80.467712 113.022820 53.346241
v -63.533039 123.486153 -60.236889
v 0.341797 127.719818 -60.172112
v 59.885178 105.358459 192.875031
v -59.885117 105.358459 192.875092
v 67.132454 123.774910 -53.948761
v 20.710983 71.870407 163.812195
v -20.289780 71.870407 163.812195
v 18.244995 116.566879 163.812195
v -17.823776 116.566879 163.812195
v 18.244995 116.566879 176.401978
v 18.244995 116.566879 163.812195
v -17.823776 116.566879 176.401993
v -17.823776 116.566879 163.812195
v 20.710999 37.395004 176.401978
v 18.244995 116.566879 176.401978
v -20.289764 37.395004 176.401993
v -17.823776 116.566879 176.401993
v 24.031372 71.870407 117.733841
v -18.629585 71.870407 117.733833
v 20.710983 71.870407 163.812195
v -20.289780 71.870407 163.812195
v -18.629585 33.740547 110.398155
v 24.031372 33.740547 110.398148
v -61.290535 37.395004 171.704391
v -61.290535 71.870407 159.114594
v -61.290531 33.740547 105.700546
v -61.290531 71.870407 113.036240
v -61.290535 109.168877 171.704391
v -61.290535 109.168877 159.114594
v 61.711746 37.395004 171.704391
v 61.711746 71.870407 159.114594
v 61.711746 109.168877 171.704391
v 61.711746 109.168877 159.114594
v 66.692337 33.740547 105.700562
v 66.692329 71.870407 113.036247
v -53.892532 116.566879 171.704391
v -53.892532 116.566879 159.114594
v 54.313751 116.566879 159.114594
v 54.313751 116.566879 171.704391
v -61.290535 71.870407 159.114594
v -53.892532 116.566879 159.114594
v -61.290535 109.168877 159.114594
v 54.313751 116.566879 159.114594
v 61.711746 109.168877 159.114594
v 61.711746 71.870407 159.114594
v -53.892532 116.566879 171.704391
v 66.692329 71.870407 113.036247
v 61.711746 71.870407 159.114594
v -61.290531 71.870407 113.036240
v -61.290535 71.870407 159.114594
v 66.692337 33.740547 105.700562
v -61.290531 33.740547 105.700546
v -59.349030 41.224823 -109.229553
v -66.114395 23.193708 -169.675598
v -55.091248 52.628990 -125.972076
v -55.091263 52.628986 -146.673477
v -66.114372 23.193716 -102.969963
v -66.743462 10.692430 -108.884102
v -88.722580 30.966705 -174.217941
v -69.562393 23.992968 -174.217941
v -93.117188 8.991476 -166.980621
v -71.088272 9.743504 -166.980606
v -67.810974 -1.146653 -148.033035
v -101.451401 -1.429515 -148.033020
v -70.546158 -0.682057 -124.612534
v -101.451401 -1.429512 -124.612534
v -71.088257 9.743511 -105.664948
v -93.117172 8.991484 -105.664948
v -88.722557 30.966713 -98.427620
v -69.562386 23.992977 -98.427620
v -81.104340 51.897629 -105.664963
v -61.887192 44.903164 -105.664948
v -81.104355 51.897617 -166.980621
v -61.887207 44.903152 -166.980621
v -85.260895 50.651932 -109.232803
v -91.992554 32.156879 -169.807831
v -95.821930 8.635190 -109.232803
v -95.821960 8.635185 -163.412750
v -81.100494 62.082500 -125.975327
v -81.100510 62.082497 -146.670227
v -66.743469 10.692423 -163.761459
v -63.087463 2.689312 -146.673477
v -63.087463 2.689312 -125.972076
v -59.349045 41.224812 -163.416016
v -102.342117 4.280009 -146.670227
v -102.342102 4.280009 -125.975327
v -91.992538 32.156883 -102.837723
v -76.396011 64.833649 -124.612534
v -76.396011 64.833641 -148.033035
v -85.260895 50.651924 -163.412750
v 81.158653 38.191273 108.612633
v 76.591751 33.938068 113.993301
v -77.587791 118.431679 56.854057
v -74.187187 125.904160 55.699394
v -68.826477 124.365440 21.418358
v -61.843376 130.509003 22.268063
v -69.147011 136.085785 115.484138
v -75.611420 130.781860 114.767365
v -70.993942 121.996399 92.703445
v -67.418243 129.426773 87.429901
v -61.791714 139.199066 -38.423847
v -57.572750 145.259033 -26.219013
v -67.100388 136.618790 -36.691063
v -62.731075 139.530853 -24.764011
v -30.491100 127.221222 55.685238
v -99.531136 0.454755 7.010002
v -63.533043 123.147728 -60.236893
v -61.455818 136.888901 -46.003716
v -67.132446 123.436501 -53.948742
v -65.909851 134.583633 -41.993244
v -59.885117 105.020042 192.875092
v -68.328262 122.677589 169.180588
v -63.717690 138.865417 157.694580
v -70.108162 133.980423 157.693787
v 63.533031 123.147728 -60.136135
v 67.132454 123.436493 -53.948761
v 56.433319 157.957458 -36.206573
v 61.699631 153.058151 -34.272270
v 59.885178 105.020050 192.875046
v 63.590668 138.865402 157.694565
v 65.655914 105.401711 186.687393
v 69.981125 133.980423 158.029297
v 69.511917 163.557739 53.238781
v 72.494850 151.269852 59.385628
v 70.007446 162.985489 59.398830
v -70.864906 120.797897 150.890137
v -70.050377 125.995323 155.358124
v -65.655853 105.401703 186.687408
v -68.328262 122.677589 169.180588
v -77.655846 109.873421 116.809761
v -72.584724 112.926750 145.797791
v -74.272148 117.445778 132.914551
v 65.534813 139.101242 -31.111099
v 66.897980 131.682892 -35.881004
v 70.811958 120.469749 -24.371460
v 80.676331 112.239166 59.417572
v 77.503777 109.790581 117.173714
v 78.932945 117.404793 69.773933
v 77.454445 118.560516 96.324333
v 72.494850 151.269852 59.385628
v 77.319389 124.267403 72.558998
v -1.925728 161.829529 -36.486267
v -9.100182 147.636353 -46.403290
v 6.381826 162.153183 -36.445663
v 5.039719 126.993881 -60.159912
v 53.962879 141.413498 -48.038258
v 56.590408 131.440964 -54.846161
v 47.842766 123.975380 -60.082329
v 0.341797 127.381393 -60.172112
v -7.529881 134.941589 -54.789780
v -67.132446 123.436501 -53.948742
v -68.464386 125.844193 -33.802456
v -71.435822 118.160652 -14.960918
v -69.577721 125.912903 -23.128532
v 0.238022 106.981903 196.878662
v 0.301559 111.512512 191.935913
v -26.356705 114.426659 186.371979
v -56.878899 139.127151 158.215637
v -48.638260 125.403687 173.077423
v -30.114929 123.057426 177.194717
v 0.238022 106.981903 196.878662
v 42.763412 110.023972 189.329315
v 26.451859 120.035477 180.656494
v 51.656433 125.221603 172.962891
v 48.953812 139.425644 158.383850
v 43.793915 130.657974 168.045288
v 55.349335 164.480438 -25.554459
v 60.507645 158.752243 -23.663170
v 63.866978 169.414108 56.363941
v 69.511917 163.557755 53.238781
v -0.092026 154.581497 115.593651
v 53.288712 148.439728 116.148697
v -0.092026 141.394836 160.364182
v 59.753090 143.135818 115.767433
v 26.625080 165.957886 56.159199
v -0.092047 165.604019 -25.561712
v -20.025139 138.580124 -51.773270
v -32.119785 125.179871 -60.161434
v -30.697525 134.076630 -54.289200
v 80.467712 112.684410 53.346241
v 80.676300 112.239166 59.619106
v -77.587791 118.093262 56.854057
v -68.826477 124.027023 21.418358
v -74.187187 125.565742 55.699394
v -61.843372 130.170578 22.268063
v -69.147011 135.747375 115.484138
v -75.611420 130.443451 114.767365
v -70.993942 121.657982 92.703445
v -67.418236 129.088348 87.429909
v -61.791710 138.860657 -38.423851
v -57.572746 144.920609 -26.219015
v -67.100388 136.280365 -36.691067
v -62.731079 139.192429 -24.764015
v -30.491096 126.882797 55.685234
v -91.952873 27.983742 -95.684090
v -76.201324 28.056026 -26.747662
v -83.369354 79.190956 -133.447342
v -44.585861 27.794186 -195.164932
v -99.041611 20.576174 84.696579
v 17.566284 118.249260 -164.371368
v 91.861542 55.043354 -103.893951
v 91.932144 27.983742 -95.684113
v 79.688782 28.056026 -26.747681
v 44.585800 27.794184 -195.164948
v 94.626305 68.830704 -149.097412
v 91.255020 68.529617 -121.402023
v 103.079987 18.038069 208.988373
v 46.675919 33.240059 -190.561920
v 82.371040 62.880333 29.783676
v -66.832275 39.297318 -67.155884
v 80.467712 113.022827 53.346241
v 54.470879 54.122147 -133.694305
v -63.533035 82.562386 -193.392685
v -63.533051 61.025963 -200.433411
v 63.452713 83.175331 -194.928253
v 63.452713 61.025963 -200.433441
v 63.452713 70.039543 -189.587250
v -70.050377 126.333740 155.358124
v 77.503777 110.128998 117.173714
v 26.451859 120.373909 180.656494
v 43.793915 130.996399 168.045288
v -9.957550 68.262894 205.040085
v -0.763622 150.119446 56.004681
v 74.554970 138.969284 67.710777
v -67.654236 133.435074 -37.215557
v -0.763622 149.781021 56.004681
vt 0.7648 0.9278
vt 0.7468 0.9243
vt 0.7555 0.9177
vt 0.5384 0.9819
vt 0.5498 0.9944
vt 0.5276 0.9819
vt 0.5498 0.9819
vt 0.5628 0.9819
vt 0.5738 0.9819
vt 0.0837 0.6916
vt 0.1006 0.6654
vt 0.0771 0.6653
vt 0.0736 0.6297
vt 0.0939 0.7326
vt 0.0139 0.7294
vt 0.1339 0.6656
vt 0.0705 0.5984
vt 0.0139 0.6007
vt 0.0131 0.6650
vt 0.1339 0.5958
vt 0.1339 0.7114
vt 0.3698 0.5072
vt 0.4603 0.5461
vt 0.3773 0.5422
vt 0.3112 0.4836
vt 0.3299 0.5209
vt 0.3481 0.4709
vt 0.6083 0.4749
vt 0.5376 0.4809
vt 0.5976 0.4612
vt 0.5400 0.5108
vt 0.6133 0.4902
vt 0.5421 0.5340
vt 0.4627 0.5202
vt 0.4130 0.4907
vt 0.3864 0.4872
vt 0.8053 0.5810
vt 0.8041 0.5672
vt 0.7802 0.5720
vt 0.7831 0.5832
vt 0.6307 0.5839
vt 0.6372 0.5716
vt 0.6255 0.5714
vt 0.5200 0.5686
vt 0.5187 0.5814
vt 0.4349 0.5804
vt 0.4399 0.5671
vt 0.0543 0.9600
vt 0.0500 0.9522
vt 0.2566 0.9487
vt 0.2567 0.9573
vt 0.0591 0.9906
vt 0.2572 0.9868
vt 0.6085 0.9246
vt 0.3657 0.9251
vt 0.4927 0.9177
vt 0.4922 0.9248
vt 0.6076 0.9177
vt 0.7865 0.8636
vt 0.8032 0.7930
vt 0.6053 0.7884
vt 0.4919 0.7884
vt 0.2875 0.7884
vt 0.2852 0.9177
vt 0.2960 0.9252
vt 0.2875 0.9296
vt 0.3108 0.9485
vt 0.3040 0.9546
vt 0.3205 0.9796
vt 0.3256 0.9717
vt 0.0209 0.8930
vt 0.0248 0.7998
vt 0.1729 0.7943
vt 0.1685 0.9033
vt 0.2844 0.9161
vt 0.1675 0.9267
vt 0.0555 0.9350
vt 0.0198 0.9218
vt 0.4027 0.7692
vt 0.2869 0.7535
vt 0.2863 0.7656
vt 0.4027 0.7807
vt 0.6306 0.6645
vt 0.7838 0.6645
vt 0.6307 0.6280
vt 0.7831 0.7496
vt 0.6309 0.7080
vt 0.5178 0.6629
vt 0.8051 0.6504
vt 0.8052 0.6645
vt 0.5123 0.7555
vt 0.4349 0.6004
vt 0.4352 0.6629
vt 0.4344 0.7522
vt 0.4394 0.7615
vt 0.5137 0.7644
vt 0.5704 0.7612
vt 0.6304 0.7707
vt 0.6924 0.7568
vt 0.5638 0.7738
vt 0.8054 0.7518
vt 0.8025 0.7639
vt 0.7802 0.7567
vt 0.6937 0.7742
vt 0.6303 0.7844
vt 0.0767 0.0471
vt 0.0505 0.0372
vt 0.1101 0.0274
vt 0.0253 0.0280
vt 0.0404 0.0697
vt 0.0452 0.0992
vt 0.0513 0.0804
vt 0.0260 0.0992
vt 0.1174 0.0880
vt 0.0706 0.0810
vt 0.1041 0.0996
vt 0.1661 0.0809
vt 0.1430 0.0898
vt 0.5167 0.1552
vt 0.5090 0.2375
vt 0.5146 0.2374
vt 0.0602 0.1649
vt 0.0152 0.1647
vt 0.0353 0.1864
vt 0.0431 0.2130
vt 0.0362 0.2578
vt 0.6239 0.2567
vt 0.6035 0.3557
vt 0.6123 0.3569
vt 0.2291 0.1418
vt 0.1762 0.1553
vt 0.1079 0.1522
vt 0.0807 0.1426
vt 0.0838 0.2062
vt 0.1157 0.1643
vt 0.1045 0.1896
vt 0.3302 0.1095
vt 0.3602 0.0283
vt 0.3097 0.0745
vt 0.3168 0.0542
vt 0.2769 0.0283
vt 0.8192 0.7927
vt 0.7985 0.8668
vt 0.7104 0.9511
vt 0.6935 0.9773
vt 0.6872 0.9682
vt 0.9882 0.9058
vt 0.8986 0.8576
vt 0.8985 0.9161
vt 0.9895 0.8193
vt 0.8987 0.8193
vt 0.8628 0.9051
vt 0.8988 0.9914
vt 0.9896 0.9914
vt 0.8208 0.8193
vt 0.8274 0.9051
vt 0.8235 0.9914
vt 0.6256 0.9656
vt 0.6081 0.9474
vt 0.6256 0.9361
vt 0.6445 0.9474
vt 0.6081 0.9852
vt 0.5982 0.9656
vt 0.6445 0.9852
vt 0.6256 0.9936
vt 0.6527 0.9656
vt 0.5625 0.9476
vt 0.5498 0.9326
vt 0.5734 0.9476
vt 0.5272 0.9476
vt 0.5380 0.9476
vt 0.5495 0.9476
vt 0.5498 0.9643
vt 0.5666 0.9643
vt 0.5339 0.9643
vt 0.2054 0.2404
vt 0.1743 0.2333
vt 0.1313 0.1980
vt 0.2188 0.2295
vt 0.2221 0.2128
vt 0.2772 0.2042
vt 0.2468 0.2228
vt 0.5002 0.9733
vt 0.4863 0.9280
vt 0.4979 0.9280
vt 0.4891 0.9868
vt 0.5009 0.9866
vt 0.5123 0.7555
vt 0.4394 0.7615
vt 0.4344 0.7522
vt 0.5137 0.7644
vt 0.5704 0.7612
vt 0.5638 0.7738
vt 0.6303 0.7844
vt 0.6304 0.7707
vt 0.6937 0.7742
vt 0.6924 0.7568
vt 0.7802 0.7567
vt 0.7831 0.7496
vt 0.8025 0.7639
vt 0.8054 0.7518
vt 0.5273 0.9476
vt 0.5498 0.9326
vt 0.5381 0.9476
vt 0.5498 0.9819
vt 0.5384 0.9819
vt 0.5340 0.9643
vt 0.5498 0.9643
vt 0.5666 0.9643
vt 0.5625 0.9476
vt 0.5734 0.9476
vt 0.5495 0.9476
vt 0.5210 0.9643
vt 0.5803 0.9643
vt 0.5628 0.9819
vt 0.4730 0.1254
vt 0.4912 0.0622
vt 0.4926 0.0973
vt 0.4736 0.0345
vt 0.4409 0.0233
vt 0.4085 0.0373
vt 0.3891 0.0619
vt 0.4367 0.1348
vt 0.4041 0.1245
vt 0.3880 0.0955
vt 0.9722 0.5958
vt 0.9896 0.5309
vt 0.9722 0.5309
vt 0.9896 0.5958
vt 0.9722 0.6623
vt 0.9896 0.6623
vt 0.9896 0.7290
vt 0.9722 0.7290
vt 0.9896 0.7946
vt 0.9721 0.7946
vt 0.3880 0.0955
vt 0.3891 0.0619
vt 0.4085 0.0373
vt 0.4367 0.1348
vt 0.4364 0.1476
vt 0.3964 0.1334
vt 0.4041 0.1245
vt 0.3759 0.0972
vt 0.3777 0.0588
vt 0.4028 0.0260
vt 0.4409 0.0233
vt 0.4816 0.1371
vt 0.4409 0.0110
vt 0.4736 0.0345
vt 0.4912 0.0622
vt 0.5023 0.0585
vt 0.4926 0.0973
vt 0.5025 0.1003
vt 0.4730 0.1254
vt 0.4798 0.0240
vt 0.5277 0.1075
vt 0.5182 0.0707
vt 0.5299 0.0427
vt 0.5848 0.1295
vt 0.5531 0.1284
vt 0.5550 0.0257
vt 0.6241 0.0773
vt 0.6127 0.1096
vt 0.5871 0.1397
vt 0.6209 0.1158
vt 0.5527 0.0133
vt 0.5889 0.0126
vt 0.5858 0.0242
vt 0.6128 0.0434
vt 0.5531 0.1284
vt 0.5277 0.1075
vt 0.5182 0.0707
vt 0.5080 0.0709
vt 0.5299 0.0427
vt 0.5550 0.0257
vt 0.5858 0.0242
vt 0.6128 0.0434
vt 0.5889 0.0126
vt 0.6210 0.0369
vt 0.5218 0.0341
vt 0.5848 0.1295
vt 0.6241 0.0773
vt 0.6337 0.0769
vt 0.6209 0.1158
vt 0.6127 0.1096
vt 0.5871 0.1397
vt 0.5502 0.1386
vt 0.5203 0.1157
vt 0.9976 0.7946
vt 0.9976 0.7290
vt 0.9896 0.7946
vt 0.9896 0.7290
vt 0.9976 0.6623
vt 0.9896 0.6623
vt 0.9976 0.5958
vt 0.9896 0.5958
vt 0.9896 0.5309
vt 0.9976 0.5309
vt 0.5333 0.2425
vt 0.5314 0.1434
vt 0.5360 0.2427
vt 0.5803 0.9643
vt 0.3805 0.2395
vt 0.3733 0.1552
vt 0.3733 0.2396
vt 0.5210 0.9643
vt 0.9681 0.1417
vt 0.9622 0.0662
vt 0.8264 0.0516
vt 0.6906 0.2171
vt 0.7716 0.2228
vt 0.6906 0.0662
vt 0.8264 0.2260
vt 0.7585 0.0581
vt 0.9622 0.2171
vt 0.5276 0.9819
vt 0.5498 0.9944
vt 0.5738 0.9819
vt 0.5242 0.1011
vt 0.5526 0.1263
vt 0.5158 0.1069
vt 0.5510 0.1373
vt 0.5887 0.1395
vt 0.5854 0.1294
vt 0.6199 0.1197
vt 0.6123 0.1126
vt 0.1362 0.7283
vt 0.1734 0.7415
vt 0.0139 0.7409
vt 0.1056 0.7446
vt 0.1371 0.7363
vt 0.1747 0.7530
vt 0.2869 0.6983
vt 0.7554 0.9175
vt 0.7467 0.9241
vt 0.7647 0.9276
vt 0.8849 0.0150
vt 0.8492 0.0419
vt 0.8492 0.0150
vt 0.8849 0.0419
vt 0.9195 0.0150
vt 0.9195 0.0419
vt 0.9553 0.0419
vt 0.9553 0.0150
vt 0.4490 0.4777
vt 0.4739 0.4794
vt 0.4609 0.4898
vt 0.8115 0.0150
vt 0.7738 0.0419
vt 0.7738 0.0150
vt 0.8115 0.0419
vt 0.1111 0.0367
vt 0.1101 0.0274
vt 0.1953 0.0279
vt 0.1462 0.0445
vt 0.1507 0.0602
vt 0.1744 0.0698
vt 0.1863 0.0991
vt 0.1946 0.0992
vt 0.2506 0.1285
vt 0.2498 0.1443
vt 0.2812 0.1583
vt 0.3275 0.1304
vt 0.3275 0.1409
vt 0.3077 0.1554
vt 0.3270 0.2023
vt 0.2996 0.1796
vt 0.3086 0.2003
vt 0.7381 0.0419
vt 0.7381 0.0150
vt 0.7035 0.0419
vt 0.7035 0.0150
vt 0.6678 0.0150
vt 0.6678 0.0419
vt 0.7467 0.9241
vt 0.7647 0.9276
vt 0.6934 0.9771
vt 0.6871 0.9680
vt 0.3204 0.9794
vt 0.2874 0.9295
vt 0.2959 0.9251
vt 0.3255 0.9716
vt 0.6935 0.9773
vt 0.7648 0.9278
vt 0.7104 0.9511
vt 0.6872 0.9682
vt 0.5182 0.0713
vt 0.5295 0.0432
vt 0.5542 0.0247
vt 0.5502 0.0134
vt 0.5207 0.0342
vt 0.5067 0.0687
vt 0.5873 0.0256
vt 0.6243 0.0804
vt 0.6156 0.0474
vt 0.6234 0.0416
vt 0.5905 0.0156
vt 0.6345 0.0810
vt 0.4912 0.0622
vt 0.4926 0.0973
vt 0.4409 0.0233
vt 0.4736 0.0345
vt 0.4816 0.1371
vt 0.4730 0.1254
vt 0.5025 0.1003
vt 0.5023 0.0585
vt 0.4798 0.0240
vt 0.4364 0.1476
vt 0.4367 0.1348
vt 0.4041 0.1245
vt 0.3880 0.0955
vt 0.3891 0.0619
vt 0.4085 0.0373
vt 0.3777 0.0588
vt 0.4028 0.0260
vt 0.4409 0.0110
vt 0.6308 0.0424
vt 0.6309 0.0151
vt 0.6643 0.0147
vt 0.6643 0.0422
vt 0.4017 0.1335
vt 0.3772 0.0996
vt 0.3871 0.0963
vt 0.4722 0.1266
vt 0.4793 0.1365
vt 0.4401 0.1485
vt 0.4390 0.1364
vt 0.4086 0.1241
vt 0.3887 0.0629
vt 0.4918 0.0650
vt 0.4904 0.0963
vt 0.4821 0.0286
vt 0.5030 0.0610
vt 0.4108 0.0334
vt 0.4437 0.0204
vt 0.4444 0.0111
vt 0.4735 0.0346
vt 0.4036 0.0227
vt 0.4028 0.0260
vt 0.3777 0.0588
vt 0.3759 0.0970
vt 0.7025 0.0150
vt 0.6668 0.0419
vt 0.6668 0.0150
vt 0.7025 0.0419
vt 0.7370 0.0419
vt 0.7370 0.0150
vt 0.7726 0.0419
vt 0.7726 0.0150
vt 0.9237 0.8011
vt 0.9237 0.8069
vt 0.9179 0.8069
vt 0.9179 0.8011
vt 0.9179 0.7633
vt 0.9237 0.7633
vt 0.9237 0.7692
vt 0.9179 0.7692
vt 0.9237 0.8011
vt 0.9179 0.8011
vt 0.9120 0.7692
vt 0.9179 0.7692
vt 0.9120 0.8011
vt 0.9295 0.8011
vt 0.9295 0.7692
vt 0.9353 0.7692
vt 0.9353 0.8011
vt 0.9237 0.8011
vt 0.9295 0.7692
vt 0.9295 0.8011
vt 0.9179 0.8069
vt 0.9237 0.8069
vt 0.9237 0.8011
vt 0.9179 0.8011
vt 0.9179 0.7633
vt 0.9179 0.7692
vt 0.9237 0.7692
vt 0.9237 0.7633
vt 0.9237 0.7692
vt 0.9179 0.7692
vt 0.9179 0.8011
vt 0.9237 0.8011
vt 0.9179 0.7692
vt 0.9120 0.7692
vt 0.9120 0.8011
vt 0.9179 0.8011
vt 0.9353 0.7692
vt 0.9295 0.7692
vt 0.9295 0.8011
vt 0.9353 0.8011
vt 0.9237 0.7692
vt 0.9237 0.8011
vt 0.9295 0.8011
vt 0.9295 0.7692
vt 0.9896 0.5309
vt 0.9896 0.5222
vt 0.9722 0.5222
vt 0.9722 0.5309
vt 0.9475 0.7290
vt 0.9475 0.7948
vt 0.9647 0.7948
vt 0.9647 0.7290
vt 0.9647 0.6623
vt 0.9475 0.6623
vt 0.9475 0.5958
vt 0.9647 0.5958
vt 0.9647 0.5309
vt 0.9475 0.5309
vt 0.5218 0.0341
vt 0.5080 0.0709
vt 0.9344 0.3749
vt 0.9219 0.3800
vt 0.9392 0.3650
vt 0.9408 0.3518
vt 0.9213 0.3482
vt 0.9897 0.8017
vt 0.9721 0.7946
vt 0.9721 0.8017
vt 0.9647 0.7948
vt 0.9721 0.7946
vt 0.9722 0.7290
vt 0.9647 0.7290
vt 0.9647 0.6623
vt 0.9722 0.6623
vt 0.9722 0.5958
vt 0.9647 0.5958
vt 0.9722 0.5309
vt 0.9647 0.5309
vt 0.8800 0.3813
vt 0.8800 0.3462
vt 0.8267 0.3836
vt 0.8281 0.3425
vt 0.6290 0.3780
vt 0.5174 0.3623
vt 0.6263 0.3857
vt 0.6173 0.3920
vt 0.5172 0.3962
vt 0.4409 0.0233
vt 0.4409 0.0110
vt 0.4798 0.0240
vt 0.4912 0.0622
vt 0.5023 0.0585
vt 0.5025 0.1003
vt 0.4736 0.0345
vt 0.3880 0.0955
vt 0.4085 0.0373
vt 0.3891 0.0619
vt 0.4028 0.0260
vt 0.3777 0.0588
vt 0.3759 0.0972
vt 0.4926 0.0973
vt 0.4041 0.1245
vt 0.4367 0.1348
vt 0.4730 0.1254
vt 0.3964 0.1334
vt 0.9929 0.0150
vt 0.9929 0.0419
vt 0.6305 0.0419
vt 0.6305 0.0150
vt 0.5025 0.1003
vt 0.4816 0.1371
vt 0.5023 0.0585
vt 0.4798 0.0240
vt 0.4409 0.0110
vt 0.8102 0.0150
vt 0.8478 0.0150
vt 0.8478 0.0419
vt 0.8102 0.0419
vt 0.6305 0.0409
vt 0.6305 0.0150
vt 0.6337 0.0769
vt 0.6210 0.0369
vt 0.4815 0.4672
vt 0.4413 0.4669
vt 0.4080 0.4493
vt 0.3726 0.4602
vt 0.3898 0.4011
vt 0.3665 0.4016
vt 0.6158 0.4503
vt 0.6054 0.4462
vt 0.6163 0.4115
vt 0.6048 0.4118
vt 0.5154 0.4118
vt 0.5046 0.4488
vt 0.6906 0.4512
vt 0.7141 0.4433
vt 0.6894 0.4013
vt 0.6728 0.4046
vt 0.6790 0.4656
vt 0.7131 0.4990
vt 0.7172 0.4751
vt 0.7602 0.4627
vt 0.7677 0.4958
vt 0.8104 0.4612
vt 0.8222 0.4863
vt 0.8523 0.4324
vt 0.8786 0.4510
vt 0.9276 0.3907
vt 0.9060 0.4790
vt 0.9552 0.4190
vt 0.8713 0.3929
vt 0.6550 0.4121
vt 0.6676 0.4803
vt 0.7100 0.5222
vt 0.6401 0.4221
vt 0.8347 0.0150
vt 0.8032 0.0419
vt 0.8032 0.0150
vt 0.8347 0.0419
vt 0.8737 0.0150
vt 0.8737 0.0419
vt 0.7693 0.0419
vt 0.7693 0.0150
vt 0.7274 0.0419
vt 0.7274 0.0150
vt 0.6935 0.0150
vt 0.6935 0.0419
vt 0.7687 0.5237
vt 0.8417 0.5189
vt 0.9232 0.5182
vt 0.8611 0.5502
vt 0.7748 0.5550
vt 0.9167 0.6336
vt 0.8524 0.5925
vt 0.8612 0.6336
vt 0.9318 0.5927
vt 0.9318 0.6821
vt 0.9167 0.6821
vt 0.9731 0.4665
vt 0.7802 0.3851
vt 0.7802 0.3361
vt 0.7343 0.3863
vt 0.7029 0.3862
vt 0.7027 0.3261
vt 0.7343 0.3281
vt 0.4891 0.9868
vt 0.5009 0.9866
vt 0.5002 0.9733
vt 0.4863 0.9280
vt 0.4979 0.9280
vt 0.6334 0.3090
vt 0.6318 0.3470
vt 0.6527 0.3777
vt 0.3698 0.5072
vt 0.3481 0.4709
vt 0.3114 0.4836
vt 0.3301 0.5209
vt 0.3775 0.5422
vt 0.4603 0.5461
vt 0.4464 0.5178
vt 0.3902 0.4879
vt 0.4410 0.4942
vt 0.4629 0.5202
vt 0.4632 0.4969
vt 0.5132 0.5141
vt 0.5135 0.4861
vt 0.5400 0.5108
vt 0.5090 0.5390
vt 0.5421 0.5340
vt 0.5376 0.4809
vt 0.6135 0.4902
vt 0.6083 0.4749
vt 0.5976 0.4612
vt 0.6303 0.4504
vt 0.6160 0.4503
vt 0.8051 0.6504
vt 0.7831 0.5832
vt 0.8053 0.5810
vt 0.7838 0.6645
vt 0.8052 0.6645
vt 0.6309 0.7080
vt 0.6307 0.6280
vt 0.5178 0.6629
vt 0.5187 0.5814
vt 0.6307 0.5839
vt 0.6306 0.6645
vt 0.4352 0.6629
vt 0.4349 0.6004
vt 0.4349 0.5804
vt 0.4886 0.3601
vt 0.4886 0.3961
vt 0.6300 0.4115
vt 0.6165 0.4115
vt 0.3262 0.3862
vt 0.3498 0.3928
vt 0.3500 0.3440
vt 0.3131 0.3667
vt 0.3244 0.3416
vt 0.5156 0.4117
vt 0.5049 0.4488
vt 0.6048 0.4118
vt 0.6054 0.4462
vt 0.3900 0.4011
vt 0.3667 0.4016
vt 0.3728 0.4602
vt 0.4082 0.4493
vt 0.4415 0.4669
vt 0.4817 0.4672
vt 0.3780 0.0583
vt 0.6624 0.0419
vt 0.6305 0.0419
vt 0.6305 0.0150
vt 0.6624 0.0150
vt 0.9318 0.5927
vt 0.9318 0.6821
vt 0.9167 0.6821
vt 0.9167 0.6336
vt 0.8524 0.5925
vt 0.8612 0.6336
vt 0.1499 0.3190
vt 0.2019 0.2725
vt 0.1499 0.2714
vt 0.2019 0.3211
vt 0.2540 0.2725
vt 0.2540 0.3229
vt 0.3060 0.3190
vt 0.3060 0.2714
vt 0.4399 0.5671
vt 0.5200 0.5686
vt 0.6255 0.5714
vt 0.6372 0.5716
vt 0.7802 0.5720
vt 0.8041 0.5672
vt 0.1499 0.3770
vt 0.1999 0.3809
vt 0.2499 0.3809
vt 0.3005 0.3788
vt 0.2054 0.2404
vt 0.2188 0.2295
vt 0.1743 0.2333
vt 0.1313 0.1980
vt 0.2221 0.2128
vt 0.2772 0.2042
vt 0.2468 0.2228
vt 0.2899 0.4512
vt 0.2988 0.5521
vt 0.2988 0.4614
vt 0.2458 0.4555
vt 0.2488 0.5521
vt 0.1988 0.5521
vt 0.2019 0.4555
vt 0.1579 0.4512
vt 0.1489 0.4621
vt 0.1489 0.5521
vt 0.7630 0.0150
vt 0.7318 0.0419
vt 0.7318 0.0150
vt 0.7630 0.0419
vt 0.7952 0.0419
vt 0.7952 0.0150
vt 0.2989 0.4512
vt 0.2989 0.4359
vt 0.2900 0.4361
vt 0.2458 0.4555
vt 0.2460 0.4361
vt 0.2019 0.4555
vt 0.2020 0.4361
vt 0.1579 0.4512
vt 0.1581 0.4361
vt 0.1489 0.4359
vt 0.1489 0.4512
vt 0.9167 0.6336
vt 0.8524 0.5925
vt 0.8612 0.6336
vt 0.9318 0.5927
vt 0.9318 0.6821
vt 0.9167 0.6821
vt 0.1581 0.4361
vt 0.1499 0.3770
vt 0.1496 0.4271
vt 0.2020 0.4361
vt 0.1999 0.3809
vt 0.2460 0.4361
vt 0.2499 0.3809
vt 0.2900 0.4361
vt 0.2990 0.4271
vt 0.3005 0.3788
vt 0.3204 0.9794
vt 0.3255 0.9716
vt 0.2959 0.9251
vt 0.2874 0.9295
vt 0.2851 0.9175
vt 0.3488 0.9250
vt 0.4926 0.9176
vt 0.4863 0.9247
vt 0.4979 0.9247
vt 0.6075 0.9175
vt 0.6084 0.9244
vt 0.7865 0.8634
vt 0.8031 0.7928
vt 0.6052 0.7882
vt 0.4918 0.7882
vt 0.4445 0.8438
vt 0.4244 0.8176
vt 0.2877 0.7889
vt 0.4091 0.7882
vt 0.1728 0.7944
vt 0.1674 0.9268
vt 0.2843 0.9162
vt 0.0197 0.9219
vt 0.0554 0.9351
vt 0.0208 0.8950
vt 0.0233 0.8339
vt 0.0622 0.7985
vt 0.0247 0.7999
vt 0.8191 0.7925
vt 0.7984 0.8667
vt 0.6934 0.9771
vt 0.6871 0.9680
vt 0.8524 0.5925
vt 0.9318 0.5927
vt 0.9167 0.6336
vt 0.8612 0.6336
vt 0.8494 0.6868
vt 0.8477 0.6821
vt 0.8896 0.6820
vt 0.8870 0.6868
vt 0.8499 0.7459
vt 0.8874 0.7460
vt 0.8896 0.7513
vt 0.8477 0.7513
vt 0.8327 0.7167
vt 0.8269 0.7167
vt 0.2498 0.1443
vt 0.2506 0.1285
vt 0.3275 0.1304
vt 0.2812 0.1583
vt 0.3275 0.1409
vt 0.3077 0.1554
vt 0.3270 0.2023
vt 0.3086 0.2003
vt 0.2996 0.1796
vt 0.4027 0.7187
vt 0.2869 0.6656
vt 0.4027 0.6656
vt 0.4027 0.6572
vt 0.4027 0.5867
vt 0.2869 0.5766
vt 0.4027 0.5609
vt 0.2863 0.5645
vt 0.1747 0.5771
vt 0.1735 0.6656
vt 0.2275 0.6297
vt 0.1734 0.5886
vt 0.9179 0.8069
vt 0.9237 0.8069
vt 0.9237 0.8011
vt 0.9179 0.8011
vt 0.9179 0.7633
vt 0.9179 0.7692
vt 0.9237 0.7692
vt 0.9237 0.7633
vt 0.9237 0.7692
vt 0.9179 0.7692
vt 0.9179 0.8011
vt 0.9237 0.8011
vt 0.9179 0.7692
vt 0.9120 0.7692
vt 0.9120 0.8011
vt 0.9179 0.8011
vt 0.9353 0.7692
vt 0.9295 0.7692
vt 0.9295 0.8011
vt 0.9353 0.8011
vt 0.9237 0.7692
vt 0.9237 0.8011
vt 0.9295 0.8011
vt 0.9295 0.7692
vt 0.9237 0.8011
vt 0.9237 0.8069
vt 0.9179 0.8069
vt 0.9179 0.8011
vt 0.9179 0.7633
vt 0.9237 0.7633
vt 0.9237 0.7692
vt 0.9179 0.7692
vt 0.9179 0.8011
vt 0.9179 0.7692
vt 0.9237 0.7692
vt 0.9237 0.8011
vt 0.9120 0.8011
vt 0.9120 0.7692
vt 0.9179 0.7692
vt 0.9179 0.8011
vt 0.9295 0.8011
vt 0.9295 0.7692
vt 0.9353 0.7692
vt 0.9353 0.8011
vt 0.9295 0.8011
vt 0.9237 0.8011
vt 0.9237 0.7692
vt 0.9295 0.7692
vt 0.9719 0.5222
vt 0.9894 0.5222
vt 0.9893 0.5309
vt 0.9719 0.5309
vt 0.9893 0.5309
vt 0.9719 0.5958
vt 0.9719 0.5309
vt 0.9893 0.5958
vt 0.9893 0.7290
vt 0.9719 0.7290
vt 0.9719 0.7946
vt 0.9894 0.7946
vt 0.9644 0.7290
vt 0.9644 0.7948
vt 0.9473 0.7948
vt 0.9473 0.7290
vt 0.9473 0.5958
vt 0.9644 0.5958
vt 0.9473 0.5309
vt 0.9644 0.5309
vt 0.9392 0.3650
vt 0.9219 0.3800
vt 0.9344 0.3749
vt 0.9213 0.3482
vt 0.9408 0.3518
vt 0.9894 0.8017
vt 0.9718 0.8017
vt 0.9719 0.7946
vt 0.9894 0.7946
vt 0.5527 0.0133
vt 0.8631 0.0150
vt 0.8631 0.0419
vt 0.8291 0.0150
vt 0.8291 0.0419
vt 0.6089 0.1434
vt 0.6825 0.1434
vt 0.6721 0.2427
vt 0.6031 0.2473
vt 0.8281 0.3426
vt 0.8267 0.3836
vt 0.8800 0.3813
vt 0.8800 0.3462
vt 0.4369 0.2505
vt 0.3562 0.2484
vt 0.3710 0.3314
vt 0.4372 0.3388
vt 0.4906 0.2525
vt 0.4912 0.3403
vt 0.4945 0.3408
vt 0.7029 0.3862
vt 0.7343 0.3863
vt 0.7027 0.3261
vt 0.7343 0.3281
vt 0.7802 0.3361
vt 0.7802 0.3852
vt 0.3390 0.3320
vt 0.3223 0.2480
vt 0.4192 0.2500
vt 0.4206 0.3357
vt 0.4912 0.2521
vt 0.4873 0.3395
vt 0.6134 0.3549
vt 0.6247 0.2562
vt 0.8556 0.7273
vt 0.8896 0.7273
vt 0.8896 0.7297
vt 0.8556 0.7297
vt 0.8896 0.7297
vt 0.8896 0.7321
vt 0.8556 0.7321
vt 0.8556 0.7297
vt 0.8896 0.7339
vt 0.8556 0.7339
vt 0.8556 0.7321
vt 0.8896 0.7321
vt 0.8915 0.7193
vt 0.8575 0.7193
vt 0.8575 0.7167
vt 0.8915 0.7167
vt 0.8915 0.7219
vt 0.8915 0.7245
vt 0.8575 0.7245
vt 0.8575 0.7219
vt 0.8575 0.7193
vt 0.8915 0.7193
vt 0.8915 0.7219
vt 0.8575 0.7219
vt 0.8872 0.7397
vt 0.8532 0.7397
vt 0.8532 0.7369
vt 0.8872 0.7369
vt 0.8872 0.7446
vt 0.8532 0.7446
vt 0.8532 0.7423
vt 0.8872 0.7423
vt 0.8532 0.7423
vt 0.8532 0.7397
vt 0.8872 0.7397
vt 0.8872 0.7423
vt 0.8929 0.7037
vt 0.8505 0.7017
vt 0.8511 0.6961
vt 0.8933 0.7001
vt 0.8929 0.7074
vt 0.8506 0.7087
vt 0.8505 0.7017
vt 0.8929 0.7037
vt 0.8930 0.7111
vt 0.8513 0.7143
vt 0.8506 0.7087
vt 0.8929 0.7074
vt 0.8933 0.7001
vt 0.8511 0.6961
vt 0.8525 0.6894
vt 0.8941 0.6966
vt 0.8377 0.7176
vt 0.8377 0.7096
vt 0.8462 0.7096
vt 0.8462 0.7176
vt 0.0746 0.3232
vt 0.0746 0.4126
vt 0.0898 0.4126
vt 0.0898 0.3641
vt 0.2564 0.9572
vt 0.0540 0.9599
vt 0.0588 0.9905
vt 0.2569 0.9867
vt 0.2563 0.9486
vt 0.0497 0.9521
vt 0.1346 0.5843
vt 0.1074 0.5854
vt 0.0473 0.5878
vt 0.0139 0.5892
vt 0.6527 0.3777
vt 0.6318 0.3470
vt 0.6334 0.3090
vt 0.4027 0.5494
vt 0.7727 0.2604
vt 0.8014 0.2504
vt 0.7599 0.2665
vt 0.7630 0.2638
vt 0.8354 0.2864
vt 0.7998 0.2864
vt 0.7561 0.2864
vt 0.7599 0.3061
vt 0.7630 0.3088
vt 0.8014 0.3222
vt 0.8353 0.3287
vt 0.8888 0.3362
vt 0.9192 0.3326
vt 0.9660 0.3226
vt 0.9684 0.3176
vt 0.9697 0.2868
vt 0.9684 0.2550
vt 0.9660 0.2500
vt 0.9192 0.2400
vt 0.8888 0.2364
vt 0.8672 0.2394
vt 0.8353 0.2439
vt 0.5172 0.3962
vt 0.5175 0.3623
vt 0.6173 0.3921
vt 0.6264 0.3857
vt 0.6290 0.3780
vt 0.8223 0.4861
vt 0.8788 0.4507
vt 0.9062 0.4788
vt 0.8418 0.5186
vt 0.7679 0.4955
vt 0.7689 0.5234
vt 0.7133 0.4987
vt 0.7174 0.4749
vt 0.9233 0.5179
vt 0.8613 0.5500
vt 0.7750 0.5547
vt 0.7102 0.5220
vt 0.6677 0.4801
vt 0.6791 0.4653
vt 0.9554 0.4187
vt 0.9733 0.4662
vt 0.6729 0.4044
vt 0.6896 0.4011
vt 0.6908 0.4510
vt 0.7143 0.4431
vt 0.7604 0.4624
vt 0.8106 0.4610
vt 0.8525 0.4322
vt 0.8714 0.3927
vt 0.9277 0.3905
vt 0.6552 0.4119
vt 0.6402 0.4218
vt 0.1863 0.0991
vt 0.1946 0.0992
vt 0.1953 0.0279
vt 0.1744 0.0698
vt 0.1507 0.0602
vt 0.1462 0.0445
vt 0.1101 0.0274
vt 0.1111 0.0367
vt 0.0767 0.0471
vt 0.0505 0.0372
vt 0.0253 0.0280
vt 0.0404 0.0697
vt 0.0260 0.0992
vt 0.0452 0.0992
vt 0.0513 0.0804
vt 0.1041 0.0996
vt 0.0706 0.0810
vt 0.1174 0.0880
vt 0.1430 0.0898
vt 0.1661 0.0809
vt 0.4887 0.3961
vt 0.4887 0.3601
vt 0.0362 0.2578
vt 0.0353 0.1864
vt 0.0431 0.2130
vt 0.0152 0.1647
vt 0.0602 0.1649
vt 0.0807 0.1426
vt 0.0838 0.2062
vt 0.1045 0.1896
vt 0.1157 0.1643
vt 0.1079 0.1522
vt 0.1762 0.1553
vt 0.2291 0.1418
vt 0.3602 0.0283
vt 0.3302 0.1095
vt 0.3097 0.0745
vt 0.3168 0.0542
vt 0.2769 0.0283
vt 0.6301 0.4504
vt 0.6298 0.4115
vt 0.4211 0.3950
vt 0.4186 0.3521
vt 0.4582 0.3558
vt 0.4603 0.3954
vt 0.3854 0.3936
vt 0.3845 0.3499
vt 0.3499 0.3928
vt 0.3501 0.3440
vt 0.3108 0.9485
vt 0.3205 0.9796
vt 0.3256 0.9717
vt 0.3040 0.9546
vt 0.2960 0.9252
vt 0.2875 0.9296
vt 0.1368 0.2703
vt 0.1081 0.2699
vt 0.1369 0.3192
vt 0.1082 0.3192
vt 0.0777 0.3192
vt 0.0781 0.2710
vt 0.3262 0.3863
vt 0.3131 0.3667
vt 0.3245 0.3416
vt 0.1364 0.5577
vt 0.1364 0.4661
vt 0.1275 0.4573
vt 0.0770 0.5577
vt 0.0770 0.4661
vt 0.0858 0.4573
vt 0.1067 0.4573
vt 0.5015 0.1022
vt 0.1368 0.4537
vt 0.1368 0.4387
vt 0.1280 0.4387
vt 0.1280 0.4537
vt 0.1071 0.4571
vt 0.1071 0.4359
vt 0.0862 0.4387
vt 0.0862 0.4537
vt 0.0774 0.4387
vt 0.0774 0.4537
vt 0.1365 0.4292
vt 0.1365 0.3779
vt 0.1067 0.3779
vt 0.1277 0.4380
vt 0.1067 0.4380
vt 0.0774 0.3779
vt 0.0862 0.4381
vt 0.0774 0.4293
vt 0.9048 0.7163
vt 0.9105 0.7165
vt 0.0774 0.3192
vt 0.1072 0.3779
vt 0.1072 0.3192
vt 0.1366 0.3192
vt 0.1366 0.3779
vt 0.9167 0.6821
vt 0.9318 0.6821
vt 0.9318 0.5927
vt 0.9167 0.6336
vt 0.8524 0.5925
vt 0.8612 0.6336
vt 0.0713 0.2724
vt 0.0410 0.2720
vt 0.0714 0.3214
vt 0.0410 0.3214
vt 0.0103 0.3214
vt 0.0097 0.2731
vt 0.9318 0.5927
vt 0.9318 0.6821
vt 0.9167 0.6821
vt 0.9167 0.6336
vt 0.8524 0.5925
vt 0.8612 0.6336
vt 0.3845 0.3499
vt 0.3853 0.3936
vt 0.4185 0.3521
vt 0.4210 0.3950
vt 0.3055 0.4125
vt 0.3378 0.4021
vt 0.0410 0.3783
vt 0.0102 0.3783
vt 0.0715 0.3783
vt 0.4582 0.3558
vt 0.4602 0.3954
vt 0.9893 0.5958
vt 0.9893 0.5309
vt 0.9974 0.5309
vt 0.9974 0.5958
vt 0.9893 0.7290
vt 0.9974 0.7290
vt 0.9974 0.7946
vt 0.9644 0.7948
vt 0.9644 0.7290
vt 0.9719 0.5958
vt 0.9644 0.5958
vt 0.9644 0.5309
vt 0.9719 0.5309
vt 0.0096 0.4647
vt 0.0407 0.4549
vt 0.0188 0.4549
vt 0.0625 0.4549
vt 0.0709 0.4647
vt 0.0709 0.5563
vt 0.0096 0.5563
vt 0.3053 0.4125
vt 0.3376 0.4021
vt 0.8896 0.6820
vt 0.8948 0.6724
vt 0.9209 0.7155
vt 0.9105 0.7165
vt 0.8948 0.7585
vt 0.8896 0.7513
vt 0.8427 0.7585
vt 0.8477 0.7513
vt 0.8167 0.7155
vt 0.8269 0.7167
vt 0.8427 0.6724
vt 0.8477 0.6821
vt 0.8427 0.7585
vt 0.8167 0.7155
vt 0.8269 0.7167
vt 0.8477 0.7513
vt 0.8948 0.7585
vt 0.8896 0.7513
vt 0.9209 0.7155
vt 0.9105 0.7165
vt 0.8948 0.6724
vt 0.8896 0.6820
vt 0.8427 0.6724
vt 0.8477 0.6821
vt 0.4730 0.1254
vt 0.4816 0.1371
vt 0.4364 0.1476
vt 0.6305 0.0419
vt 0.6305 0.0150
vt 0.6657 0.0150
vt 0.6657 0.0419
vt 0.6996 0.0150
vt 0.6996 0.0419
vt 0.0100 0.4374
vt 0.0100 0.4549
vt 0.0188 0.4374
vt 0.0407 0.4374
vt 0.0625 0.4374
vt 0.0713 0.4549
vt 0.0713 0.4374
vt 0.0715 0.4279
vt 0.0413 0.4374
vt 0.0190 0.4374
vt 0.0102 0.4279
vn -0.2323 0.5886 0.7743
vn -0.6589 0.6511 0.3765
vn -0.7226 0.4330 0.5387
vn 0.4906 0.8031 -0.3381
vn 0.0000 0.8386 0.5446
vn 0.7146 0.5515 0.4303
vn 0.0000 0.8388 -0.5445
vn -0.4906 0.8031 -0.3381
vn -0.7146 0.5514 0.4303
vn -0.1259 0.1481 -0.9809
vn 0.1396 0.1279 -0.9819
vn 0.2219 0.0367 -0.9744
vn 0.2258 0.1078 -0.9682
vn -0.5585 0.1925 -0.8068
vn -0.5574 0.0727 -0.8270
vn -0.0288 0.5485 -0.8356
vn 0.4871 0.0789 -0.8697
vn 0.5311 0.1625 -0.8315
vn 0.0378 0.1257 -0.9913
vn 0.5769 0.4911 -0.6527
vn -0.4236 0.5637 -0.7091
vn -0.1149 0.8484 -0.5167
vn 0.2731 0.9607 0.0494
vn 0.3119 0.8407 -0.4426
vn 0.3215 0.3176 -0.8920
vn -0.0916 0.3002 -0.9494
vn -0.3943 0.7025 0.5924
vn -0.8927 0.4389 0.1018
vn -0.9187 0.3111 0.2431
vn -0.2268 0.9404 0.2533
vn 0.0301 0.7356 0.6767
vn 0.2682 0.9229 0.2763
vn -0.3470 0.9360 0.0585
vn -0.8101 0.5802 -0.0840
vn -0.7783 0.5123 -0.3631
vn -0.5011 -0.7179 0.4832
vn -0.7601 -0.5173 0.3932
vn -0.7497 -0.6315 0.1976
vn -0.3904 -0.8841 0.2567
vn -0.3328 -0.9355 -0.1183
vn -0.6989 -0.7116 0.0710
vn -0.8058 -0.5752 -0.1409
vn -0.6282 -0.7577 -0.1766
vn -0.3278 -0.9126 -0.2443
vn -0.3422 -0.8527 -0.3947
vn -0.5278 -0.7212 -0.4486
vn -0.6423 0.7663 -0.0169
vn -0.8755 0.4797 -0.0585
vn -0.8509 0.5227 -0.0513
vn -0.5791 0.8152 -0.0069
vn -0.1660 0.9851 0.0449
vn -0.1820 0.9824 0.0418
vn -0.9203 0.3785 0.0988
vn -0.8711 0.4904 -0.0266
vn -0.9528 0.3028 -0.0223
vn -0.8554 0.5178 -0.0065
vn -0.9651 0.2369 0.1115
vn -0.7497 0.1713 0.6392
vn -0.7730 0.1044 0.6257
vn -0.9878 0.0431 0.1498
vn -0.9960 0.0879 -0.0149
vn -0.9876 0.0797 -0.1351
vn -0.8671 0.4571 -0.1979
vn -0.7839 0.5698 -0.2466
vn -0.5075 0.8144 -0.2814
vn -0.6188 0.7023 -0.3519
vn -0.6669 0.6477 -0.3684
vn -0.4753 0.8324 -0.2849
vn -0.5460 0.8014 -0.2440
vn -0.8326 0.2040 -0.5148
vn -0.8896 0.0589 -0.4528
vn -0.9733 0.0765 -0.2163
vn -0.8779 0.4281 -0.2144
vn -0.5043 0.8521 -0.1400
vn -0.8681 0.3894 -0.3077
vn -0.6131 0.4753 -0.6310
vn -0.4844 0.8673 -0.1147
vn 0.5628 -0.8252 -0.0470
vn 0.2074 -0.9756 0.0717
vn 0.2209 -0.9696 -0.1048
vn 0.4810 -0.8767 -0.0006
vn 0.3294 -0.9441 -0.0135
vn 0.1257 -0.9872 -0.0976
vn -0.0018 -0.8641 0.5033
vn 0.1455 -0.8435 0.5171
vn 0.4490 -0.8844 0.1274
vn -0.0563 -0.9092 -0.4124
vn -0.0158 -0.9633 -0.2677
vn 0.3523 -0.8608 -0.3671
vn 0.5637 -0.7340 -0.3788
vn 0.6695 -0.7315 0.1289
vn 0.5474 -0.8255 0.1371
vn 0.6207 -0.7839 0.0131
vn 0.4058 -0.9033 -0.1387
vn 0.9273 -0.3476 0.1390
vn 0.4753 -0.8324 0.2849
vn 0.5460 -0.8014 0.2440
vn 0.7189 -0.6838 -0.1244
vn 0.6831 -0.7302 0.0125
vn 0.9065 -0.4221 -0.0085
vn -0.0717 -0.7173 -0.6931
vn -0.0684 -0.7201 -0.6905
vn -0.0713 -0.7190 -0.6913
vn -0.2640 -0.6820 -0.6820
vn -0.1083 -0.7209 -0.6845
vn -0.0669 -0.7208 -0.6899
vn 0.9869 -0.1379 0.0838
vn 0.9908 -0.1098 0.0786
vn 0.9946 -0.0727 0.0744
vn 0.9847 -0.1449 0.0962
vn 0.9864 -0.1271 0.1037
vn -0.6096 -0.1589 -0.7766
vn -0.3867 -0.1956 -0.9012
vn -0.9095 -0.1196 -0.3981
vn -0.0263 -0.5531 0.8326
vn -0.3956 -0.5673 0.7222
vn -0.0512 -0.5672 0.8220
vn -0.0640 -0.5741 0.8162
vn -0.6796 -0.1249 0.7228
vn -0.9476 -0.1208 0.2956
vn -0.4692 -0.1321 0.8731
vn -0.9871 -0.1508 -0.0540
vn -0.9910 -0.1239 -0.0498
vn -0.9775 -0.2015 -0.0617
vn -0.9768 -0.2047 -0.0623
vn -0.9770 -0.2043 -0.0611
vn -0.9769 -0.2045 -0.0615
vn -0.9775 -0.2029 -0.0579
vn -0.8484 -0.4007 0.3458
vn -0.9652 -0.2422 0.0986
vn -0.9661 -0.2392 0.0967
vn -0.9663 -0.2384 0.0963
vn -0.2842 0.1296 0.9499
vn -0.1988 0.2665 0.9431
vn -0.8176 0.3552 0.4531
vn -0.3523 0.8608 0.3671
vn -0.5637 0.7340 0.3788
vn -0.0366 0.2468 0.9684
vn -0.0215 0.3072 0.9514
vn 0.0350 0.1010 0.9943
vn 0.2129 0.2077 0.9547
vn 0.2292 0.3294 0.9159
vn -0.0415 0.2643 0.9635
vn 0.2365 0.6169 0.7506
vn -0.0081 0.5900 0.8073
vn 0.0000 -0.2433 0.9699
vn 0.7011 -0.7130 0.0017
vn 0.9837 -0.0695 0.1658
vn -0.7011 -0.7130 0.0017
vn 0.0000 -0.9952 -0.0976
vn -0.9837 -0.0695 0.1658
vn -0.4361 -0.3748 -0.8181
vn 0.4361 -0.3748 -0.8181
vn 0.0000 -0.2934 -0.9560
vn 0.0000 0.2719 -0.9623
vn -0.6272 0.2245 -0.7458
vn 0.6272 0.2245 -0.7458
vn 0.9890 -0.0128 -0.1471
vn 0.9927 0.0373 -0.1147
vn 0.9875 -0.0284 -0.1552
vn 0.9831 -0.0651 -0.1710
vn 0.9838 -0.0461 -0.1730
vn 0.9839 -0.0692 -0.1648
vn 0.9822 -0.0947 -0.1618
vn -0.9764 -0.2094 0.0527
vn -0.9784 -0.2055 0.0213
vn -0.9786 -0.2050 0.0180
vn -0.9764 -0.2082 0.0576
vn -0.4490 0.8844 -0.1274
vn -0.6695 0.7315 -0.1289
vn -0.5474 0.8255 -0.1371
vn -0.9273 0.3476 -0.1390
vn -0.9065 0.4221 0.0085
vn -0.6207 0.7839 -0.0131
vn -0.6831 0.7302 -0.0125
vn -0.4058 0.9033 0.1387
vn -0.7189 0.6838 0.1244
vn -0.4810 0.8767 0.0006
vn 0.6603 -0.4252 -0.6190
vn 0.0000 -0.6696 -0.7427
vn 0.4278 -0.3583 -0.8298
vn 0.0349 0.8204 -0.5706
vn 0.4755 0.8600 -0.1852
vn 0.6429 0.2962 -0.7063
vn 0.0045 0.2608 -0.9654
vn -0.6482 0.2299 -0.7259
vn -0.4278 -0.3583 -0.8298
vn -0.6710 -0.4134 -0.6154
vn 0.0000 -0.2410 -0.9705
vn 0.9104 0.2625 -0.3196
vn -0.9236 0.1137 -0.3661
vn -0.5024 0.8087 -0.3059
vn -0.8440 -0.4326 0.3169
vn -0.7160 -0.6250 0.3109
vn -0.7239 -0.4770 0.4984
vn -0.5514 -0.8241 0.1294
vn -0.6790 -0.7311 -0.0660
vn -0.7954 -0.5082 -0.3301
vn -0.8223 -0.3747 -0.4282
vn -0.8076 -0.5898 -0.0029
vn -0.8064 -0.5913 -0.0012
vn -0.8392 -0.4767 -0.2617
vn 0.3138 0.0000 -0.9495
vn 0.4635 0.0000 -0.8861
vn 0.3079 0.0000 -0.9514
vn -0.0750 0.0000 -0.9972
vn -0.0579 0.0000 -0.9983
vn -0.3150 0.0000 -0.9491
vn -0.3269 -0.0045 -0.9450
vn -0.3572 -0.0546 -0.9324
vn -0.3565 -0.0628 -0.9322
vn 0.9002 0.4257 -0.0917
vn 0.8168 0.5194 -0.2511
vn 0.8441 0.5361 0.0013
vn 0.9468 0.2667 -0.1801
vn 0.5873 -0.7421 -0.3229
vn 0.5733 -0.3653 -0.7334
vn 0.8758 0.4277 -0.2237
vn 0.5573 0.2801 -0.7816
vn 0.3339 0.5497 -0.7657
vn 0.7168 0.6962 -0.0389
vn 0.6272 0.7614 0.1637
vn 0.5846 -0.7496 0.3103
vn 0.3261 0.8908 0.3165
vn 0.7202 0.6369 0.2751
vn 0.9381 0.3001 -0.1725
vn 0.6319 0.3121 0.7094
vn 0.8292 0.5479 -0.1100
vn 0.8246 -0.1904 0.5326
vn 0.9515 0.2591 0.1659
vn 0.2270 0.6255 0.7465
vn -0.9349 -0.2436 -0.2579
vn -0.8521 -0.1320 -0.5064
vn -0.7575 -0.2085 -0.6186
vn -0.9854 -0.1639 0.0464
vn -0.9354 -0.2418 -0.2580
vn -0.8207 -0.3518 -0.4502
vn -0.8870 -0.4605 0.0332
vn -0.9406 -0.3272 0.0906
vn -0.6558 0.0641 0.7522
vn -0.6540 -0.2671 0.7077
vn -0.2095 -0.6036 -0.7693
vn -0.3851 -0.8088 -0.4444
vn -0.9182 -0.2618 -0.2972
vn -0.9488 -0.2521 -0.1903
vn 0.9603 0.2477 -0.1280
vn 0.8808 0.4677 -0.0731
vn 0.7891 0.6039 0.1118
vn 0.6004 0.7997 -0.0004
vn 0.7230 0.5904 0.3587
vn 0.7141 0.4292 0.5531
vn 0.7706 0.1918 0.6077
vn 0.6478 -0.4547 0.6111
vn 0.0964 0.0015 0.9953
vn 0.1300 -0.6087 0.7826
vn 0.4921 0.7771 0.3923
vn 0.9510 -0.1095 -0.2891
vn 0.8645 0.2139 0.4548
vn 0.4088 -0.8833 0.2293
vn 0.6103 -0.7448 -0.2697
vn 0.9660 0.2332 0.1116
vn 0.5047 -0.4613 -0.7297
vn 0.6082 0.1205 -0.7846
vn 0.5893 0.5550 -0.5871
vn -0.3713 0.4861 0.7910
vn -0.2295 0.9710 0.0673
vn -0.7601 0.4823 0.4355
vn -0.2271 0.9716 0.0650
vn -0.0676 0.9977 0.0015
vn -0.0575 0.9983 0.0006
vn 0.0274 0.9996 0.0075
vn 0.0284 0.9995 0.0083
vn 0.0000 1.0000 0.0000
vn 0.9481 -0.0628 0.3115
vn 0.6383 -0.0694 0.7666
vn 0.4974 -0.0892 0.8629
vn 0.3916 -0.1886 -0.9006
vn 0.6064 -0.1483 -0.7812
vn 0.9121 -0.1030 -0.3967
vn -0.0003 0.9996 0.0284
vn 0.0000 0.9996 0.0290
vn -0.0006 0.9996 0.0278
vn 0.0000 0.9998 0.0202
vn 0.0037 0.9996 0.0266
vn -0.0010 0.9998 0.0216
vn 0.0005 0.9996 0.0272
vn -0.0021 0.9997 0.0233
vn 0.0000 0.9996 0.0279
vn 0.6351 0.7671 0.0909
vn 0.0334 0.9922 0.1204
vn -0.7759 0.6307 0.0082
vn -0.6619 0.6880 -0.2973
vn -0.4906 0.8642 -0.1115
vn -0.0043 0.6766 -0.7363
vn 0.2191 0.9349 -0.2791
vn 0.2191 0.9349 0.2791
vn -0.4906 0.8642 0.1115
vn -0.0044 0.6713 0.7411
vn -0.6609 0.6885 0.2985
vn -0.5960 0.4254 -0.6810
vn -0.5916 0.7271 -0.3483
vn -0.3057 0.9495 -0.0708
vn 0.7125 0.4758 0.5155
vn 0.5806 0.7171 0.3855
vn 0.7515 0.5466 0.3693
vn 0.6344 0.1785 0.7521
vn 0.7594 0.5347 -0.3707
vn 0.6557 0.2030 -0.7271
vn -0.8744 0.4813 0.0612
vn -0.7581 0.6518 0.0179
vn -0.7391 0.6718 0.0483
vn 0.2994 -0.1907 0.9348
vn -0.6537 -0.2902 0.6989
vn 0.1044 -0.6871 0.7190
vn -0.4932 0.2490 0.8335
vn 0.0685 -0.7326 -0.6772
vn 0.0688 -0.7359 -0.6736
vn 0.1238 -0.7085 -0.6947
vn 0.0659 -0.7156 -0.6954
vn 0.0648 -0.7135 -0.6977
vn 0.0663 -0.7138 -0.6972
vn 0.0774 -0.7140 -0.6959
vn -0.0024 -0.5614 0.8275
vn -0.0352 -0.5708 0.8203
vn -0.0150 -0.5679 0.8230
vn 0.0423 -0.5502 0.8339
vn 0.0383 -0.5545 0.8313
vn 0.0387 -0.5551 0.8309
vn 0.0381 -0.5547 0.8312
vn -0.6573 -0.7155 0.2365
vn 0.0537 -0.9865 0.1547
vn -0.6640 -0.7057 -0.2472
vn 0.0564 -0.9902 -0.1274
vn 0.1975 -0.7140 -0.6716
vn -0.6477 -0.2543 -0.7182
vn -0.5833 -0.5521 -0.5957
vn 0.5083 -0.5899 -0.6273
vn -0.8867 0.4284 -0.1739
vn -0.9306 0.2639 -0.2534
vn -0.9228 0.3650 -0.1233
vn -0.5035 0.2306 -0.8326
vn -0.9233 0.3684 0.1086
vn -0.8820 0.4382 0.1730
vn -0.9094 0.3604 0.2076
vn 0.9539 -0.2615 -0.1473
vn 0.8363 -0.3987 -0.3762
vn 0.8341 -0.3920 0.3880
vn 0.9140 -0.3664 0.1740
vn 0.3658 -0.1400 -0.9201
vn 0.8881 -0.2210 -0.4030
vn 0.2798 -0.6536 -0.7032
vn 0.3461 -0.9017 -0.2592
vn 0.2205 -0.9383 0.2663
vn 0.4549 0.1375 -0.8798
vn 0.9279 -0.2499 -0.2767
vn 0.9364 -0.3508 0.0002
vn 0.9366 -0.3503 -0.0002
vn 0.9269 -0.2504 0.2795
vn 0.8796 -0.2391 0.4111
vn 0.4552 0.1352 0.8801
vn 0.3709 -0.1468 0.9170
vn 0.2906 -0.6507 0.7015
vn -0.4552 0.0875 -0.8861
vn -0.3412 -0.2297 -0.9115
vn -0.5362 0.8221 -0.1914
vn -0.3811 0.5454 -0.7465
vn -0.7906 0.5278 -0.3104
vn -0.8073 0.5061 0.3034
vn -0.3811 0.5454 0.7465
vn -0.5362 0.8221 0.1914
vn -0.7430 0.6587 0.1185
vn -0.7430 0.6587 -0.1185
vn -0.8949 0.2514 -0.3686
vn -0.9085 -0.0940 0.4070
vn -0.9325 0.2580 0.2528
vn -0.6251 -0.7304 0.2753
vn -0.3986 -0.5184 0.7566
vn -0.9046 -0.1156 -0.4103
vn -0.9222 0.3697 -0.1129
vn -0.6277 -0.7284 -0.2746
vn -0.9222 0.3697 0.1129
vn -0.3972 -0.5199 -0.7562
vn -0.2477 -0.7252 -0.6424
vn -0.2129 -0.9579 -0.1922
vn -0.0624 -0.9720 0.2264
vn -0.2204 -0.7540 0.6188
vn 0.2727 0.7884 0.5514
vn 0.6908 0.6675 0.2779
vn 0.5448 0.7991 -0.2541
vn 0.0000 -1.0000 0.0000
vn -0.5448 -0.7991 0.2541
vn -0.6908 -0.6675 -0.2779
vn -0.2727 -0.7884 -0.5514
vn -0.4403 -0.1168 -0.8902
vn 0.8812 0.2338 -0.4109
vn 0.4403 0.1168 0.8902
vn -0.8812 -0.2338 0.4109
vn 0.4433 0.0000 -0.8964
vn -0.9063 0.0000 -0.4226
vn -0.4433 0.0000 0.8964
vn 0.9063 0.0000 0.4226
vn 0.8367 0.0000 0.5476
vn 0.2497 0.0000 0.9683
vn 0.3186 0.0043 0.9479
vn -0.3389 -0.0657 0.9385
vn 0.3358 0.0000 0.9419
vn 0.0773 0.0000 0.9970
vn 0.0599 0.0000 0.9982
vn -0.3072 0.0000 0.9516
vn -0.3134 0.0000 0.9496
vn -0.1245 -0.1029 -0.9868
vn -0.2235 0.2332 -0.9464
vn -0.0652 -0.9966 0.0502
vn 0.0040 -0.7486 0.6630
vn -0.0016 -1.0000 -0.0051
vn 0.0026 -1.0000 -0.0047
vn 0.0064 -0.7749 0.6320
vn -0.8240 -0.1453 0.5476
vn 0.2890 -0.9541 -0.0783
vn 0.2892 -0.9541 -0.0780
vn 0.2303 -0.9709 -0.0657
vn 0.2330 -0.9700 -0.0687
vn 0.0685 -0.9976 -0.0020
vn 0.0583 -0.9983 0.0000
vn -0.0293 -0.9995 -0.0079
vn -0.0282 -0.9995 -0.0083
vn -0.0008 -0.6423 0.7664
vn -0.0393 -0.6254 0.7793
vn -0.1125 -0.9113 0.3960
vn -0.0653 -0.9327 0.3546
vn -0.0033 -1.0000 0.0017
vn -0.0043 -0.7502 -0.6611
vn -0.0011 -1.0000 0.0012
vn 0.0022 -1.0000 0.0004
vn -0.0018 -0.7953 -0.6062
vn 0.9030 -0.3849 0.1909
vn 0.7971 -0.3920 0.4594
vn 0.8487 -0.3897 0.3576
vn 0.8318 -0.4026 -0.3821
vn 0.9159 -0.3403 -0.2127
vn 0.8894 -0.2871 -0.3556
vn 0.3595 -0.1833 -0.9149
vn 0.6517 -0.6389 0.4087
vn 0.8057 -0.5152 -0.2919
vn 0.7914 -0.6053 -0.0849
vn 0.9642 0.2651 -0.0020
vn -0.3148 -0.2712 0.9095
vn -0.4681 0.0139 0.8835
vn -0.4670 -0.7418 0.4812
vn -0.4690 -0.8822 0.0425
vn -0.9605 0.2779 0.0144
vn -0.9846 0.1533 -0.0836
vn -0.9802 0.0782 -0.1820
vn -0.7644 0.1660 -0.6230
vn -0.9513 0.0210 -0.3074
vn -0.7320 -0.0008 -0.6813
vn -0.4812 0.2181 0.8490
vn -0.8973 0.0987 0.4301
vn -0.4926 -0.0078 0.8702
vn -0.9204 0.0047 0.3909
vn -0.9964 0.0436 0.0722
vn -0.9951 0.0625 0.0757
vn 0.7606 0.1782 -0.6243
vn 0.9749 0.0911 -0.2033
vn 0.9384 0.0371 -0.3434
vn 0.7191 0.0629 -0.6920
vn 0.3288 0.2780 -0.9025
vn 0.3224 0.6987 -0.6386
vn 0.8165 0.3636 -0.4484
vn 0.9879 0.1188 -0.0990
vn 0.7676 0.6276 -0.1303
vn 0.9724 0.2245 0.0638
vn 0.7784 0.5869 0.2224
vn 0.9421 0.2410 0.2328
vn 0.8016 0.4213 0.4241
vn 0.7484 0.3397 0.5696
vn 0.3068 0.6341 0.7098
vn 0.2438 0.4568 0.8555
vn 0.9768 0.1276 0.1718
vn 0.2850 0.0823 -0.9550
vn 0.1661 0.2811 -0.9452
vn 0.0656 0.7019 -0.7092
vn 0.1161 0.0761 -0.9903
vn -0.4038 0.1188 0.9071
vn 0.2093 0.9678 -0.1399
vn 0.2699 0.8932 0.3596
vn -0.0257 0.6633 0.7479
vn -0.0189 0.9189 0.3941
vn -0.0222 0.9932 -0.1138
vn 0.9994 0.0047 0.0345
vn 0.9956 -0.0005 0.0932
vn 0.9940 -0.0207 0.1074
vn 0.7355 0.0176 0.6772
vn 0.7173 0.2971 0.6302
vn 0.9239 0.3827 0.0000
vn -0.0364 0.4794 0.8768
vn 0.0725 -0.9728 -0.2200
vn 0.1451 -0.9378 -0.3154
vn 0.0994 -0.5758 -0.8115
vn -0.0497 -0.7360 -0.6751
vn 0.0630 -0.8460 -0.5295
vn 0.1433 -0.5749 -0.8056
vn 0.9764 0.2082 -0.0576
vn 0.8058 0.5752 0.1409
vn 0.9764 0.2094 -0.0527
vn 0.9138 0.4048 -0.0315
vn 0.9129 0.4071 0.0293
vn 0.0164 -0.9998 0.0006
vn -0.0668 -0.9960 -0.0583
vn -0.3333 -0.9165 -0.2210
vn 0.0748 0.8385 -0.5397
vn 0.0588 0.2962 -0.9533
vn -0.3215 0.3176 -0.8920
vn -0.3142 0.8263 -0.4674
vn -0.1471 0.9867 0.0685
vn 0.2377 0.9659 0.1022
vn 0.7549 0.5369 -0.3766
vn 0.8179 0.5553 0.1503
vn 0.4380 0.8581 0.2681
vn 0.8377 0.5304 0.1299
vn 0.3328 0.9384 0.0928
vn 0.8530 0.5219 0.0026
vn 0.2044 0.9413 0.2687
vn -0.0743 0.9810 0.1793
vn -0.3458 0.8749 0.3391
vn 0.9008 0.4191 0.1133
vn -0.0529 0.7688 0.6373
vn 0.4254 0.7439 0.5154
vn 0.9519 0.2361 0.1951
vn 0.2335 0.2618 0.9364
vn 0.5608 0.2402 0.7923
vn -0.0022 0.8622 -0.5065
vn 0.3904 0.8841 -0.2567
vn 0.5011 0.7179 -0.4832
vn -0.2074 0.9756 -0.0717
vn -0.1412 0.8397 -0.5243
vn -0.3294 0.9441 0.0135
vn -0.2209 0.9696 0.1048
vn -0.1257 0.9872 0.0976
vn 0.3278 0.9126 0.2443
vn 0.3328 0.9355 0.1183
vn -0.5628 0.8252 0.0470
vn 0.0158 0.9633 0.2677
vn 0.0550 0.9099 0.4111
vn 0.3430 0.8529 0.3936
vn 0.0067 -0.6073 -0.7944
vn 0.0000 -0.5658 -0.8245
vn 0.4364 -0.0323 0.8991
vn 0.5985 -0.0249 0.8007
vn 0.0000 -1.0000 0.0002
vn -0.0090 -0.7018 0.7123
vn 0.0014 -0.8592 0.5116
vn 0.0001 -1.0000 0.0004
vn 0.0002 -1.0000 0.0005
vn 0.9964 0.0436 0.0722
vn 0.9946 0.0702 0.0757
vn 0.9204 0.0047 0.3909
vn 0.9220 0.0484 0.3841
vn 0.8440 0.0593 -0.5331
vn 0.5487 -0.0327 -0.8354
vn 0.7156 0.1874 -0.6728
vn 0.9748 0.1655 -0.1498
vn 0.9356 0.3467 0.0667
vn 0.9088 0.4162 -0.0275
vn -0.4031 0.1194 -0.9073
vn -0.7564 0.0000 0.6540
vn -0.7304 0.3077 0.6098
vn -0.9239 0.3827 0.0000
vn -1.0000 0.0000 0.0000
vn 0.0727 0.7477 -0.6601
vn 0.0542 0.1886 -0.9805
vn 0.1075 0.1878 -0.9763
vn 0.0339 0.7819 -0.6224
vn -0.0542 0.1886 -0.9805
vn -0.0339 0.7819 -0.6224
vn -0.0752 0.7264 -0.6831
vn -0.1075 0.1878 -0.9763
vn 0.5278 0.7212 0.4486
vn 0.6282 0.7577 0.1766
vn 0.6989 0.7116 -0.0710
vn 0.7497 0.6315 -0.1976
vn 0.7601 0.5173 -0.3932
vn -0.9902 0.0407 0.1331
vn -0.9845 0.0636 0.1635
vn -0.9838 0.0461 0.1730
vn -0.9822 0.0947 0.1618
vn 0.3394 0.7248 0.5995
vn 0.0611 0.0046 0.9981
vn 0.0581 0.0018 0.9983
vn -0.0576 0.0021 0.9983
vn -0.0634 0.0020 0.9980
vn -0.0851 0.0230 0.9961
vn 0.3991 0.9169 0.0000
vn -0.3675 0.9300 0.0000
vn -0.3991 0.9169 0.0000
vn 0.9057 0.3213 -0.2766
vn 0.6999 0.1349 -0.7013
vn 0.6443 0.6003 -0.4737
vn 0.8211 -0.0763 0.5656
vn 0.8090 0.4542 0.3732
vn 0.6501 0.5036 -0.5690
vn 0.0952 -0.0157 -0.9953
vn 0.1080 -0.0115 -0.9941
vn 0.0000 0.0000 -1.0000
vn 0.0589 -0.0069 -0.9982
vn 0.0590 -0.0032 -0.9982
vn -0.0624 -0.0034 -0.9980
vn -0.0592 -0.0052 -0.9982
vn -0.0870 -0.0392 -0.9954
vn -0.0790 -0.0386 -0.9961
vn -0.1138 0.0000 -0.9935
vn 0.8001 0.5448 -0.2512
vn 0.4292 0.8230 -0.3721
vn 0.8765 0.4520 -0.1655
vn 0.8574 0.5121 -0.0503
vn 0.9607 0.2773 -0.0120
vn 0.9636 0.2411 0.1155
vn 0.8908 0.4408 0.1101
vn 0.7761 0.1971 0.5990
vn 0.7808 0.1222 0.6127
vn 0.9893 0.0565 0.1343
vn 0.7246 -0.6891 0.0038
vn 0.9739 0.2262 0.0171
vn 0.9841 0.1738 0.0363
vn 0.9843 0.0439 -0.1707
vn 0.6409 -0.7561 -0.1324
vn 0.9722 0.0725 -0.2228
vn 0.8534 0.4758 -0.2130
vn 0.9432 0.2084 -0.2586
vn 0.6534 0.7040 -0.2782
vn 0.8670 0.0802 -0.4917
vn 0.9115 0.0796 -0.4035
vn 0.9545 0.0820 -0.2866
vn 0.8856 0.1046 -0.4526
vn -0.7020 0.1345 -0.6993
vn -0.9998 0.0057 -0.0186
vn -0.9498 0.2752 -0.1489
vn -0.6443 0.6003 -0.4737
vn -0.5029 -0.8122 0.2956
vn -0.5499 -0.7848 0.2857
vn 0.4853 -0.8216 0.2990
vn 0.4880 -0.8202 0.2985
vn -0.5000 0.8138 -0.2962
vn 0.5000 0.8138 -0.2962
vn 0.0697 0.9583 -0.2771
vn 0.0170 0.5640 -0.8256
vn 0.0129 0.8879 -0.4598
vn -0.0423 0.5502 -0.8339
vn -0.0689 0.9604 -0.2700
vn -0.0387 0.5549 -0.8310
vn -0.0387 0.5557 -0.8305
vn 0.0198 0.9973 -0.0701
vn 0.0706 0.9784 -0.1941
vn 0.3753 0.9142 -0.1530
vn 0.0134 0.9487 -0.3158
vn 0.2262 0.9672 -0.1152
vn 0.2674 0.9526 -0.1452
vn -0.2588 0.9659 0.0000
vn 0.2588 -0.9659 0.0000
vn -0.4282 -0.1147 0.8964
vn 0.8754 0.2346 0.4226
vn 0.4282 0.1147 -0.8964
vn -0.8754 -0.2346 -0.4226
vn 0.4433 0.0000 0.8964
vn -0.9063 0.0000 0.4226
vn -0.4433 0.0000 -0.8964
vn 0.9063 0.0000 -0.4226
vn 0.3294 -0.0883 -0.9400
vn 0.3571 -0.1010 -0.9286
vn 0.7819 -0.2095 -0.5870
vn 0.2104 -0.0475 0.9764
vn 0.0664 -0.0052 0.9978
vn 0.2107 -0.0565 0.9759
vn 0.0431 0.0000 0.9991
vn -0.0934 -0.0214 0.9954
vn 0.0428 -0.6774 0.7343
vn 0.1037 -0.5586 0.8229
vn -0.0967 0.0000 0.9953
vn 0.0929 0.0220 -0.9954
vn -0.4780 0.0000 -0.8784
vn -0.4209 0.4530 -0.7859
vn -0.0316 0.7611 -0.6478
vn -0.0387 0.0012 -0.9992
vn -0.0620 0.0043 -0.9980
vn 0.0070 -0.9965 -0.0831
vn -0.0029 -0.8038 0.5948
vn 0.0653 -0.9972 -0.0369
vn -0.0081 -0.8277 0.5611
vn -0.0073 -0.9962 -0.0865
vn -0.8095 0.0000 -0.5870
vn -0.7295 0.4475 -0.5171
vn 0.2014 0.4561 0.8668
vn -0.0004 -0.0810 0.9967
vn -0.0006 -0.0788 0.9969
vn 0.0083 -0.9785 0.2059
vn 0.0114 -0.9787 0.2049
vn 0.0042 -0.6639 0.7478
vn 0.0045 -0.6645 0.7472
vn -0.9909 -0.0575 -0.1219
vn -0.9915 -0.0593 -0.1156
vn -0.9974 -0.0693 0.0162
vn -0.9976 -0.0681 -0.0138
vn -0.9948 -0.0657 0.0769
vn 0.0058 -0.7458 -0.6662
vn 0.0234 -0.4852 -0.8741
vn 0.0093 -0.7933 -0.6088
vn 0.0467 -0.4972 -0.8664
vn 0.0226 -0.8944 -0.4467
vn 0.0016 -0.9004 -0.4349
vn 0.9904 -0.0411 -0.1321
vn 0.9920 -0.0565 -0.1126
vn 0.9973 -0.0680 0.0285
vn 0.9942 -0.1021 0.0345
vn 0.0997 -0.2021 -0.9743
vn 0.1127 -0.1895 -0.9754
vn 0.1108 -0.1914 -0.9752
vn 0.0975 -0.2042 -0.9741
vn 0.3912 0.7683 0.5067
vn -0.4216 -0.3298 0.8446
vn -0.4333 -0.3731 0.8203
vn -0.4321 -0.3682 0.8232
vn -0.4202 -0.3249 0.8472
vn -0.0898 -0.2491 -0.9643
vn -0.0802 -0.2687 -0.9599
vn -0.0816 -0.2659 -0.9605
vn -0.0913 -0.2459 -0.9649
vn 0.5581 -0.4896 0.6699
vn 0.5646 -0.5183 0.6423
vn 0.4592 -0.1983 0.8659
vn 0.4461 -0.1680 0.8791
vn -0.5260 0.7392 0.4205
vn -0.2785 0.6464 0.7103
vn -0.2998 0.6575 0.6912
vn -0.5593 0.7436 0.3663
vn 0.0459 -0.4943 -0.8680
vn 0.0623 -0.4966 -0.8657
vn 0.0601 -0.4963 -0.8660
vn 0.0434 -0.4939 -0.8684
vn 0.6064 0.3906 0.6925
vn -0.7278 0.3342 0.5988
vn -0.7241 0.3356 0.6025
vn -0.7704 0.3174 0.5529
vn -0.7744 0.3157 0.5483
vn 0.0000 -0.9495 0.3138
vn 0.9997 -0.0084 -0.0231
vn 0.0000 0.9290 -0.3699
vn -0.9997 -0.0084 -0.0231
vn 0.0000 0.3420 0.9397
vn -0.7826 0.2996 0.5456
vn -0.5279 0.3169 -0.7880
vn 0.5925 0.8055 -0.0006
vn 0.6439 0.7650 -0.0092
vn 0.1683 0.9843 0.0537
vn 0.1817 0.9820 0.0511
vn 0.8541 0.5180 -0.0460
vn 0.8771 0.4773 -0.0531
vn 0.1834 -0.9778 -0.1006
vn -0.1004 -0.9933 0.0566
vn -0.0937 -0.9955 0.0108
vn -0.0011 -1.0000 -0.0005
vn -0.0028 -0.9996 -0.0285
vn 0.0000 -1.0000 -0.0001
vn 0.0000 -1.0000 -0.0008
vn 0.0011 -1.0000 -0.0005
vn -0.0001 -0.9998 -0.0219
vn -0.0424 -0.9964 -0.0737
vn -0.0939 -0.9904 -0.1010
vn -0.0214 -0.9960 -0.0863
vn 0.0349 -0.9966 -0.0743
vn 0.1253 -0.9898 -0.0670
vn 0.0892 -0.9948 -0.0482
vn -0.0258 -0.9994 -0.0248
vn -0.0751 -0.9971 -0.0126
vn 0.0002 -0.9991 -0.0407
vn 0.0016 -0.7953 -0.6062
vn 0.0036 -0.7667 -0.6420
vn -0.0020 -1.0000 0.0003
vn -0.0001 -1.0000 0.0009
vn 0.0016 -1.0000 0.0014
vn -0.8218 0.4906 0.2898
vn -0.8618 0.2973 0.4109
vn -0.3428 0.5562 0.7570
vn -0.2862 0.8460 0.4498
vn -0.6288 0.7692 -0.1133
vn -0.0216 0.9956 -0.0906
vn -0.3234 0.7168 -0.6177
vn -0.7745 0.4292 -0.4646
vn 0.0058 0.5986 0.8010
vn -0.0329 0.8737 0.4853
vn 0.0228 0.9991 -0.0342
vn -0.2111 0.7552 -0.6205
vn -0.1794 0.3789 -0.9079
vn -0.3604 0.3619 -0.8597
vn -0.2155 0.3688 0.9041
vn 0.1009 0.3671 0.9247
vn -0.7213 0.1304 -0.6802
vn -0.9359 0.0774 -0.3437
vn -0.7941 0.2216 -0.5659
vn -0.9707 0.1102 -0.2136
vn -0.9885 0.1366 -0.0641
vn -0.9748 0.2065 0.0845
vn -0.9633 0.1263 0.2369
vn -0.9758 0.0878 0.2003
vn -0.7852 0.2597 0.5621
vn -0.2850 0.1652 -0.9442
vn -0.1161 0.1622 -0.9799
vn -0.0774 0.7140 0.6959
vn -0.0663 0.7138 0.6972
vn -0.0648 0.7135 0.6977
vn -0.0672 0.7199 0.6908
vn -0.0002 0.7371 0.6757
vn 0.0699 0.7190 0.6915
vn 0.0684 0.7201 0.6905
vn 0.0684 0.7165 0.6942
vn 0.0669 0.7208 0.6899
vn -0.9946 0.0727 -0.0744
vn -0.9643 0.2476 -0.0933
vn -0.9849 0.1477 -0.0900
vn -0.0064 -0.5962 -0.8027
vn 0.0513 0.5672 -0.8219
vn 0.0642 0.5741 -0.8162
vn 0.9773 0.2038 0.0584
vn 0.9769 0.2048 0.0609
vn 0.9769 0.2047 0.0612
vn 0.9769 0.2043 0.0625
vn 0.9734 0.2232 0.0525
vn 0.9863 0.1538 0.0597
vn 0.9869 0.1495 0.0605
vn 0.9652 0.2422 -0.0986
vn 0.9661 0.2392 -0.0967
vn -0.1729 0.2364 0.9561
vn -0.2301 -0.0026 0.9731
vn 0.0117 -0.9585 0.2847
vn 0.0049 -0.9414 0.3372
vn -0.0103 -0.9600 -0.2799
vn -0.0049 -0.9432 -0.3322
vn 0.0130 -0.6198 0.7846
vn 0.0013 -0.5788 0.8155
vn 0.0029 -0.7674 0.6411
vn -0.0018 -0.8592 0.5117
vn 0.6180 -0.7015 0.3548
vn 0.6704 -0.6434 0.3696
vn 0.7080 -0.5560 0.4355
vn 0.7106 -0.5551 0.4322
vn 0.0000 0.1854 -0.9826
vn 0.0000 0.7541 -0.6567
vn -0.0001 -1.0000 0.0004
vn -0.0002 -1.0000 0.0005
vn 0.3958 0.5672 0.7222
vn 0.1910 -0.1022 0.9762
vn -0.3283 0.5248 0.7854
vn 0.0405 0.6934 0.7194
vn 0.0895 0.8184 -0.5675
vn -0.1946 0.7861 -0.5867
vn -0.4606 0.6883 -0.5604
vn -0.1455 0.8436 -0.5169
vn 0.9999 -0.0112 0.0041
vn 0.9991 0.0402 -0.0146
vn 0.5393 0.4459 -0.7143
vn 0.8104 0.2392 0.5348
vn 1.0000 0.0000 0.0000
vn 0.9216 0.2737 -0.2753
vn 0.6983 0.1352 -0.7029
vn 0.6426 0.6011 -0.4751
vn 0.0000 0.1853 -0.9827
vn 0.0000 0.7545 -0.6562
vn -0.6426 0.6011 -0.4751
vn -0.6983 0.1352 -0.7029
vn -0.6970 0.2929 0.6545
vn -0.7456 0.3833 -0.5451
vn -0.9038 0.3255 -0.2777
vn -0.0077 -0.5806 0.8141
vn -0.0203 -0.6106 0.7917
vn -0.0079 -0.9403 0.3401
vn -0.0115 -0.9510 0.3089
vn -0.3090 0.0042 -0.9510
vn 0.0651 -0.0004 -0.9979
vn -0.0346 0.7576 -0.6517
vn 0.0103 -0.9600 -0.2799
vn 0.0047 -0.9477 -0.3191
vn 0.1189 0.9924 -0.0314
vn 0.2022 0.9784 0.0419
vn 0.2008 0.9789 0.0371
vn 0.0979 0.9948 -0.0273
vn -0.1666 0.9857 0.0262
vn 0.2885 -0.9371 0.1963
vn 0.1264 -0.9912 -0.0378
vn -0.1250 -0.9916 0.0311
vn -0.1060 -0.9939 0.0312
vn -0.2047 -0.9782 -0.0338
vn -0.2064 -0.9777 -0.0389
vn 0.0199 0.5603 0.8280
vn -0.3755 0.7607 0.5294
vn 0.4645 0.4119 0.7840
vn 0.0487 -0.0542 0.9973
vn 0.0000 -0.0867 0.9962
vn 0.3090 0.0043 -0.9510
vn -0.0650 -0.0005 -0.9979
vn -0.1941 0.6369 0.7461
vn -0.1909 0.6293 0.7533
vn -0.3754 0.3840 0.8435
vn -0.3837 0.3724 0.8450
vn -0.1922 0.0028 0.9813
vn 0.1922 0.0028 0.9813
vn 0.3844 0.3157 0.8675
vn 0.1262 0.6552 0.7448
vn 0.1447 0.6532 0.7432
vn -0.1922 -0.6286 -0.7536
vn -0.3834 -0.3826 -0.8405
vn -0.3897 -0.3768 -0.8403
vn 0.1922 -0.6286 -0.7536
vn 0.3844 -0.3157 -0.8675
vn 0.2595 -0.0397 -0.9649
vn 0.2605 -0.0312 -0.9650
vn -0.1755 -0.0200 -0.9843
vn -0.1796 0.0039 -0.9837
vn 0.0972 -0.9851 0.1418
vn -0.3081 0.7391 -0.5990
vn -0.0424 0.7590 -0.6496
vn 0.2604 0.8251 -0.5013
usemtl Car_Civilian_Destroyed_Mat
s 1
f 34/1/1 50/2/2 45/3/3
f 555/4/4 1028/5/5 557/6/6
f 559/7/7 1028/5/5 555/4/4
f 561/8/8 1028/5/5 559/7/7
f 563/9/9 1028/5/5 561/8/8
f 299/10/10 295/11/11 297/12/12
f 296/13/13 297/12/12 295/11/11
f 23/14/14 299/10/10 25/15/15
f 295/11/11 299/10/10 23/14/14
f 39/16/16 295/11/11 23/14/14
f 296/13/13 295/11/11 39/16/16
f 282/17/17 296/13/13 39/16/16
f 281/18/18 296/13/13 282/17/17
f 281/18/18 297/12/12 296/13/13
f 298/19/19 297/12/12 281/18/18
f 299/10/10 297/12/12 298/19/19
f 299/10/10 298/19/19 25/15/15
f 39/16/16 176/20/20 282/17/17
f 39/16/16 23/14/14 40/21/21
f 81/22/22 63/23/23 82/24/24
f 65/25/25 81/22/22 82/26/24
f 65/25/25 67/27/26 81/22/22
f 84/28/27 83/29/28 85/30/29
f 84/28/27 62/31/30 83/29/28
f 95/32/31 62/31/30 84/28/27
f 95/32/31 64/33/32 62/31/30
f 63/23/23 62/31/30 64/33/32
f 63/23/23 61/34/33 62/31/30
f 81/22/22 61/34/33 63/23/23
f 285/35/34 61/34/33 81/22/22
f 81/22/22 86/36/35 285/35/34
f 62/31/30 61/34/33 83/29/28
f 930/37/36 931/38/37 981/39/38
f 981/39/38 980/40/39 930/37/36
f 982/41/40 980/40/39 981/39/38
f 982/41/40 981/39/38 983/42/41
f 983/42/41 938/43/42 982/41/40
f 938/43/42 987/44/43 982/41/40
f 987/44/43 985/45/44 982/41/40
f 985/45/44 987/44/43 933/46/45
f 987/44/43 935/47/46 933/46/45
f 53/48/47 51/49/48 52/50/49
f 53/48/47 52/50/49 54/51/50
f 55/52/51 53/48/47 54/51/50
f 55/52/51 54/51/50 56/53/52
f 45/3/3 50/2/2 48/54/53
f 811/55/54 11/56/55 49/57/56
f 11/56/55 48/54/53 49/57/56
f 11/56/55 47/58/57 48/54/53
f 48/54/53 47/58/57 45/3/3
f 45/3/3 47/58/57 27/59/58
f 47/58/57 29/60/59 27/59/58
f 47/58/57 46/61/60 29/60/59
f 12/62/61 46/61/60 47/58/57
f 12/62/61 47/58/57 11/56/55
f 12/62/61 11/56/55 10/63/62
f 11/56/55 9/64/63 10/63/62
f 9/64/63 11/56/55 811/55/54
f 9/64/63 811/55/54 33/65/64
f 33/65/64 31/66/65 9/64/63
f 33/65/64 32/67/66 31/66/65
f 32/67/66 30/68/67 31/66/65
f 914/69/68 30/68/67 32/67/66
f 914/69/68 32/67/66 916/70/69
f 2/71/70 24/72/71 4/73/72
f 3/74/73 2/71/70 4/73/72
f 10/63/62 3/74/73 4/73/72
f 10/63/62 9/75/63 3/74/73
f 3/74/73 9/75/63 22/76/74
f 1/77/75 3/74/73 22/76/74
f 3/74/73 1/77/75 2/71/70
f 2/71/70 1/77/75 42/78/76
f 31/79/65 20/80/77 22/81/74
f 22/81/74 9/82/63 31/79/65
f 1039/83/78 989/84/79 988/85/80
f 1004/86/81 989/84/79 1007/87/82
f 1039/83/78 1007/87/82 989/84/79
f 1039/83/78 984/88/83 1007/87/82
f 1039/83/78 988/85/80 984/88/83
f 985/45/44 984/88/83 988/85/80
f 982/41/40 985/45/44 988/85/80
f 988/85/80 980/40/39 982/41/40
f 988/85/80 989/84/79 980/40/39
f 980/40/39 989/84/79 957/89/84
f 955/90/85 957/89/84 989/84/79
f 984/88/83 999/91/86 1007/87/82
f 980/40/39 957/89/84 930/37/36
f 933/46/45 978/92/87 985/45/44
f 986/93/88 985/45/44 978/92/87
f 986/93/88 984/88/83 985/45/44
f 926/94/89 984/88/83 986/93/88
f 926/94/89 999/91/86 984/88/83
f 927/95/90 999/91/86 926/94/89
f 927/95/90 1000/96/91 999/91/86
f 1002/97/92 999/91/86 1000/96/91
f 999/91/86 1002/97/92 1007/87/82
f 1002/97/92 997/98/93 1007/87/82
f 997/98/93 998/99/94 1007/87/82
f 998/99/94 1004/86/81 1007/87/82
f 1002/97/92 1000/96/91 1001/100/95
f 1003/101/96 955/90/85 989/84/79
f 1004/86/81 1003/101/96 989/84/79
f 1005/102/97 1003/101/96 1004/86/81
f 1006/103/98 1005/102/97 1004/86/81
f 1006/103/98 1004/86/81 998/99/94
f 996/104/99 1006/103/98 998/99/94
f 998/99/94 997/98/93 996/104/99
f 997/98/93 995/105/100 996/104/99
f 976/106/101 975/107/102 974/108/103
f 975/107/102 932/109/104 974/108/103
f 932/109/104 975/107/102 977/110/105
f 978/111/87 932/109/104 977/110/105
f 979/112/106 978/111/87 977/110/105
f 932/109/104 978/111/87 933/113/45
f 965/114/107 964/115/108 1038/116/109
f 966/117/110 964/115/108 965/114/107
f 966/117/110 965/114/107 967/118/111
f 421/119/112 816/120/113 422/121/114
f 961/122/115 928/123/116 960/124/117
f 928/123/116 959/125/118 960/124/117
f 959/125/118 928/123/116 930/126/36
f 423/127/119 818/128/120 424/129/121
f 950/130/122 952/131/123 951/132/124
f 951/132/124 949/133/125 950/130/122
f 953/134/126 949/133/125 951/132/124
f 951/132/124 954/135/127 953/134/126
f 953/134/126 954/135/127 1037/136/128
f 931/137/37 929/138/129 946/139/130
f 947/140/131 946/139/130 929/138/129
f 948/141/132 947/140/131 929/138/129
f 28/142/133 27/59/58 29/60/59
f 28/142/133 26/143/134 27/59/58
f 27/59/58 26/143/134 34/1/1
f 45/3/3 27/59/58 34/1/1
f 34/1/1 36/144/135 50/2/2
f 36/144/135 34/1/1 35/145/136
f 35/145/136 37/146/137 36/144/135
f 148/147/138 149/148/139 1035/149/140
f 148/147/138 146/150/141 147/151/142
f 149/148/139 148/147/138 147/151/142
f 44/152/143 149/148/139 147/151/142
f 149/148/139 44/152/143 1035/149/140
f 44/152/143 26/153/134 1035/149/140
f 26/153/134 148/147/138 1035/149/140
f 28/154/133 148/147/138 26/153/134
f 147/151/142 172/155/144 43/156/145
f 43/156/145 44/152/143 147/151/142
f 43/156/145 26/153/134 44/152/143
f 43/156/145 34/157/1 26/153/134
f 1030/158/146 565/159/147 556/160/148
f 1030/158/146 556/160/148 557/161/6
f 1030/158/146 568/162/149 1029/163/150
f 1030/158/146 1029/163/150 565/159/147
f 1030/158/146 563/164/9 562/165/151
f 1030/158/146 562/165/151 568/162/149
f 1030/158/146 557/161/6 1028/166/5
f 1030/158/146 1028/166/5 563/164/9
f 567/167/152 1029/168/150 568/169/149
f 565/170/147 1029/168/150 564/171/153
f 564/171/153 1029/168/150 566/172/154
f 566/172/154 1029/168/150 567/167/152
f 567/167/152 558/173/155 566/172/154
f 567/167/152 560/174/156 558/173/155
f 559/7/7 558/173/155 560/174/156
f 554/175/157 558/173/155 559/7/7
f 559/7/7 555/4/4 554/175/157
f 558/173/155 554/175/157 564/171/153
f 558/173/155 564/171/153 566/172/154
f 561/8/8 559/7/7 560/174/156
f 940/176/158 942/177/159 941/178/160
f 941/178/160 939/179/161 940/176/158
f 944/180/162 939/179/161 941/178/160
f 944/180/162 941/178/160 943/181/163
f 945/182/164 944/180/162 943/181/163
f 937/183/165 993/184/166 994/185/167
f 937/183/165 936/186/168 993/184/166
f 938/187/42 936/186/168 937/183/165
f 910/188/169 37/189/137 35/190/136
f 910/188/169 911/191/170 37/189/137
f 911/191/170 910/188/169 913/192/171
f 911/191/170 913/192/171 912/193/172
f 906/194/173 912/193/172 913/192/171
f 906/194/173 913/192/171 907/195/174
f 908/196/175 906/194/173 907/195/174
f 908/196/175 907/195/174 909/197/176
f 909/197/176 917/198/177 908/196/175
f 909/197/176 915/199/178 917/198/177
f 915/199/178 916/200/69 917/198/177
f 915/199/178 914/201/68 916/200/69
f 549/202/179 1027/203/180 550/204/181
f 544/205/182 541/206/183 542/207/184
f 542/207/184 543/208/185 544/205/182
f 544/205/182 543/208/185 545/209/186
f 552/210/187 545/209/186 543/208/185
f 553/211/188 545/209/186 552/210/187
f 552/210/187 1027/203/180 553/211/188
f 551/212/189 1027/203/180 552/210/187
f 550/204/181 1027/203/180 551/212/189
f 543/208/185 550/204/181 551/212/189
f 543/208/185 542/207/184 550/204/181
f 542/207/184 549/202/179 550/204/181
f 542/207/184 540/213/190 549/202/179
f 552/210/187 543/208/185 551/212/189
f 553/211/188 547/214/191 545/209/186
f 546/215/192 544/205/182 545/209/186
f 485/216/193 486/217/194 498/218/195
f 497/219/196 486/217/194 496/220/197
f 486/217/194 484/221/198 496/220/197
f 484/221/198 486/217/194 485/216/193
f 485/216/193 483/222/199 484/221/198
f 483/222/199 485/216/193 487/223/200
f 487/223/200 488/224/201 483/222/199
f 488/224/201 905/225/202 483/222/199
f 599/226/203 609/227/204 610/228/204
f 599/226/203 601/229/205 609/227/204
f 601/229/205 599/226/203 600/230/206
f 601/229/205 600/230/206 602/231/207
f 581/232/208 602/231/207 600/230/206
f 581/232/208 600/230/206 582/233/209
f 583/234/210 581/232/208 582/233/209
f 583/234/210 582/233/209 584/235/211
f 464/236/212 495/237/213 466/238/214
f 490/239/215 474/240/216 470/241/217
f 490/239/215 470/241/217 489/242/218
f 470/241/217 469/243/219 489/242/218
f 469/243/219 464/236/212 489/242/218
f 464/236/212 469/243/219 494/244/220
f 464/236/212 494/244/220 495/237/213
f 495/237/213 494/244/220 493/245/221
f 495/237/213 493/245/221 466/238/214
f 493/245/221 465/246/222 466/238/214
f 465/246/222 464/236/212 466/238/214
f 476/247/223 474/240/216 490/239/215
f 493/245/221 492/248/224 465/246/222
f 465/246/222 463/249/225 464/236/212
f 468/250/226 464/236/212 463/249/225
f 463/249/225 479/251/227 468/250/226
f 467/252/228 468/250/226 479/251/227
f 479/251/227 477/253/229 467/252/228
f 467/252/228 477/253/229 476/247/223
f 467/252/228 476/247/223 491/254/230
f 476/247/223 490/239/215 491/254/230
f 490/239/215 467/252/228 491/254/230
f 490/239/215 489/242/218 467/252/228
f 464/236/212 467/252/228 489/242/218
f 468/250/226 467/252/228 464/236/212
f 463/249/225 481/255/231 479/251/227
f 450/256/232 462/257/233 448/258/234
f 450/256/232 453/259/235 1025/260/236
f 450/256/232 448/258/234 449/261/237
f 449/261/237 451/262/238 450/256/232
f 450/256/232 451/262/238 452/263/239
f 452/263/239 453/259/235 450/256/232
f 453/259/235 452/263/239 444/264/240
f 452/263/239 443/265/241 444/264/240
f 449/261/237 432/266/242 436/267/243
f 460/268/244 449/261/237 436/267/243
f 451/262/238 449/261/237 460/268/244
f 460/268/244 461/269/245 451/262/238
f 427/270/246 459/271/247 429/272/248
f 458/273/249 428/274/250 429/272/248
f 428/274/250 427/270/246 429/272/248
f 428/274/250 426/275/251 427/270/246
f 431/276/252 427/270/246 426/275/251
f 431/276/252 430/277/253 427/270/246
f 430/277/253 431/276/252 442/278/254
f 442/278/254 441/279/255 430/277/253
f 458/273/249 457/280/256 428/274/250
f 427/270/246 430/277/253 454/281/257
f 456/282/258 439/283/259 437/284/260
f 456/282/258 437/284/260 455/285/261
f 437/284/260 454/281/257 455/285/261
f 437/284/260 434/286/262 454/281/257
f 434/286/262 435/287/263 454/281/257
f 435/287/263 427/270/246 454/281/257
f 427/270/246 435/287/263 446/288/264
f 427/270/246 446/288/264 459/271/247
f 459/271/247 446/288/264 458/273/249
f 459/271/247 458/273/249 429/272/248
f 576/289/265 575/290/266 574/291/267
f 575/290/266 573/292/268 574/291/267
f 575/290/266 606/293/269 573/292/268
f 606/293/269 605/294/270 573/292/268
f 605/294/270 606/293/269 590/295/271
f 590/295/271 589/296/272 605/294/270
f 591/297/273 589/296/272 590/295/271
f 591/297/273 590/295/271 592/298/273
f 414/299/274 413/300/275 814/301/276
f 562/302/151 567/167/152 568/169/149
f 562/302/151 560/174/156 567/167/152
f 561/8/8 560/174/156 562/302/151
f 563/9/9 561/8/8 562/302/151
f 817/303/277 405/304/278 407/305/279
f 555/4/4 557/6/6 556/306/148
f 556/306/148 554/175/157 555/4/4
f 564/171/153 554/175/157 556/306/148
f 564/171/153 556/306/148 565/170/147
f 403/307/280 1023/308/281 401/309/282
f 411/310/283 410/311/284 409/312/285
f 410/311/284 402/313/286 409/312/285
f 412/314/287 409/312/285 402/313/286
f 412/314/287 402/313/286 401/309/282
f 403/307/280 401/309/282 402/313/286
f 402/313/286 404/315/288 403/307/280
f 541/206/183 540/213/190 542/207/184
f 541/206/183 539/316/289 540/213/190
f 541/206/183 1026/317/290 539/316/289
f 544/205/182 1026/317/290 541/206/183
f 546/215/192 1026/317/290 544/205/182
f 548/318/291 1026/317/290 546/215/192
f 538/319/292 537/320/293 523/321/294
f 537/320/293 521/322/295 523/321/294
f 519/323/296 521/322/295 537/320/293
f 537/320/293 536/324/297 519/323/296
f 518/325/298 519/323/296 536/324/297
f 536/324/297 535/326/299 518/325/298
f 40/21/21 23/14/14 41/327/300
f 21/328/301 40/21/21 41/327/300
f 24/329/71 23/14/14 25/15/15
f 24/329/71 2/330/70 23/14/14
f 42/331/76 23/14/14 2/330/70
f 42/331/76 41/327/300 23/14/14
f 41/327/300 42/331/76 1/332/75
f 1/332/75 21/328/301 41/327/300
f 1/332/75 22/81/74 21/328/301
f 22/81/74 20/80/77 21/328/301
f 293/333/302 21/328/301 20/80/77
f 293/333/302 20/80/77 31/79/65
f 177/334/303 173/335/304 172/336/144
f 520/337/305 518/338/298 517/339/306
f 520/337/305 519/340/296 518/338/298
f 522/341/307 519/340/296 520/337/305
f 522/341/307 521/342/295 519/340/296
f 523/343/294 521/342/295 522/341/307
f 524/344/308 523/343/294 522/341/307
f 287/345/309 289/346/310 1010/347/311
f 516/348/312 514/349/313 513/350/314
f 516/348/312 515/351/315 514/349/313
f 516/348/312 518/338/298 515/351/315
f 516/348/312 517/339/306 518/338/298
f 1002/97/92 1001/100/95 995/105/100
f 997/98/93 1002/97/92 995/105/100
f 969/352/316 968/353/317 924/354/318
f 969/352/316 924/354/318 970/355/319
f 973/356/320 970/355/319 924/354/318
f 972/357/321 973/356/320 924/354/318
f 971/358/322 972/357/321 924/354/318
f 924/354/318 926/359/89 971/358/322
f 957/360/84 955/361/85 956/362/323
f 957/360/84 956/362/323 958/363/324
f 962/364/325 958/363/324 956/362/323
f 956/362/323 963/365/326 962/364/325
f 991/366/327 962/364/325 963/365/326
f 991/366/327 963/365/326 990/367/328
f 992/368/329 991/366/327 990/367/328
f 513/350/314 514/349/313 511/369/330
f 511/369/330 512/370/331 513/350/314
f 512/370/331 511/369/330 510/371/332
f 512/370/331 510/371/332 509/372/333
f 508/373/334 509/372/333 510/371/332
f 508/373/334 510/371/332 507/374/335
f 934/375/336 932/376/104 933/377/45
f 933/377/45 935/378/46 934/375/336
f 930/379/36 928/380/116 929/381/129
f 929/381/129 931/382/37 930/379/36
f 926/383/89 924/384/318 925/385/337
f 925/385/337 927/386/90 926/383/89
f 455/285/261 454/281/257 430/277/253
f 455/285/261 430/277/253 456/282/258
f 538/319/292 530/387/338 529/388/339
f 531/389/340 529/388/339 510/390/332
f 529/388/339 507/391/335 510/390/332
f 507/391/335 529/388/339 530/387/338
f 507/391/335 530/387/338 505/392/341
f 532/393/342 529/388/339 531/389/340
f 538/319/292 536/324/297 537/320/293
f 535/326/299 536/324/297 538/319/292
f 538/319/292 534/394/343 535/326/299
f 534/394/343 538/319/292 529/388/339
f 533/395/344 534/394/343 529/388/339
f 532/393/342 533/395/344 529/388/339
f 533/395/344 532/393/342 514/396/313
f 532/393/342 511/397/330 514/396/313
f 532/393/342 531/389/340 511/397/330
f 531/389/340 510/390/332 511/397/330
f 515/398/315 534/394/343 533/395/344
f 515/398/315 533/395/344 514/396/313
f 895/399/345 894/400/346 871/401/347
f 895/399/345 871/401/347 896/402/348
f 894/400/346 873/403/349 867/404/350
f 894/400/346 875/405/351 873/403/349
f 895/399/345 875/405/351 894/400/346
f 895/399/345 876/406/352 875/405/351
f 896/402/348 876/406/352 895/399/345
f 896/402/348 878/407/353 876/406/352
f 873/403/349 887/408/354 897/409/355
f 873/403/349 897/409/355 867/404/350
f 867/404/350 897/409/355 869/410/356
f 868/411/357 867/404/350 869/410/356
f 868/411/357 866/412/358 867/404/350
f 867/404/350 866/412/358 870/413/359
f 885/414/360 870/413/359 866/412/358
f 885/414/360 883/415/361 870/413/359
f 870/413/359 883/415/361 880/416/362
f 870/413/359 880/416/362 871/401/347
f 870/413/359 871/401/347 867/404/350
f 867/404/350 871/401/347 894/400/346
f 904/417/363 494/418/220 469/419/219
f 469/419/219 471/420/364 904/417/363
f 902/421/365 886/422/366 903/423/367
f 888/424/368 884/425/369 901/426/370
f 892/427/371 888/424/368 901/426/370
f 892/427/371 901/426/370 902/421/365
f 893/428/372 892/427/371 902/421/365
f 903/423/367 893/428/372 902/421/365
f 893/428/372 903/423/367 889/429/373
f 892/427/371 893/428/372 889/429/373
f 889/429/373 888/424/368 892/427/371
f 890/430/374 888/424/368 889/429/373
f 888/424/368 890/430/374 900/431/375
f 879/432/376 881/433/377 890/430/374
f 891/434/378 890/430/374 889/429/373
f 890/430/374 891/434/378 898/435/379
f 898/435/379 891/434/378 877/436/380
f 898/435/379 877/436/380 879/432/376
f 899/437/381 898/435/379 879/432/376
f 890/430/374 899/437/381 879/432/376
f 899/437/381 890/430/374 898/435/379
f 891/434/378 874/438/382 877/436/380
f 484/221/198 483/222/199 472/439/383
f 483/222/199 471/440/364 472/439/383
f 905/225/202 471/440/364 483/222/199
f 905/225/202 904/441/363 471/440/364
f 474/442/216 472/443/383 470/444/217
f 474/442/216 473/445/384 472/443/383
f 475/446/385 473/445/384 474/442/216
f 476/447/223 475/446/385 474/442/216
f 476/447/223 478/448/386 475/446/385
f 476/447/223 477/449/229 478/448/386
f 650/450/273 641/451/387 642/452/388
f 650/450/273 642/452/388 644/453/389
f 649/454/390 636/455/391 635/456/392
f 647/457/393 649/454/390 635/456/392
f 647/457/393 635/456/392 646/458/394
f 648/459/394 647/457/393 646/458/394
f 645/460/395 643/461/395 644/453/389
f 642/462/388 645/460/395 644/453/389
f 641/463/387 639/464/396 640/465/396
f 641/463/387 640/465/396 642/466/388
f 637/467/397 635/456/392 636/468/391
f 638/469/397 637/467/397 636/468/391
f 633/470/273 631/471/273 632/472/273
f 633/470/273 632/472/273 634/473/273
f 629/474/390 627/475/390 628/476/390
f 630/477/390 629/474/390 628/476/390
f 625/478/398 623/479/398 624/480/398
f 625/478/398 624/480/398 626/481/398
f 621/482/399 619/483/399 620/484/399
f 621/482/399 620/484/399 622/485/399
f 617/486/400 615/487/400 616/488/400
f 617/486/400 616/488/400 618/489/400
f 613/490/401 611/491/401 612/492/401
f 613/490/401 612/492/401 614/493/401
f 595/494/402 593/495/403 594/496/403
f 595/494/402 594/496/403 596/497/402
f 579/498/404 576/499/265 578/500/405
f 579/498/404 578/500/405 580/501/406
f 580/501/406 607/502/407 579/498/404
f 607/502/407 608/503/408 579/498/404
f 608/503/408 607/502/407 597/504/409
f 607/502/407 598/505/410 597/504/409
f 594/506/403 597/504/409 598/505/410
f 594/506/403 593/507/403 597/504/409
f 449/261/237 448/258/234 432/266/242
f 448/258/234 433/508/411 432/266/242
f 448/258/234 462/257/233 433/508/411
f 462/257/233 447/509/412 433/508/411
f 268/510/413 261/511/414 267/512/415
f 261/511/414 266/513/416 267/512/415
f 259/514/417 266/513/416 261/511/414
f 576/515/265 574/291/267 577/516/418
f 578/517/405 576/515/265 577/516/418
f 571/518/419 569/519/420 570/520/421
f 570/520/421 572/521/422 571/518/419
f 572/521/422 570/520/421 604/522/423
f 570/520/421 603/523/424 604/522/423
f 604/522/423 603/523/424 585/524/425
f 587/525/426 604/522/423 585/524/425
f 587/525/426 585/524/425 586/526/390
f 588/527/390 587/525/426 586/526/390
f 261/511/414 260/528/427 259/514/417
f 260/528/427 258/529/428 259/514/417
f 260/528/427 263/530/429 258/529/428
f 263/530/429 262/531/430 258/529/428
f 1016/532/431 229/533/432 232/534/433
f 233/535/434 232/534/433 229/533/432
f 233/535/434 229/533/432 228/536/435
f 546/215/192 545/209/186 547/214/191
f 548/318/291 546/215/192 547/214/191
f 538/319/292 523/321/294 505/392/341
f 530/387/338 538/319/292 505/392/341
f 515/398/315 518/325/298 535/326/299
f 535/326/299 534/394/343 515/398/315
f 501/537/436 520/538/305 517/539/306
f 503/540/437 516/541/312 513/542/314
f 517/539/306 516/541/312 503/540/437
f 517/539/306 503/540/437 499/543/438
f 501/537/436 517/539/306 499/543/438
f 501/537/436 499/543/438 500/544/439
f 501/537/436 500/544/439 502/545/440
f 500/544/439 528/546/441 502/545/440
f 528/546/441 522/547/307 502/545/440
f 528/546/441 524/548/308 522/547/307
f 506/549/442 524/548/308 528/546/441
f 503/540/437 513/542/314 504/550/443
f 503/540/437 504/550/443 500/544/439
f 500/544/439 499/543/438 503/540/437
f 506/549/442 528/546/441 500/544/439
f 525/551/444 506/549/442 500/544/439
f 500/544/439 504/550/443 525/551/444
f 526/552/445 525/551/444 504/550/443
f 919/553/446 526/552/445 504/550/443
f 525/551/444 508/554/334 506/549/442
f 506/555/442 505/556/341 523/343/294
f 506/555/442 523/343/294 524/344/308
f 507/374/335 505/557/341 506/558/442
f 508/373/334 507/374/335 506/558/442
f 498/218/195 480/559/447 482/560/448
f 485/216/193 498/218/195 482/560/448
f 478/561/386 480/559/447 498/218/195
f 498/218/195 486/217/194 478/561/386
f 486/217/194 497/219/196 478/561/386
f 497/219/196 475/562/385 478/561/386
f 473/563/384 475/562/385 497/219/196
f 497/219/196 496/220/197 473/563/384
f 472/439/383 473/563/384 496/220/197
f 496/220/197 484/221/198 472/439/383
f 492/248/224 481/255/231 463/249/225
f 492/248/224 463/249/225 465/246/222
f 479/564/227 481/565/231 482/566/448
f 479/564/227 482/566/448 480/567/447
f 477/449/229 479/564/227 480/567/447
f 477/449/229 480/567/447 478/448/386
f 471/568/364 469/569/219 470/444/217
f 470/444/217 472/443/383 471/568/364
f 440/570/449 443/265/241 452/263/239
f 452/263/239 451/262/238 440/570/449
f 438/571/450 440/570/449 451/262/238
f 451/262/238 461/269/245 438/571/450
f 436/267/243 438/571/450 461/269/245
f 461/269/245 460/268/244 436/267/243
f 289/346/310 83/29/28 1010/347/311
f 83/29/28 61/34/33 1010/347/311
f 61/34/33 285/35/34 1010/347/311
f 285/35/34 287/345/309 1010/347/311
f 86/36/35 287/345/309 285/35/34
f 287/345/309 288/572/451 289/346/310
f 287/345/309 286/573/452 288/572/451
f 86/36/35 286/573/452 287/345/309
f 86/36/35 72/574/453 286/573/452
f 71/575/454 72/574/453 86/36/35
f 71/575/454 70/576/455 72/574/453
f 71/575/454 69/577/456 70/576/455
f 73/578/457 84/28/27 85/30/29
f 73/578/457 85/30/29 74/579/458
f 75/580/459 73/578/457 74/579/458
f 75/580/459 74/579/458 76/581/460
f 74/579/458 85/30/29 76/581/460
f 85/30/29 83/29/28 76/581/460
f 83/29/28 1008/582/461 76/581/460
f 83/29/28 290/583/462 1008/582/461
f 290/583/462 83/29/28 288/572/451
f 83/29/28 289/346/310 288/572/451
f 243/584/463 276/585/464 277/586/465
f 243/584/463 277/586/465 272/587/466
f 243/584/463 242/588/467 241/589/468
f 243/584/463 241/589/468 244/590/469
f 243/584/463 244/590/469 276/585/464
f 244/590/469 275/591/470 276/585/464
f 244/590/469 271/592/471 275/591/470
f 271/592/471 252/593/472 275/591/470
f 271/592/471 251/594/473 252/593/472
f 251/594/473 250/595/474 252/593/472
f 251/594/473 249/596/475 250/595/474
f 250/595/474 249/596/475 273/597/476
f 234/598/477 273/597/476 249/596/475
f 234/598/477 270/599/478 273/597/476
f 250/595/474 273/597/476 274/600/479
f 272/587/466 257/601/480 242/588/467
f 272/587/466 242/588/467 243/584/463
f 241/589/468 256/602/481 240/603/482
f 241/589/468 242/588/467 256/602/481
f 256/602/481 242/588/467 257/601/480
f 257/601/480 255/604/483 256/602/481
f 883/605/361 881/606/377 880/607/362
f 883/605/361 882/608/484 881/606/377
f 885/609/360 882/608/484 883/605/361
f 885/609/360 884/610/369 882/608/484
f 880/607/362 881/606/377 879/611/376
f 879/611/376 878/612/353 880/607/362
f 878/612/353 879/611/376 877/613/380
f 877/613/380 876/614/352 878/612/353
f 875/615/351 876/614/352 877/613/380
f 875/615/351 877/613/380 874/616/382
f 238/617/485 235/618/486 251/594/473
f 238/617/485 251/594/473 271/592/471
f 234/598/477 249/596/475 251/594/473
f 251/594/473 235/618/486 234/598/477
f 236/619/487 234/598/477 235/618/486
f 236/619/487 235/618/486 237/620/488
f 237/620/488 235/618/486 238/617/485
f 237/620/488 238/617/485 239/621/489
f 240/603/482 239/621/489 238/617/485
f 240/603/482 238/617/485 241/589/468
f 241/589/468 238/617/485 271/592/471
f 241/589/468 271/592/471 244/590/469
f 844/622/490 847/623/491 848/624/492
f 844/622/490 843/625/493 847/623/491
f 845/626/494 843/625/493 844/622/490
f 846/627/495 845/626/494 844/622/490
f 236/619/487 269/628/496 270/599/478
f 236/619/487 270/599/478 234/598/477
f 265/629/497 264/630/498 262/531/430
f 263/530/429 265/629/497 262/531/430
f 253/631/499 246/632/500 245/633/501
f 254/634/502 253/631/499 245/633/501
f 253/631/499 254/634/502 264/630/498
f 265/629/497 253/631/499 264/630/498
f 280/635/503 278/636/504 279/637/505
f 813/638/506 280/635/503 279/637/505
f 181/639/507 813/638/506 279/637/505
f 247/640/508 245/633/501 246/632/500
f 247/640/508 246/632/500 248/641/509
f 248/641/509 246/632/500 1020/642/510
f 215/643/511 198/644/512 197/645/513
f 215/643/511 197/645/513 213/646/514
f 215/643/511 213/647/514 214/648/515
f 216/649/516 215/643/511 214/648/515
f 220/650/517 215/643/511 216/649/516
f 230/651/518 220/650/517 216/649/516
f 761/652/519 230/651/518 216/649/516
f 761/652/519 760/653/520 230/651/518
f 760/653/520 761/652/519 196/654/521
f 760/653/520 196/654/521 225/655/522
f 225/655/522 196/654/521 194/656/523
f 194/656/523 196/654/521 195/657/524
f 195/657/524 193/658/525 194/656/523
f 216/649/516 214/648/515 761/652/519
f 196/654/521 761/652/519 214/648/515
f 214/648/515 195/657/524 196/654/521
f 218/659/526 225/655/522 194/656/523
f 194/656/523 193/658/525 231/660/527
f 217/661/528 194/656/523 231/660/527
f 218/659/526 194/656/523 217/661/528
f 218/659/526 217/661/528 219/662/529
f 226/663/530 205/664/531 217/661/528
f 226/663/530 217/661/528 231/660/527
f 741/665/532 762/666/533 169/667/534
f 741/665/532 771/668/535 762/666/533
f 771/668/535 741/665/532 743/669/536
f 771/668/535 743/669/536 914/201/68
f 771/668/535 914/201/68 915/199/178
f 918/670/537 771/668/535 915/199/178
f 918/670/537 915/199/178 909/197/176
f 918/670/537 909/197/176 907/195/174
f 918/670/537 907/195/174 913/192/171
f 918/670/537 913/192/171 910/188/169
f 770/671/538 766/672/539 768/673/540
f 770/671/538 768/673/540 763/674/541
f 763/674/541 762/666/533 770/671/538
f 762/666/533 771/668/535 770/671/538
f 770/671/538 771/668/535 1036/675/542
f 771/668/535 918/670/537 1036/675/542
f 918/670/537 766/672/539 1036/675/542
f 766/672/539 770/671/538 1036/675/542
f 918/670/537 910/188/169 766/672/539
f 766/672/539 910/188/169 35/190/136
f 766/672/539 35/190/136 767/676/543
f 768/673/540 766/672/539 767/676/543
f 758/677/544 768/673/540 767/676/543
f 768/673/540 758/677/544 174/678/545
f 191/679/546 192/680/547 228/536/435
f 229/533/432 191/679/546 228/536/435
f 205/664/531 226/663/530 227/681/548
f 206/682/549 205/664/531 227/681/548
f 221/683/550 210/684/551 209/685/552
f 221/683/550 209/685/552 222/686/553
f 1017/687/554 222/686/553 209/685/552
f 219/662/529 217/661/528 205/664/531
f 1015/688/555 1014/689/556 218/659/526
f 208/690/557 1015/688/555 218/659/526
f 208/690/557 218/659/526 219/662/529
f 208/690/557 219/662/529 207/691/558
f 219/662/529 205/664/531 207/691/558
f 207/691/558 205/664/531 206/682/549
f 208/690/557 207/691/558 206/682/549
f 203/692/559 201/693/560 202/694/561
f 203/692/559 202/694/561 204/695/562
f 220/650/517 204/695/562 202/694/561
f 1018/696/563 204/695/562 220/650/517
f 1018/696/563 220/650/517 230/651/518
f 1018/696/563 230/651/518 760/653/520
f 1019/697/564 1018/696/563 760/653/520
f 225/655/522 1019/697/564 760/653/520
f 225/655/522 1014/689/556 1019/697/564
f 1014/689/556 225/655/522 218/659/526
f 889/429/373 903/423/367 886/422/366
f 886/422/366 872/698/565 889/429/373
f 891/434/378 889/429/373 872/698/565
f 891/434/378 872/698/565 874/438/382
f 880/416/362 878/407/353 896/402/348
f 880/416/362 896/402/348 871/401/347
f 872/699/565 886/700/366 887/701/354
f 873/702/349 872/699/565 887/701/354
f 874/616/382 872/699/565 873/702/349
f 875/615/351 874/616/382 873/702/349
f 837/703/566 841/704/567 842/705/568
f 837/703/566 842/705/568 838/706/569
f 839/707/569 837/703/566 838/706/569
f 840/708/569 839/707/569 838/706/569
f 862/709/570 835/710/571 865/711/572
f 862/709/570 832/712/573 835/710/571
f 836/713/574 835/710/571 832/712/573
f 836/713/574 832/712/573 831/714/575
f 836/713/574 831/714/575 860/715/576
f 864/716/577 836/713/574 860/715/576
f 174/678/545 175/717/578 769/718/579
f 174/678/545 769/718/579 768/673/540
f 763/674/541 768/673/540 769/718/579
f 763/674/541 769/718/579 278/719/504
f 763/674/541 278/719/504 765/720/580
f 765/720/580 764/721/581 763/674/541
f 764/721/581 762/666/533 763/674/541
f 169/667/534 762/666/533 764/721/581
f 764/721/581 171/722/582 169/667/534
f 832/712/573 862/709/570 863/723/273
f 863/723/273 834/724/273 832/712/573
f 833/725/273 832/712/573 834/724/273
f 833/725/273 831/714/575 832/712/573
f 861/726/273 831/714/575 833/725/273
f 861/726/273 860/715/576 831/714/575
f 1031/727/583 732/728/584 36/729/135
f 732/728/584 50/730/2 36/729/135
f 732/728/584 730/731/585 50/730/2
f 48/732/53 50/730/2 730/731/585
f 731/733/586 48/732/53 730/731/585
f 852/734/587 843/735/493 845/736/494
f 852/734/587 828/737/588 843/735/493
f 828/737/588 827/738/589 843/735/493
f 829/739/590 827/738/589 828/737/588
f 829/739/590 828/737/588 830/740/591
f 829/739/590 830/740/591 859/741/592
f 829/739/590 859/741/592 841/742/567
f 841/742/567 837/743/566 829/739/590
f 439/744/259 436/745/243 437/746/260
f 439/744/259 438/747/450 436/745/243
f 440/748/449 438/747/450 439/744/259
f 441/749/255 440/748/449 439/744/259
f 845/750/494 846/751/495 852/734/587
f 846/751/495 851/752/593 852/734/587
f 851/752/593 823/753/273 852/734/587
f 851/752/593 824/754/273 823/753/273
f 825/755/273 823/753/273 824/754/273
f 825/755/273 824/754/273 826/756/273
f 849/757/594 825/755/273 826/756/273
f 849/757/594 826/756/273 850/758/595
f 842/759/568 849/757/594 850/758/595
f 842/759/568 841/760/567 849/757/594
f 338/761/596 340/762/597 341/763/598
f 338/761/596 329/764/599 340/762/597
f 339/765/600 329/764/599 338/761/596
f 324/766/601 339/765/600 338/761/596
f 854/767/602 853/768/603 855/769/604
f 854/767/602 822/770/605 853/768/603
f 822/770/605 820/771/606 853/768/603
f 822/770/605 821/772/607 820/771/606
f 821/772/607 819/773/608 820/771/606
f 819/773/608 821/772/607 856/774/609
f 819/773/608 856/774/609 857/775/610
f 857/775/610 858/776/611 819/773/608
f 169/777/534 171/778/582 170/779/612
f 170/779/612 168/780/613 169/777/534
f 157/781/614 168/780/613 170/779/612
f 157/781/614 170/779/612 812/782/615
f 178/783/616 157/781/614 812/782/615
f 813/784/506 178/783/616 812/782/615
f 813/784/506 181/785/507 178/783/616
f 180/786/617 178/783/616 181/785/507
f 182/787/618 180/786/617 181/785/507
f 177/334/303 180/786/617 182/787/618
f 182/787/618 173/335/304 177/334/303
f 177/334/303 166/788/619 180/786/617
f 166/788/619 167/789/620 180/786/617
f 167/789/620 179/790/621 180/786/617
f 178/783/616 180/786/617 179/790/621
f 179/790/621 152/791/622 178/783/616
f 152/791/622 1022/792/623 178/783/616
f 1022/792/623 157/781/614 178/783/616
f 1022/792/623 291/793/624 157/781/614
f 291/793/624 159/794/625 157/781/614
f 291/793/624 153/795/626 159/794/625
f 153/795/626 291/793/624 152/791/622
f 152/791/622 291/793/624 1022/792/623
f 158/796/627 144/797/628 157/798/614
f 158/796/627 157/798/614 159/794/625
f 143/799/629 145/800/630 144/797/628
f 144/797/628 142/801/631 143/799/629
f 142/801/631 144/797/628 158/796/627
f 142/801/631 158/796/627 284/802/632
f 1021/803/633 284/802/632 158/796/627
f 284/802/632 1021/803/633 283/804/634
f 166/788/619 146/805/141 167/789/620
f 166/788/619 147/806/142 146/805/141
f 172/336/144 147/806/142 166/788/619
f 172/336/144 166/788/619 177/334/303
f 174/807/545 172/336/144 173/335/304
f 173/335/304 175/808/578 174/807/545
f 816/120/113 421/119/112 405/304/278
f 816/120/113 405/304/278 817/303/277
f 335/809/635 337/810/636 331/811/637
f 332/812/638 335/809/635 331/811/637
f 805/813/639 804/814/640 799/815/641
f 798/816/642 805/813/639 799/815/641
f 776/817/643 786/818/644 787/819/644
f 776/817/643 787/819/644 777/820/643
f 778/821/569 776/817/643 777/820/643
f 778/821/569 777/820/643 779/822/569
f 805/813/639 778/821/569 779/822/569
f 805/813/639 779/822/569 804/814/640
f 743/823/536 741/824/532 742/825/645
f 742/825/645 744/826/646 743/823/536
f 744/826/646 742/825/645 747/827/647
f 747/827/647 748/828/648 744/826/646
f 748/828/648 747/827/647 292/829/649
f 748/828/648 292/829/649 808/830/650
f 808/830/650 809/831/651 748/828/648
f 293/333/302 31/79/65 292/832/649
f 292/832/649 294/833/652 293/333/302
f 294/833/652 292/832/649 747/834/647
f 742/835/645 294/833/652 747/834/647
f 810/836/653 294/833/652 742/835/645
f 810/836/653 165/837/654 294/833/652
f 165/837/654 810/836/653 168/838/613
f 165/837/654 144/839/628 145/840/630
f 39/16/16 40/21/21 21/328/301
f 21/328/301 38/841/655 39/16/16
f 293/333/302 38/841/655 21/328/301
f 293/333/302 294/833/652 38/841/655
f 294/833/652 1013/842/656 38/841/655
f 165/837/654 1013/842/656 294/833/652
f 1013/842/656 165/837/654 164/843/657
f 145/840/630 164/843/657 165/837/654
f 39/16/16 38/841/655 176/20/20
f 176/20/20 38/841/655 164/843/657
f 1013/842/656 164/843/657 38/841/655
f 728/844/658 726/845/658 727/846/658
f 728/844/658 727/846/658 729/847/658
f 724/848/659 722/849/659 723/850/659
f 725/851/659 724/848/659 723/850/659
f 720/852/660 718/853/660 719/854/660
f 720/852/660 719/854/660 721/855/660
f 716/856/661 714/857/661 715/858/661
f 716/856/661 715/858/661 717/859/661
f 712/860/662 710/861/662 711/862/662
f 712/860/662 711/862/662 713/863/662
f 708/864/663 706/865/663 707/866/663
f 708/864/663 707/866/663 709/867/663
f 704/868/273 702/869/273 703/870/273
f 704/868/273 703/870/273 705/871/273
f 700/872/390 698/873/390 699/874/390
f 701/875/390 700/872/390 699/874/390
f 696/876/664 694/877/664 695/878/664
f 696/876/664 695/878/664 697/879/664
f 692/880/665 690/881/665 691/882/665
f 692/880/665 691/882/665 693/883/665
f 688/884/666 686/885/666 687/886/666
f 688/884/666 687/886/666 689/887/666
f 684/888/667 682/889/667 683/890/667
f 684/888/667 683/890/667 685/891/667
f 674/892/668 672/893/669 673/894/670
f 674/892/668 673/894/670 675/895/670
f 680/896/671 679/897/672 681/898/673
f 680/896/671 678/899/674 679/897/672
f 679/897/672 678/899/674 662/900/675
f 679/897/672 662/900/675 653/901/676
f 651/902/677 653/901/676 662/900/675
f 651/902/677 662/900/675 663/903/678
f 661/904/679 659/905/680 658/906/681
f 661/904/679 658/906/681 656/907/682
f 661/904/679 656/907/682 676/908/683
f 661/904/679 676/908/683 677/909/684
f 677/909/684 676/908/683 672/910/669
f 677/909/684 672/910/669 674/911/668
f 131/912/685 126/913/686 1012/914/687
f 125/915/688 126/913/686 131/912/685
f 125/915/688 131/912/685 132/916/689
f 658/917/681 659/918/680 660/919/690
f 657/920/691 658/917/681 660/919/690
f 445/921/692 442/278/254 431/276/252
f 445/921/692 431/276/252 426/275/251
f 457/280/256 445/921/692 426/275/251
f 457/280/256 426/275/251 428/274/250
f 430/277/253 441/279/255 439/283/259
f 430/277/253 439/283/259 456/282/258
f 445/922/692 444/923/240 442/924/254
f 444/923/240 443/925/241 442/924/254
f 441/749/255 442/924/254 443/925/241
f 441/749/255 443/925/241 440/748/449
f 425/926/693 423/927/119 424/928/121
f 815/929/694 425/926/693 424/928/121
f 425/926/693 815/929/694 814/301/276
f 814/301/276 413/300/275 425/926/693
f 128/930/695 127/931/696 124/932/697
f 128/930/695 124/932/697 123/933/698
f 125/915/688 123/933/698 124/932/697
f 125/915/688 124/932/697 126/913/686
f 417/934/699 421/935/112 422/936/114
f 417/934/699 422/936/114 418/937/700
f 419/938/701 417/934/699 418/937/700
f 419/938/701 418/937/700 420/939/702
f 1024/940/703 419/938/701 420/939/702
f 419/938/701 1024/940/703 818/128/120
f 818/128/120 423/127/119 419/938/701
f 111/941/704 119/942/705 118/943/706
f 119/942/705 117/944/707 118/943/706
f 129/945/708 117/944/707 119/942/705
f 129/945/708 119/942/705 130/946/709
f 407/947/279 405/948/278 406/949/710
f 408/950/711 407/947/279 406/949/710
f 408/950/711 406/949/710 415/951/712
f 416/952/713 408/950/711 415/951/712
f 414/953/274 416/952/713 415/951/712
f 415/951/712 413/954/275 414/953/274
f 399/955/714 397/956/715 398/957/716
f 399/955/714 398/957/716 400/958/717
f 395/959/718 393/960/718 394/961/718
f 396/962/718 395/959/718 394/961/718
f 391/963/719 389/964/720 390/965/721
f 390/965/721 392/966/722 391/963/719
f 387/967/723 385/968/724 386/969/725
f 387/967/723 386/969/725 388/970/726
f 383/971/727 381/972/728 382/973/729
f 383/971/727 382/973/729 384/974/730
f 379/975/731 377/976/732 378/977/733
f 378/977/733 380/978/734 379/975/731
f 375/979/735 373/980/736 374/981/737
f 375/979/735 374/981/737 376/982/738
f 371/983/739 369/984/739 370/985/739
f 371/983/739 370/985/739 372/986/739
f 367/987/740 365/988/741 366/989/742
f 368/990/743 367/987/740 366/989/742
f 363/991/744 361/992/744 362/993/744
f 362/993/744 364/994/744 363/991/744
f 359/995/745 357/996/745 358/997/745
f 358/997/745 360/998/745 359/995/745
f 355/999/746 353/1000/746 354/1001/746
f 354/1001/746 356/1002/746 355/999/746
f 351/1003/747 349/1004/747 350/1005/747
f 350/1005/747 352/1006/747 351/1003/747
f 347/1007/748 345/1008/748 346/1009/748
f 347/1007/748 346/1009/748 348/1010/748
f 337/1011/636 327/1012/749 336/1013/750
f 337/1011/636 336/1013/750 331/1014/637
f 186/1015/751 184/1016/752 187/1017/753
f 187/1017/753 188/1018/754 186/1015/751
f 185/1019/755 183/1020/756 184/1016/752
f 184/1016/752 186/1015/751 185/1019/755
f 176/20/20 164/843/657 145/840/630
f 145/840/630 143/1021/629 176/20/20
f 142/1022/631 176/20/20 143/1021/629
f 282/17/17 176/20/20 142/1022/631
f 282/17/17 142/1022/631 284/1023/632
f 283/1024/634 282/17/17 284/1023/632
f 283/1024/634 281/18/18 282/17/17
f 112/1025/757 111/941/704 110/1026/758
f 111/941/704 109/1027/759 110/1026/758
f 118/943/706 109/1027/759 111/941/704
f 144/839/628 165/837/654 168/838/613
f 168/838/613 157/1028/614 144/839/628
f 162/1029/390 151/1030/390 160/1031/760
f 163/1032/390 162/1029/390 160/1031/760
f 151/1030/390 7/1033/761 8/1034/762
f 160/1031/760 151/1030/390 8/1034/762
f 161/1035/763 160/1031/760 8/1034/762
f 8/1034/762 18/1036/764 161/1035/763
f 19/1037/390 18/1036/764 8/1034/762
f 19/1037/390 8/1034/762 6/1038/390
f 8/1034/762 7/1033/761 6/1038/390
f 7/1033/761 5/1039/765 6/1038/390
f 5/1039/765 7/1033/761 17/1040/766
f 7/1033/761 16/1041/767 17/1040/766
f 7/1033/761 13/1042/768 16/1041/767
f 14/1043/769 13/1042/768 7/1033/761
f 14/1043/769 7/1033/761 15/1044/770
f 7/1033/761 156/1045/771 15/1044/770
f 7/1033/761 154/1046/772 156/1045/771
f 155/1047/773 154/1046/772 7/1033/761
f 152/1048/622 155/1047/773 7/1033/761
f 153/1049/626 152/1048/622 7/1033/761
f 150/1050/774 153/1049/626 7/1033/761
f 151/1030/390 150/1050/774 7/1033/761
f 93/1051/775 94/1052/776 97/1053/777
f 94/1052/776 96/1054/778 97/1053/777
f 96/1054/778 94/1052/776 1009/1055/779
f 113/1056/780 115/1057/781 98/1058/782
f 113/1056/780 98/1058/782 100/1059/783
f 135/1060/784 113/1056/780 100/1059/783
f 100/1059/783 102/1061/785 135/1060/784
f 135/1060/784 102/1061/785 105/1062/786
f 107/1063/787 135/1060/784 105/1062/786
f 100/1059/783 98/1058/782 99/1064/788
f 100/1059/783 99/1064/788 101/1065/789
f 102/1061/785 100/1059/783 101/1065/789
f 102/1061/785 101/1065/789 103/1066/790
f 102/1061/785 103/1066/790 104/1067/791
f 105/1062/786 102/1061/785 104/1067/791
f 105/1062/786 104/1067/791 122/1068/792
f 105/1062/786 122/1068/792 106/1069/793
f 134/1070/794 133/1071/795 99/1064/788
f 98/1058/782 134/1070/794 99/1064/788
f 128/930/695 129/945/708 130/946/709
f 128/930/695 130/946/709 127/931/696
f 136/1072/796 141/1073/797 108/1074/798
f 141/1073/797 140/1075/799 108/1074/798
f 140/1075/799 107/1063/787 108/1074/798
f 140/1075/799 139/1076/800 107/1063/787
f 139/1076/800 135/1060/784 107/1063/787
f 113/1056/780 135/1060/784 139/1076/800
f 139/1076/800 114/1077/801 113/1056/780
f 115/1057/781 113/1056/780 114/1077/801
f 114/1077/801 116/1078/802 115/1057/781
f 138/1079/803 115/1057/781 116/1078/802
f 138/1079/803 137/1080/804 115/1057/781
f 115/1057/781 137/1080/804 98/1058/782
f 137/1080/804 134/1070/794 98/1058/782
f 107/1063/787 105/1062/786 106/1069/793
f 107/1063/787 106/1069/793 108/1074/798
f 108/1074/798 106/1069/793 136/1072/796
f 106/1069/793 121/1081/805 136/1072/796
f 121/1081/805 106/1069/793 122/1068/792
f 122/1068/792 120/1082/806 121/1081/805
f 752/1083/807 35/1084/136 34/1085/1
f 752/1083/807 34/1085/1 753/1086/808
f 753/1086/808 34/1085/1 755/1087/809
f 34/1085/1 754/1088/810 755/1087/809
f 34/1085/1 43/1089/145 754/1088/810
f 43/1089/145 756/1090/811 754/1088/810
f 43/1089/145 1033/1091/812 756/1090/811
f 1033/1091/812 43/1089/145 759/1092/813
f 759/1092/813 43/1089/145 172/1093/144
f 757/1094/814 759/1092/813 172/1093/144
f 757/1094/814 172/1093/144 174/1095/545
f 174/1095/545 758/1096/544 757/1094/814
f 757/1094/814 758/1096/544 1034/1097/815
f 751/1098/816 33/1099/64 750/1100/817
f 33/1099/64 749/1101/818 750/1100/817
f 811/1102/54 749/1101/818 33/1099/64
f 93/1051/775 60/1103/547 58/1104/819
f 93/1051/775 58/1104/819 94/1052/776
f 169/1105/534 745/1106/820 746/1107/821
f 169/1105/534 168/1108/613 745/1106/820
f 810/1109/653 745/1106/820 168/1108/613
f 737/1110/822 735/1111/823 736/1112/824
f 736/1112/824 738/1113/825 737/1110/822
f 738/1113/825 740/1114/826 737/1110/822
f 740/1114/826 739/1115/827 737/1110/822
f 1032/1116/828 737/1110/822 739/1115/827
f 170/1117/612 171/1118/582 733/1119/829
f 170/1117/612 733/1119/829 734/1120/830
f 812/1121/615 170/1117/612 734/1120/830
f 95/32/31 84/28/27 91/1122/831
f 84/28/27 73/578/457 91/1122/831
f 92/1123/832 91/1122/831 73/578/457
f 92/1123/832 73/578/457 75/580/459
f 90/1124/833 89/1125/834 57/1126/835
f 90/1124/833 57/1126/835 59/1127/836
f 59/1127/836 57/1126/835 58/1104/819
f 59/1127/836 58/1104/819 60/1103/547
f 80/1128/837 89/1125/834 90/1124/833
f 80/1128/837 78/1129/838 89/1125/834
f 79/1130/839 78/1129/838 80/1128/837
f 79/1130/839 77/1131/840 78/1129/838
f 923/1132/841 1003/1133/96 1005/1134/97
f 923/1132/841 921/1135/842 1003/1133/96
f 921/1135/842 923/1132/841 922/1136/843
f 922/1136/843 920/1137/844 921/1135/842
f 340/1138/597 334/1139/845 341/1140/598
f 334/1139/845 333/1141/846 341/1140/598
f 332/1142/638 333/1141/846 334/1139/845
f 334/1139/845 335/1143/635 332/1142/638
f 77/1131/840 79/1130/839 87/1144/550
f 88/1145/847 77/1131/840 87/1144/550
f 77/1131/840 88/1145/847 1011/1146/848
f 329/1147/599 339/1148/600 325/1149/849
f 330/1150/850 329/1147/599 325/1149/849
f 327/1151/749 330/1150/850 325/1149/849
f 328/1152/851 327/1151/749 325/1149/849
f 328/1152/851 325/1149/849 326/1153/852
f 900/431/375 890/430/374 881/433/377
f 900/431/375 881/433/377 882/1154/484
f 900/431/375 882/1154/484 884/425/369
f 888/424/368 900/431/375 884/425/369
f 339/1155/600 324/1156/601 322/1157/853
f 322/1157/853 325/1158/849 339/1155/600
f 326/1159/852 325/1158/849 322/1157/853
f 326/1159/852 322/1157/853 321/1160/854
f 326/1159/852 321/1160/854 342/1161/855
f 328/1162/851 326/1159/852 342/1161/855
f 336/1163/750 328/1162/851 342/1161/855
f 336/1163/750 327/1164/749 328/1162/851
f 324/1165/601 338/1166/596 323/1167/856
f 322/1168/853 324/1165/601 323/1167/856
f 323/1167/856 321/1169/854 322/1168/853
f 321/1169/854 323/1167/856 331/1170/637
f 342/1171/855 321/1169/854 331/1170/637
f 342/1171/855 331/1170/637 336/1172/750
f 792/1173/857 798/816/642 799/815/641
f 792/1173/857 799/815/641 793/1174/858
f 786/818/644 792/1173/857 793/1174/858
f 786/818/644 793/1174/858 787/819/644
f 332/1175/638 331/1170/637 323/1176/856
f 333/1177/846 332/1175/638 323/1176/856
f 341/1178/598 333/1177/846 323/1176/856
f 341/1178/598 323/1176/856 338/1179/596
f 303/1180/859 306/1181/860 317/1182/861
f 303/1180/859 317/1182/861 318/1183/862
f 318/1183/862 317/1182/861 319/1184/863
f 318/1183/862 319/1184/863 320/1185/864
f 319/1186/863 313/1187/865 320/1188/864
f 313/1187/865 310/1189/866 320/1188/864
f 311/1190/867 310/1189/866 313/1187/865
f 313/1187/865 314/1191/868 311/1190/867
f 315/1192/569 307/1193/869 316/1194/870
f 315/1192/569 316/1194/870 312/1195/871
f 314/1196/868 315/1192/569 312/1195/871
f 311/1197/867 314/1196/868 312/1195/871
f 211/1198/872 209/685/552 210/684/551
f 212/1199/873 211/1198/872 210/684/551
f 223/1200/874 211/1198/872 212/1199/873
f 224/1201/875 223/1200/874 212/1199/873
f 199/1202/876 197/645/513 198/644/512
f 199/1202/876 198/644/512 200/1203/877
f 201/693/560 200/1203/877 198/644/512
f 201/693/560 198/644/512 202/694/561
f 202/694/561 198/644/512 215/643/511
f 202/694/561 215/643/511 220/650/517
f 302/1204/878 311/1190/867 312/1205/871
f 302/1204/878 310/1189/866 311/1190/867
f 320/1188/864 310/1189/866 302/1204/878
f 320/1188/864 302/1204/878 318/1206/862
f 189/1207/879 223/1200/874 224/1201/875
f 190/1208/880 189/1207/879 224/1201/875
f 191/679/546 189/1207/879 190/1208/880
f 192/680/547 191/679/546 190/1208/880
f 670/1209/881 668/1210/882 669/1211/883
f 669/1211/883 671/1212/884 670/1209/881
f 655/1213/885 670/1209/881 671/1212/884
f 656/1214/682 655/1213/885 671/1212/884
f 657/920/691 655/1213/885 656/1214/682
f 657/920/691 656/1214/682 658/1215/681
f 653/901/676 651/902/677 652/1216/886
f 652/1216/886 654/1217/887 653/901/676
f 665/1218/888 653/901/676 654/1217/887
f 665/1218/888 654/1217/887 667/1219/889
f 665/1218/888 667/1219/889 666/1220/890
f 666/1220/890 664/1221/891 665/1218/888
f 307/1222/869 304/1223/892 343/1224/893
f 305/1225/894 304/1223/892 307/1222/869
f 307/1222/869 306/1226/860 305/1225/894
f 307/1222/869 309/1227/895 306/1226/860
f 307/1222/869 308/1228/896 309/1227/895
f 67/27/26 65/25/25 66/1229/897
f 67/27/26 66/1229/897 68/1230/898
f 67/27/26 68/1230/898 69/577/456
f 71/575/454 67/27/26 69/577/456
f 81/22/22 67/27/26 71/575/454
f 81/22/22 71/575/454 86/36/35
f 797/1231/899 796/1232/900 790/1233/901
f 791/1234/902 797/1231/899 790/1233/901
f 791/1234/902 790/1233/901 784/1235/903
f 785/1236/903 791/1234/902 784/1235/903
f 785/1236/903 784/1235/903 772/1237/904
f 774/1238/904 785/1236/903 772/1237/904
f 774/1238/904 772/1237/904 773/1239/905
f 775/1240/905 774/1238/904 773/1239/905
f 775/1240/905 773/1239/905 802/1241/906
f 803/1242/907 775/1240/905 802/1241/906
f 797/1231/899 803/1242/907 802/1241/906
f 802/1241/906 796/1232/900 797/1231/899
f 788/1243/908 794/1244/909 795/1245/910
f 788/1243/908 795/1245/910 789/1246/908
f 780/1247/911 788/1243/908 789/1246/908
f 780/1247/911 789/1246/908 781/1248/911
f 782/1249/912 780/1247/911 781/1248/911
f 782/1249/912 781/1248/911 783/1250/912
f 806/1251/913 782/1249/912 783/1250/912
f 806/1251/913 783/1250/912 807/1252/914
f 800/1253/915 806/1251/913 807/1252/914
f 800/1253/915 807/1252/914 801/1254/916
f 795/1245/910 800/1253/915 801/1254/916
f 795/1245/910 794/1244/909 800/1253/915
f 513/542/314 527/1255/917 504/550/443
f 513/542/314 512/1256/331 527/1255/917
f 527/1255/917 512/1256/331 509/1257/333
f 527/1255/917 509/1257/333 526/552/445
f 526/552/445 509/1257/333 508/554/334
f 526/552/445 508/554/334 525/551/444
f 447/1258/412 446/1259/264 435/1260/263
f 435/1260/263 433/1261/411 447/1258/412
f 434/1262/262 433/1261/411 435/1260/263
f 434/1262/262 432/1263/242 433/1261/411
f 437/746/260 432/1263/242 434/1262/262
f 437/746/260 436/745/243 432/1263/242
f 316/1264/870 307/1265/869 343/1224/893
f 316/1264/870 343/1224/893 344/1266/918
f 343/1224/893 300/1267/919 344/1266/918
f 343/1224/893 304/1223/892 300/1267/919
f 301/1268/920 300/1267/919 304/1223/892
f 304/1223/892 305/1225/894 301/1268/920
f 306/1269/860 301/1268/920 305/1225/894
f 306/1269/860 303/1270/859 301/1268/920
f 303/1271/859 318/1206/862 302/1204/878
f 301/1268/920 303/1271/859 302/1204/878
f 302/1204/878 300/1272/919 301/1268/920
f 300/1272/919 302/1204/878 312/1205/871
f 344/1273/918 300/1272/919 312/1205/871
f 344/1273/918 312/1205/871 316/1274/870
