s 0
o mesh_0
v 18.064996547637747 5.695772387354737 -28.136245067735217
v 11.345586707241637 -27.587152333459017 -22.07690085005561
v -11.394606477870184 -27.553541047698673 -22.177912965427822
v -17.76472801972068 5.214335825361559 -28.77462342565559
v 34.071663778646325 4.616124856950364 14.644895859032658
v 12.519144032753502 -24.884593457511073 16.95090034000077
v -12.454662781608022 -24.93714105211984 16.74964093282324
v -33.48617989594459 5.6794503297692245 13.858410320717667
v 19.406199585673676 -14.16378931539748 -31.418140331132236
v 0.2662613744468416 -29.372905757525587 -20.52115576815595
v -19.194327799837993 -14.369267898881844 -31.784848540304665
v 0.04639059081508279 6.195577963865617 -32.40841461440505
v -0.20644500129458265 -19.764124970515695 -42.88233009578471
v 26.269622692600024 11.768982193856573 -11.426291853577823
v 26.092971333131572 -14.782629141188409 11.12520189310544
v 11.786830887459473 -25.981719013088878 -4.2086765439285045
v 26.426687342076548 -7.883184650931071 -8.399808517011024
v -0.09276731167522456 -27.897682746084683 24.068730263101315
v -11.941085563106753 -26.063994757741966 -5.396102469379002
v 0.08257795723303474 -31.402574063764405 -1.019365205807901
v -26.03477729303995 11.680363833607771 -11.685899470006916
v 0.406605689734846 22.24498136778857 27.768101158260833
v -0.025912667997589622 14.280956672506363 -16.861075124296804
v -25.56508167613356 -14.790223176762083 11.304033300851188
v -25.8609563829923 -7.8015791807897585 -8.74904321768463
v -0.1384678910514694 -21.44009549934526 33.461546554857705
v 21.721461442917644 -2.7562684603774414 -30.831875967058295
v 10.901927611666906 -17.371871275686317 -38.039924959888594
v 0.055299684429993334 -5.175135305330059 -35.44581204349379
v 10.528304674781793 6.6275111699355875 -30.578503770480893
v 12.436036015526042 -4.276299292819431 -34.21129767747698
v 15.293798671012155 -23.794766848099243 -28.501886137253678
v 7.1326175157660145 -28.825323399238187 -21.24347200698503
v 0.1505425713430668 -28.91375386582331 -38.25274584961517
v 10.437338848183572 -27.108062033368697 -36.227953143059494
v -6.940862998632838 -28.829553415564078 -21.31868728589143
v -15.274652788461935 -23.873491884287432 -28.69449400477606
v -10.628951842845709 -17.445493071791134 -38.3539699475823
v -10.136388603512387 -27.231433494718658 -36.57462899701204
v -21.568463005034573 -3.0305721315332903 -31.20355372274571
v -10.353052882218435 6.160630344644687 -31.105926102212834
v -12.12465285473445 -4.471363930216739 -34.51578658614744
v 24.919464594375313 -11.524283216972435 -24.616755857723547
v 18.90677340982984 -17.214843964053216 -7.983454827221067
v 11.601205196657247 -27.518819262208126 -16.650717327789607
v 17.96876006288403 -21.40525326919851 -22.41658368726894
v 20.034938757758027 9.708836571811844 -22.725230345471573
v 28.042023622079796 -2.315834119916758 -9.797206816068865
v 25.51370721247622 -1.8235870478059724 -24.841613986391167
v 34.43947044308334 1.5486075315729977 6.5199263896743105
v 32.95458295242861 5.991490516160411 16.21486425038347
v 27.899169033142243 -7.113100061451405 1.5876629157937714
v 32.504775157154654 -2.855220671016923 1.3616975996239944
v 18.22870853769018 -23.073187730566133 15.594079243394845
v 12.610192966164504 -25.130991908494252 10.031465047929942
v 19.091194654070023 -17.480820693902388 5.720019101095204
v 6.589456680807871 -29.662823271688467 -1.5262006099560494
v 0.24035683411111108 -30.484968859365836 -14.311082289916158
v 6.675043449060013 -29.960470923886533 -14.53144181067455
v 7.985502988599819 -26.73543276489727 21.248571633728716
v -0.006397348517462653 -30.406400401230712 15.378924136231035
v 7.070154917058517 -28.56314910718538 13.532176333816096
v -7.962905162202787 -26.812387264639256 21.08970031440913
v -12.666527340764333 -25.302100404884186 9.285214649243244
v -6.662371466780769 -29.69589737428214 -2.87979168199422
v -7.162774448786422 -28.70709251581502 12.764213979178749
v -11.72563295764212 -27.416376264320206 -17.206444153729535
v -6.505417626387953 -29.80704129413425 -15.056024057413197
v 0.05856248311787127 11.861418649707048 -26.06596764121059
v 14.570880208902054 15.974192942802802 -15.78795659759362
v 11.0734022598117 12.285162221378414 -24.811659400393182
v -19.801737427755143 9.323853294953551 -23.52509608064429
v -14.391830796328577 15.73063578125948 -16.241443977114614
v -10.910078101552244 11.835038861105204 -25.670673097334657
v -33.62808297209813 2.4595917426642018 5.815937009733261
v -24.979318361829428 18.622894990729037 26.762010082735287
v 0.12773217894731204 19.19573579786902 -7.1766135397842845
v -12.200310165529118 20.02428181457708 -6.280834713759759
v 27.312015787505516 14.52763696398506 30.190592484030276
v 11.619283939553497 19.688437548556976 -6.9490839486420555
v -18.139314513855425 -23.110968810324266 15.746881356488302
v -26.881457457186116 -6.219998720134299 1.039432038310622
v -18.576867065360602 -17.31398075612833 -8.329705511537213
v -18.830038119362143 -17.65354435313202 5.782494948714884
v -33.079626185606685 6.571061168465803 14.197692077225838
v -27.6086950646677 -1.9877827737088865 -10.406395411558151
v -31.483334614642445 -1.743123393005476 0.6154953035218682
v -24.702859333550805 -11.653734724567585 -24.821699666934364
v -25.297121222796704 -2.089704697902903 -25.21425289043509
v -17.927971480060478 -21.3794467971602 -22.62771112512928
v 18.790974304015435 -21.392469273388997 23.927475179198154
v -0.3178168250196052 -25.582326942008876 29.23562293838404
v 12.059258633094942 -24.108614306556774 23.478517723197
v 0.026368071124645454 -14.71929934095624 36.058887388038784
v 22.650800365723626 -12.732604483604518 28.338787210501323
v -18.67454286375596 -21.304229109360676 24.065478257383802
v -25.10553954374518 -7.876215723123096 26.918833842899403
v -11.995422965306716 -24.074109321447395 23.532342031161534
v 19.77190689975305 2.444332157502231 -29.340763896570934
v 18.734489373595352 -3.498618861096247 -33.36689391733307
v 10.70281211936981 1.3200780992284535 -31.11362733353053
v 15.160094262606435 5.891225759879944 -28.83285841693032
v 15.841034148689687 1.7043959193612181 -30.47111531500923
v 20.89870640527988 -8.293915984169416 -31.05713878977076
v 15.434604496347674 -15.969152333940656 -35.25994185003947
v 12.650261289943955 -11.38569718665076 -37.35325552150971
v 17.798110460634234 -9.546097172358259 -34.100206753273596
v 4.577459713415692 -18.93660273338537 -41.31879947130801
v -0.09968503168483522 -14.686888888418252 -43.286956691623345
v 6.30363247828609 -4.895922309987327 -35.19561717694705
v 7.342633249449591 -13.187360145355342 -40.315473805088914
v 0.03148496238653209 1.0024147282286435 -32.34463916894492
v 5.3047307442893725 6.377714372977607 -31.674106905604276
v 5.186064453434028 1.2074644534590107 -31.54673909056146
v 17.40200291532892 -19.398924728438942 -30.991628941261297
v 13.867609883558544 -25.63494198562512 -32.911528805621856
v 10.083951817987327 -22.32469886794388 -37.9950761877044
v 14.499828701760634 -21.0187728652636 -35.31853817528281
v 13.116597705388813 -26.610837585840272 -25.226897170443408
v 9.695855648989436 -28.218383505480233 -21.72748126683473
v 8.907909719217969 -29.47416598888958 -28.761295020000034
v 11.462904620170775 -27.91554709749289 -27.105193041657913
v 3.956648208602701 -29.207137777191747 -20.70960829503929
v 0.32816008514905093 -31.46549435216548 -30.44800680326989
v 5.67912934476044 -28.32022909787338 -38.00046006383673
v 5.236230254966358 -30.776726767875516 -29.72450538902376
v -0.20895647939069306 -24.294373690927387 -41.79297081163895
v 4.156855531708288 -23.805679133951344 -40.705500099702476
v -5.082863858658584 -28.48150931031705 -38.15025949165101
v -9.771042623401627 -22.45911751316089 -38.32415507738551
v -4.211892115137516 -18.997040657422076 -41.6559674240998
v -3.699983657347957 -23.87247533138907 -41.01832377858227
v -3.5473962368541834 -29.223335174558088 -20.725425087292024
v -8.685947682308779 -29.542111228347494 -28.84294445244086
v -4.746838624542534 -30.853286209145153 -29.770888626128
v -9.673256015922561 -28.199981970905355 -21.827368429117996
v -13.12829288150624 -26.59779583846648 -25.294469031467088
v -13.805508618819658 -25.742920619912184 -33.24115692293526
v -11.398651009425521 -27.931356663066254 -27.15162927441088
v -17.323870466849257 -19.55332032433398 -31.388575985820353
v -15.211732500060862 -16.13347859173973 -35.731651301597594
v -14.345307843423143 -21.135380154721133 -35.69123730165484
v -6.151518104179559 -4.989580977986634 -35.47584371407174
v -10.665277951156895 0.9781778006164927 -31.69855717081373
v -5.201255535697783 6.073027332847687 -32.11023459682656
v -5.119056875624665 0.9783506386981458 -31.88911747918064
v -12.429453715064483 -11.52052293480574 -37.69649388497419
v -7.133502181765834 -13.213933849853674 -40.51236468458592
v -20.76393847055988 -8.542838352923354 -31.379646219009373
v -18.539118505659644 -3.758547462534125 -33.7256600058754
v -17.518682471580178 -9.805282630267357 -34.53524321591067
v -19.495936876778615 2.080624826939129 -29.856279069590528
v -14.90361218500584 5.420301607480269 -29.43520696039377
v -15.590899504471054 1.3793472584325173 -30.993433202211236
v 16.758585152992964 -22.61949439068303 -25.817165114889576
v 14.614776263855674 -25.03439288532536 -19.560377176740985
v 11.509409506377779 -27.653090964944568 -20.227082913354025
v 14.099936785357386 -25.795776552840834 -23.06918655908703
v 22.20710875009172 -12.908847535688437 -28.40285413202946
v 21.93292130802911 -16.593402533688277 -24.109394787928977
v 19.819789672827028 -18.04939053353337 -27.733637124334564
v 26.271051166222605 -9.693980325692337 -16.871947663412357
v 23.969259839328515 -11.362641670560151 -9.125506841786319
v 18.184284935142387 -19.357609802467778 -15.330718571478428
v 21.081117428208017 -13.82876648193269 -15.3611970917309
v 14.87806587342493 -22.500622741688858 -5.868810407137062
v 11.636965215084274 -26.868680688055974 -11.07997853804045
v 14.617362210624378 -23.96043847270812 -13.019863784204972
v 23.711151758869164 -2.118496541301056 -28.176642205426106
v 25.57193015928533 -6.859783269415857 -24.630045721089118
v 23.24468646764217 -7.402401501197801 -28.202188517007016
v 19.171537261991034 7.522074107155731 -26.34659405459388
v 23.843799867639973 4.816102431874242 -24.229376936653352
v 22.29157899638085 3.5009064062292055 -27.40497738205704
v 21.66632669709361 12.567207472811788 -16.87757724664334
v 27.74323174564779 4.207460655124123 -10.547143423458692
v 27.76558627383929 -1.9806762378811982 -17.888315077005245
v 26.116561623495727 5.600787924802262 -17.512521727415333
v 27.384689684166005 -5.835252117025448 -8.445474506187566
v 27.904160259695345 -6.2036604025202 -17.349787747971277
v 29.61004683223291 -2.758238934952942 -5.031007014153147
v 29.79496069511697 -5.26719778052302 0.5904124027557032
v 27.49024497197024 -7.2022833071378045 -3.3445177523856273
v 28.59359510738068 -5.644882111215338 -3.591967082994188
v 27.543823572836118 9.381283113701556 -6.3147693934220115
v 33.96648668706257 -0.30773329249957726 6.540680810608137
v 30.31807592594305 2.378825771776633 -4.533883439024294
v 34.667318008117945 2.705714827052134 11.44205083239558
v 33.9575376491066 4.585917337174351 15.009025348115756
v 33.963740548901114 -0.26620931977198836 7.81328218580984
v 34.61814768166914 2.0361720165622046 10.89084670329612
v 33.00733771184605 -4.634443284712461 7.541895082003975
v 28.212151698968228 -9.441453048378207 6.071911413107955
v 31.543679796293873 -5.098953458057622 4.582083884879012
v 19.392284614542405 -15.643633788296938 -1.3137279558417276
v 15.687620176742712 -22.333513007884903 7.987760121457086
v 12.326945677062213 -25.495356264656948 3.57299915742351
v 15.280255873868555 -21.670672340289457 1.3391580383294013
v 24.131053146007616 -11.141360748181796 3.0599467765116515
v 25.291021905406524 -9.762216438994983 -3.7379773219242907
v 22.08161505389944 -20.33433647081074 14.558020332959131
v 19.42183209760242 -21.555459799950768 11.772399208753086
v 22.904324322567845 -17.429354692306333 10.496006235774075
v 14.596950454737453 -24.280710449127582 16.559655145466422
v 12.603384229749281 -25.002744847461145 14.539922318917888
v 15.649472945229718 -23.676039732692516 12.96693076669635
v 9.128461349203008 -29.08842270625064 -15.16039778314007
v 6.740691808924112 -29.549626974894636 -17.99936625447208
v 9.236860335340225 -28.87425283637458 -18.80585283239634
v 9.17297829635936 -28.240976514091017 -2.7273334383942256
v 6.652484767176247 -30.09877511371269 -9.44496401010656
v 9.15001552265403 -28.862020477090482 -10.103126005031754
v 3.6495149375052733 -30.72301326899469 -0.8199349012906509
v 0.14219895597929622 -31.192207836131274 -9.393454648434272
v 3.742982399612856 -30.394286077709694 -14.24127618051989
v 3.7212571947500237 -30.897053388316635 -9.16381727580847
v 0.29341266753010586 -29.81503881930621 -17.19073455722082
v 3.765942463313422 -29.82863461209854 -17.457220767965737
v 9.876143834851973 -27.09610187900762 11.85404141451454
v 6.914020100327889 -29.353733377151002 6.96958362912801
v 9.656219721525758 -27.82333225980983 5.427792060649608
v 10.626011788787764 -25.515894487432888 18.924237884979448
v 7.294758305278265 -27.72729450873885 18.207988443483373
v 9.981151701693761 -26.199131253109954 16.29547063210157
v 4.6480306463788565 -27.521384733385275 23.137570217093526
v -0.039051942608820056 -29.034993456758457 20.44798082172565
v 3.8170344842519626 -29.819543449448247 14.936915132446302
v 3.982367659376905 -28.74933727453208 19.79627405814972
v 0.052464694810240076 -31.47895524694286 8.03790484517458
v 3.747719789053008 -30.449187160900692 8.064231035904413
v -3.8531383721724524 -29.89147540702652 14.522318127967083
v -7.016348073569134 -29.473778157096604 5.790713489830978
v -3.594374169448429 -30.700157691033382 -1.5601593785495425
v -3.764014746590874 -30.54616678918319 7.41078264259977
v -4.64628660775702 -27.55242573018222 23.045352970517342
v -7.320961040235488 -27.791602319579397 17.800139953091275
v -4.0014108628577105 -28.835980342419134 19.581848845602508
v -10.576112772168926 -25.567083466319673 18.72863696775039
v -12.57800894958018 -25.086355118904976 14.146118879885762
v -9.99091253663255 -27.292339948467998 10.954828109118353
v -10.007394183387532 -26.2980861737542 15.8041178615631
v -12.416243345172006 -25.63049516891806 2.4239280799621383
v -9.33942438010763 -28.31874762860207 -4.24614627425035
v -9.79792888178281 -27.9768606541802 4.055690451622695
v -3.36524025548556 -30.26018299749194 -14.530371057680895
v -6.529722153563398 -29.484208664323887 -18.245997163641732
v -3.3066939147745416 -29.758210621615945 -17.552677975793813
v -6.620170068139942 -29.955523057409664 -10.378836469772068
v -3.52384780100806 -30.754160257089097 -9.700178407700605
v -11.795858214441978 -26.841835983081182 -11.962257324774328
v -9.164583303821928 -28.969445065959007 -15.795718051239419
v -9.261452123020717 -28.798914703918854 -11.155751475705074
v -11.580243008691468 -27.5985030378597 -20.455708550867712
v -9.230885075945935 -28.81092785392866 -19.088307595660808
v 10.878028982982869 9.301570431332493 -28.00727292987176
v 16.089707799228563 11.414028178683111 -23.4280273233162
v 15.761682800289236 8.85470690567945 -26.758635223468445
v 0.06855582329182752 9.390580236713959 -29.79815247850638
v 5.566931534166542 12.24661390916026 -25.55681194603858
v 5.512916923645207 9.523698681867245 -29.273941201308844
v -0.018043918629294886 13.02839728809704 -21.08521254651896
v 5.852143275611525 14.255209218349592 -16.45056842034228
v 11.370345310770972 14.096401734697793 -20.634395425026014
v 5.501937791008913 14.075776791769385 -20.965543553900716
v 24.68459992367025 12.878670127076475 -12.832656655066785
v 18.036434301865484 13.68285259872755 -18.553587522209455
v -10.68240397682257 8.694593199731116 -28.71199461332253
v -5.430129891426532 11.919552467470567 -26.18782872657175
v -5.334263171767361 9.116393999097909 -29.765246998431394
v -18.845835640469886 7.023351328104127 -27.051154342205336
v -15.897945453192733 10.8108533848781 -24.2546968122806
v -15.498296834995017 8.369534150450818 -27.53810967834579
v -21.41525740234283 12.211183909091233 -17.50488794510511
v -24.197095359897503 12.754254410557223 -13.321406616584682
v -11.169713420252265 13.78605680684268 -21.467159413594345
v -17.36393999507527 13.363477934996808 -19.479693710442916
v -5.869362645885758 14.266979070153866 -16.836415285385556
v -5.468762514904029 13.901893250500507 -21.602994487968317
v -13.360262062676156 17.51673729038248 -11.532967276684758
v -4.813559544070131 19.97700126478412 -7.414535698087093
v -0.056188326044441794 15.058811146757762 -12.174761445055083
v -5.440835012469961 15.923174995327827 -12.146549693232373
v -27.33729230305653 9.178813237729173 -6.375242848632297
v -29.676288984252096 9.97230925725853 1.1660810998675402
v -27.24699494430024 10.419853897442408 -6.907051172519914
v -33.818876943098076 3.238219321052611 10.97668038309348
v -32.2208316979395 7.9825286078148565 16.75386974470257
v -16.32988769261192 23.84651709908394 2.577314801305647
v -34.03692031311766 7.582184421727561 10.446919016138054
v -7.611472346553455 23.313578402097846 22.398131565938456
v 0.29238538752954923 25.73886645278435 0.3513470364707416
v -4.542626215506516 25.773597873847393 1.086947681016909
v 12.94812092473694 17.359974956993028 -11.486634626336127
v 28.454816365609076 12.026579588973618 0.49162832532849166
v 27.399646501573443 10.714533793311602 -6.8738542163769125
v 4.950020027321443 19.754113610692002 -7.566414000667464
v 5.324109085026066 15.910280190434605 -12.07352048483608
v 9.054076536201137 21.720447298912404 25.503389923225768
v 11.54765550250886 23.821570601890926 1.5392950518669295
v 4.713455581405697 24.84212226284035 -0.13448641415560303
v 32.73305391405847 6.60513435948269 17.46587471651401
v 33.77255874610819 10.494971616177281 10.296142782161951
v -14.499834723993445 -24.316581276638317 16.5230002232438
v -19.347493655793187 -21.644622570045613 11.881325742484478
v -15.585597530704945 -22.423398445916973 7.673162895014684
v -15.561392972594149 -23.727462374212337 12.819672721127972
v -21.939762564501507 -20.330795397918337 14.682297538123748
v -27.56169033313745 -8.606808316503248 5.684483109728717
v -23.28597007800272 -10.903922175173648 2.989133448677876
v -22.66228596813926 -17.368424149625753 10.460304030782027
v -26.42845787852275 -6.520311210350883 -3.9429367889404148
v -23.436870369974713 -11.503103024178927 -9.2868755810523
v -18.904659606113455 -15.851677842958452 -1.3794406030410755
v -24.58537279810298 -9.656452781935513 -3.821109428082991
v -14.872276098801194 -22.62013033846779 -6.588042660544033
v -15.186692056036009 -21.846890098995573 0.8063219451348118
v -32.217796492603156 -3.62393761142539 6.84210741389461
v -32.98708373845875 0.45442952020519556 6.891561387508773
v -28.636646845294308 -4.2045582400212425 -0.11358201139558588
v -30.721999124989452 -4.086799800762037 3.9786170127827063
v -33.40529649151722 5.7313059698280995 14.204382777877981
v -33.13117408956896 0.5469539382936546 5.787154350240144
v -33.76089970338762 2.707976476584008 10.480803711267981
v -27.536801649379413 4.169510952847304 -10.751790938815248
v -28.209489872066115 -1.678034197457805 -5.827099820470266
v -29.354680072148767 2.849410119689992 -4.997690817800503
v -26.662498707779378 -5.5449058198864805 -8.969014906650045
v -27.328709416855418 -4.649154093909601 -4.408450567383397
v -27.36186542181531 -2.1877184941147334 -18.528819283107623
v -25.31512047221986 -7.068232620345498 -24.932797817817118
v -26.0497052037299 -9.874859894816836 -17.30204830403818
v -27.48238234481323 -6.41507630533215 -17.86875968262393
v -23.722620499032928 4.449810961212279 -24.774649166434756
v -25.778287988759985 5.516648299094413 -18.093590109020624
v -23.54716876834027 -2.397855876901076 -28.52614128212008
v -22.10800447807378 3.1089972605275307 -27.95979123750294
v -22.086182315262704 -13.06640721270196 -28.6077401278053
v -23.09152904281291 -7.623540901105116 -28.44839425654027
v -18.00763116678081 -19.2621525946397 -15.516538178177143
v -14.63324163409834 -24.965968276135754 -19.835962981262128
v -14.654981894543198 -23.96486842716331 -13.62524271521852
v -21.874580325456918 -16.633740653497625 -24.329001529586094
v -20.75464255199404 -13.86833375594233 -15.640251702350724
v -16.738293841762243 -22.676876633791835 -26.021089962308906
v -19.70497339540725 -18.145725782905174 -27.91423665963339
v -14.133597453426773 -25.765677433255405 -23.215671349962577
v 15.943787893790613 -23.852662185443478 19.241090437609273
v 9.265251549700679 -25.36804626304911 23.084326452371897
v 12.445614979033962 -24.7882762748377 19.879173706121946
v 23.550278649363463 -18.64968188226885 16.168167857173103
v 15.819991262804251 -22.724825651426727 23.968209561926415
v 20.027239935333455 -22.083506035001847 18.48393076418688
v 8.464289768156505 -19.52871829885771 31.246834305506127
v -0.2040390251895161 -23.404396081768937 31.95162825575062
v 7.129136062978432 -24.38376048808277 26.988222009338642
v 8.204491246947327 -21.646542457865507 29.38984750286727
v -0.13330151162097792 -26.826891210139365 26.927187884253726
v 5.4746095007394615 -26.189033173133794 25.58574516135195
v 34.36294231742431 2.61870560741022 14.248591988937733
v 20.823650113319673 -19.457474080266365 24.06075200907435
v 29.735571844035803 -11.684134955793525 12.622861335104062
v 23.31313275686989 16.444980992740966 31.46706495048238
v 32.61194440335203 7.939126978174954 21.590412839181226
v -0.039746938856769276 15.757988762683453 37.54583207342148
v 7.447477311558941 -13.364480034536427 35.42113534233067
v 13.510715504973632 17.589350964714868 34.498984556606956
v -0.11830102361592765 -19.255081288873953 34.283634329100096
v 8.75543762448251 -17.728635574042528 32.55426104860271
v -7.505418417872534 -12.431414554067487 35.49271078372658
v -20.725803283512505 -19.381537337869304 24.266401623970523
v -8.527023969563743 -19.482115852479183 31.27554349375896
v -8.762177105220417 -17.657824956213517 32.5645422044563
v -24.56559578555425 15.77702624504309 31.448615238045022
v -11.828698654402615 18.82854942341146 32.8576418664361
v -33.51956715464439 4.5246983295421614 14.176702186989132
v -31.82270670464277 10.515430345480127 21.43390223512324
v -23.270401401741765 -18.63675817065814 16.360109665746677
v -29.794828205995145 -11.194663530784965 11.946182780957315
v -7.21548103034138 -24.32574229718921 27.01498240305409
v -9.225517459842195 -25.39625921931838 23.0565109634681
v -5.512828999046178 -26.197192094145066 25.553988723297152
v -15.732813420643652 -22.650742552288648 24.034572158601804
v -8.28952396978093 -21.59774069206469 29.39820636200784
v -15.83193455491346 -23.869808686700708 19.414012830521642
v -19.90521624968642 -22.082583428935322 18.67037186531161
v -12.357442264013116 -24.820365140143622 19.88879121191985
v 18.499865592202696 4.4565100929903565 -28.477419009792357
v 17.97944109499622 2.0617425676301764 -29.98239426020882
v 15.206324534997293 3.8704592170695378 -29.464677358873814
v 17.001505162304966 5.77914237170944 -28.40574480377836
v 17.09546403860986 4.112815244278863 -29.03956553590797
v 21.478743780628065 -0.12713275035870453 -30.482244401242497
v 20.445092558869874 -3.1158918137602996 -32.14847577517139
v 17.617548263178833 -0.7833346308307796 -32.164716532613966
v 19.915169796075133 -0.4648442567103075 -31.511766780186008
v 16.11896862400681 -3.902267446326505 -34.118832314909014
v 11.590950538628022 -1.3838259929734704 -32.57090650009013
v 13.319391577486385 1.3894629534396472 -30.7682233751475
v 14.493989544827855 -1.0859456567552002 -32.28094080806477
v 10.336294212754183 4.707649245641733 -31.18466077397352
v 12.969947905334266 6.398164068931237 -29.770866946089882
v 12.755934613511272 4.135618729926364 -30.09408018101385
v 21.41357599494222 -5.42259668040424 -30.923845097642698
v 19.577730842806886 -8.826334360240708 -32.50303834521219
v 18.556040979856334 -6.397750341537176 -33.78599796084745
v 20.13807431241912 -5.867448780298673 -32.349247381491296
v 20.30532135313115 -11.197750527323478 -31.195876580359254
v 17.35511019732894 -15.085590811618204 -33.313031067078555
v 16.31886339322955 -12.935391129022719 -34.784977983870704
v 18.616613801907988 -11.980991286600329 -32.868835992783715
v 13.34258078714538 -16.715154014412292 -36.83550007788472
v 11.739986347321974 -14.590164602806908 -37.87273332371842
v 15.222613470302349 -10.432112754550872 -35.815962560940534
v 14.1270536952552 -13.835138004245891 -36.52114193408488
v 13.133019129815693 -7.578098336765834 -35.92888665281134
v 16.314135940473534 -6.9667345107855 -34.98193872126831
v 10.124094817453624 -12.301891984125177 -38.83445258789834
v 7.9314185201778855 -9.195343062346637 -39.46192347775286
v 9.373613800217754 -4.650242010266766 -34.7918288759156
v 10.577250974170056 -8.367628113766386 -37.6319620470731
v 8.138509857608824 -18.050030094657814 -39.29147020029268
v 6.165732380281497 -16.09755115524058 -40.63072805713091
v 9.084179871349534 -15.310350175667736 -39.108835150304
v 1.3357839318416609 -19.62188224043166 -42.82325921859592
v -0.1814841824791671 -17.425987059718864 -43.1737387147914
v 3.8379081453954313 -14.126117840276493 -42.10786132081921
v 2.251496348467981 -17.103200198877857 -42.845686013581144
v 0.01889100918978759 -9.473090848446645 -41.179941236063314
v 3.216989745950059 -5.107405059583471 -35.44456664574864
v 4.421079791809689 -9.521567413675712 -40.910732976088184
v 7.865659351230079 1.3857287174298563 -31.297016367067044
v 5.226226724045318 4.636726313170811 -32.44150557925059
v 7.950247031059007 6.55499806689113 -31.16033095342027
v 7.812666713616636 4.8580767923381245 -31.95848155668864
v 5.762835971929235 -1.7013125361623906 -32.654646851762664
v 8.908533020313826 -1.586454705336223 -32.89183610433247
v 0.03420876182815746 -1.7756184579144474 -32.41030559550745
v 2.618063035169371 1.0266165010567647 -32.01364520923016
v 2.7413950508944254 -1.7500841907991571 -32.383610241906354
v 0.03682196861006659 3.7783115272823125 -32.73032704704201
v 2.664665180436259 6.271569508581251 -32.10898919908141
v 2.6381008103987824 4.165611557102693 -32.69583410639825
v 18.318630109119113 -16.960759939557647 -31.437192266850616
v 16.18951787693186 -20.281918956430673 -33.41839846121911
v 14.880471153209328 -18.61941173127161 -35.46726564565688
v 16.63415016532872 -17.80176595595003 -33.51166116741115
v 16.401345098244747 -21.73902468268534 -29.984335828066833
v 14.665102859004037 -24.657805805451062 -30.48829794966332
v 14.252301684348822 -23.432582540213843 -34.756996281341344
v 15.671363761494831 -22.677837782148345 -32.633089667195236
v 12.407826672596457 -26.437922419607276 -34.76827953673455
v 10.115672122645265 -24.69679855845061 -37.545846526780224
v 12.422490809489318 -21.635984279302647 -36.74702143343711
v 12.347471855372532 -24.04828357826409 -36.24237759508651
v 10.353753870117544 -19.920828286023607 -38.10229120287113
v 12.799266987473857 -19.25237851078873 -36.89857935323198
v 14.198169038064407 -25.44949093957439 -26.964453460883306
v 12.384927734558914 -27.189790959282618 -26.143798978049745
v 12.479765856854101 -26.969863834839998 -29.611294638871186
v 13.394379215992558 -26.150847399330814 -28.234901285632077
v 12.030615689403021 -27.216878962462943 -23.290072422993035
v 10.688070897896978 -27.871466762215277 -21.928491353573918
v 10.446544433257259 -28.09540710260262 -24.14219186781338
v 11.372534994620764 -27.6076447872656 -23.7858105834639
v 8.498412341482435 -28.542129105784625 -21.502673724922715
v 7.892488398399564 -29.135800816215124 -24.606780631296715
v 10.318475630315334 -28.701727910827685 -28.02817007772319
v 9.284660001601424 -28.627437646880935 -24.430808579689256
v 10.135032396683528 -28.834404926315983 -32.94230723306828
v 11.473738616996343 -27.920374519313555 -31.302142491635095
v 7.22653483866452 -30.1831634576356 -29.32652252042135
v 5.888349541489788 -30.39356340977247 -35.07745856031761
v 8.187980693474856 -27.745888754763655 -37.322050719980325
v 8.27823469215491 -29.668407085950093 -34.18722079070176
v 5.613992874685209 -29.047784679247343 -20.953694208623347
v 4.368418979224089 -29.761089248899225 -24.265606689239576
v 6.24646522888861 -29.543091647848996 -24.58464772127263
v 2.1657287626757125 -29.334977735286884 -20.56307532630126
v 0.27783680222873386 -29.92351609446996 -23.927593214961234
v 2.9007586877462472 -31.242209230707886 -30.13154087798648
v 2.3744665785569623 -29.8759404552693 -24.037508599320063
v 0.27837891609851795 -31.039045593515766 -35.67051359410834
v 2.9090790045968333 -28.71804575285023 -38.2527892096914
v 3.129817624910629 -30.85943129550469 -35.55653922483543
v 7.356023081879812 -23.079103972078883 -39.30000009084506
v 3.803120416455613 -21.521340237741242 -41.376882702315925
v 7.431512372379075 -20.658833645769846 -39.47133020540241
v 5.002115954469446 -26.020304663150455 -39.701817917301014
v 7.67014635860005 -25.38465558113967 -38.72355196625176
v -0.07269183632744713 -26.556608583830894 -40.475922949404776
v 1.3962460953654272 -24.180368006043864 -41.64069504169311
v 2.2205949169164114 -26.393854128795283 -40.27710736430163
v -0.23670830200200044 -22.042752381128594 -42.5257657355578
v 1.0711420298948724 -21.948986216273624 -42.3642831760917
v -1.5709918698169076 -24.223891887009813 -41.67858693053495
v -3.3846694840894997 -21.564428109051732 -41.66580534361856
v -1.4970644453969726 -19.60593898128991 -42.81907738013251
v -1.327368162601033 -21.94860079337377 -42.39672133090062
v -2.434206375255144 -28.831550387963944 -38.29002106181724
v -4.4524532158577586 -26.150317442843516 -39.9659410038912
v -2.0418898255038584 -26.490759081390934 -40.36035630177685
v -7.726236230547784 -27.904384286755885 -37.61964296763654
v -9.785333381860255 -24.851786742054173 -37.8929656170676
v -6.890856184046697 -23.230722114201853 -39.66903047298911
v -7.2112311406472145 -25.548999905637174 -39.05383289360179
v -10.078576372980933 -20.007561687402813 -38.41451024957678
v -7.833681897231145 -18.1074255866788 -39.61111586449988
v -7.054913248039156 -20.77220338286861 -39.83065997493577
v -2.2836776550475406 -31.313196902181517 -30.230678874508158
v -5.331933169893091 -30.52696791098424 -35.252332156660486
v -2.537217570808707 -30.930484007092673 -35.61322529783138
v -1.6626047853305863 -29.34392918213598 -20.564009976833404
v -3.913970451346586 -29.672335990635474 -24.033333987536025
v -1.8551238249190192 -29.84028401924661 -23.931871409149608
v -5.312454257868467 -29.05357565831764 -20.98858461663258
v -7.656194651848637 -29.101678845112474 -24.51831403131473
v -6.880660543899012 -30.259106222265473 -29.384767147268576
v -5.883319772646701 -29.468240111804334 -24.360432767069142
v -9.913303420184093 -28.946777381661377 -33.2073842413356
v -7.858674163393516 -29.82200533822106 -34.48014701237662
v -10.188309885908893 -28.744326776833987 -28.06711706175338
v -12.40641265233262 -27.03045231469696 -29.736969002047772
v -12.250828267680845 -26.55021297258645 -35.10844897035895
v -11.35019491978801 -28.005345815372493 -31.492717253360752
v -8.402466730573451 -28.543109525286127 -21.57826960894272
v -10.393195881684733 -28.06800835220929 -24.153655790190896
v -9.152611707218512 -28.60236106945922 -24.401280367774234
v -10.71444345981945 -27.84499543567472 -22.027581172233113
v -12.063353751405884 -27.181586269301988 -23.35568344501371
v -12.365945656741133 -27.18798669833268 -26.18940896046115
v -11.373142035688034 -27.574693538221254 -23.82180908231021
v -14.193916137253836 -25.479529836831716 -27.07411832035723
v -14.646957871546874 -24.757808594604285 -30.75491183174381
v -13.360692050098805 -26.193870230526954 -28.340716733893714
v -12.18741776952902 -21.750982428153293 -37.07962935154501
v -14.708397895123198 -18.744341746472855 -35.867474331505946
v -13.109230105768802 -16.82365296961416 -37.17940570474457
v -12.56702560138092 -19.35491665995505 -37.23070549271506
v -14.138081607977256 -23.554992853207295 -35.136452352926426
v -12.133658501678838 -24.166743306534045 -36.597409899286504
v -16.389570428654224 -21.875910034461413 -30.335964366282496
v -16.107455319320252 -20.439648460409444 -33.91087738929309
v -15.62409886950718 -22.819825169561227 -33.06655794040853
v -18.116381851314145 -17.139858734440168 -31.820786816822874
v -17.124614054304402 -15.271400782744422 -33.804992083130855
v -16.504808262370716 -17.987979416674534 -34.04816743511401
v -2.55406506820691 0.9639109052553749 -32.26690900561698
v -5.145206614933159 4.214900822649497 -32.700071349403515
v -2.573439494492277 6.077984834897052 -32.35592001544501
v -2.566323021980452 3.942891019971057 -32.86080956089427
v -3.085328380025203 -5.152598905707691 -35.592202887537496
v -5.666780756383105 -1.8150704061657734 -33.06150167374108
v -2.6633577536931625 -1.8028183240692215 -32.614456878880446
v -9.228396689348756 -4.796421775050476 -35.16856048937734
v -11.432874154039382 -1.587078759211181 -33.063570912934665
v -7.846763993564764 1.0057932008351713 -31.75077715595762
v -8.78374994759315 -1.7519223268086535 -33.36404419676728
v -10.192239995040836 4.095534146118325 -31.47795796518949
v -7.815616403247077 6.151263965954968 -31.675940073271704
v -7.697519815615578 4.323403692302691 -32.24413533002189
v -3.627460617619363 -14.139219809978385 -42.26075376740482
v -7.748057188912298 -9.300158217738499 -39.73884501351131
v -4.233645323382916 -9.54578522069869 -41.07529410096686
v -5.9047125502584095 -16.140418612830217 -40.920252921714564
v -2.256234490687234 -17.080797492823876 -42.868719849633635
v -11.466020523426778 -14.677549609776179 -38.15381260900904
v -9.894551993882942 -12.367529503970218 -39.06690354769307
v -8.82126906022404 -15.349807845040232 -39.364242861571256
v -12.89442790144767 -7.778308068764545 -36.34476037064633
v -10.440583627221713 -8.528453045409606 -38.028164743656816
v -14.947155337116783 -10.654724590380283 -36.26227987007769
v -18.40420844624532 -6.6523197579972475 -34.13079969594946
v -15.77106905234723 -4.1361700653401385 -34.40107750447169
v -16.045616623931892 -7.1905821087875665 -35.296911132814785
v -16.047764152152013 -13.147885613730978 -35.26646513261949
v -13.870560777635546 -13.982353894184598 -36.925891383472845
v -20.15089082828581 -11.427922674222827 -31.52872056999331
v -19.43824268201024 -9.074960435140383 -32.85121493958104
v -18.351603038201574 -12.220990512999379 -33.314835328028494
v -21.275226036146705 -5.682736059990475 -31.266876296298506
v -20.292573490718496 -3.379834835589463 -32.52154827997765
v -20.011189480447683 -6.13228429703031 -32.710694568080726
v -13.11031410767464 1.1138663841773564 -31.325462985969352
v -14.96855835252427 3.492896836591626 -30.060037703384296
v -12.745934093706637 5.865844457478033 -30.29192979997424
v -12.620592157781175 3.5946093376396675 -30.5639516471183
v -17.342515299629667 -1.0614185327995074 -32.5563302877963
v -14.191573488690665 -1.329034514419618 -32.67540910159914
v -21.301993656541526 -0.4477947510402771 -30.93333131876534
v -17.733129364165507 1.7132276743332113 -30.505926229545366
v -19.70110953083622 -0.7725244971027223 -31.94310559187761
v -18.227466753284716 4.020795526938855 -29.081352604931453
v -16.71288724598253 5.315596658948834 -29.04851939165019
v -16.836832023896022 3.7004211725616187 -29.63774428537363
v 13.672148682130683 -26.155383345083465 -24.22872653550985
v 12.712143345408549 -26.791453983390966 -21.42951323185116
v 11.41364998246263 -27.62846725943018 -21.34084187595363
v 12.426843679364538 -26.964718439126955 -22.494641460061757
v 16.029580622404865 -23.140347670865594 -27.07922035599404
v 15.52333125678706 -24.454738523983906 -24.68527923153124
v 14.921512669810909 -24.90623254444472 -25.84969721653033
v 17.473695188041347 -22.10700719632041 -24.44445495923719
v 16.280097076183665 -23.379791647399543 -21.133017030566407
v 14.402904478019991 -25.42455889574012 -21.55628605029233
v 16.018026366535196 -23.99756915132275 -23.256432230515202
v 13.028721284222229 -26.400827874389506 -17.94913119726243
v 11.58501623041684 -27.60970439088669 -18.724499693809776
v 12.92870885949651 -26.626550795688672 -20.00201521098461
v 18.55989520885487 -18.68166716517044 -29.155866895938743
v 17.901254446421262 -20.4066273534645 -26.5908461818035
v 17.095160518076227 -21.012743405774017 -28.079455412334937
v 20.95154306706354 -13.446797934819188 -29.85356665593281
v 21.403634493019126 -15.539352804955342 -28.350696778106794
v 19.98684400208913 -16.188329088175124 -29.801611649032566
v 23.49625440326963 -12.305518572723486 -26.75896765071957
v 24.05264126592556 -14.110665995332056 -24.738077351024913
v 21.032236168934105 -17.415437312281938 -26.231082811507804
v 22.686232774685777 -14.939585390474349 -26.80584230202112
v 19.466362895894235 -18.993375526533782 -23.035859522715327
v 18.79025163607821 -19.797773594119462 -25.093557709345987
v 21.049912626678633 -15.093341425244944 -19.57865826665966
v 19.679997991496748 -16.539478256659095 -15.467039037816903
v 18.041656782158498 -20.380758250204963 -19.17550952675265
v 19.51831910724104 -17.73447713986843 -19.500283724421024
v 26.226843159609416 -10.676749100213783 -21.427145289910186
v 24.128880324409693 -11.61915024598511 -16.415213095960098
v 24.946114179007054 -12.92006815986042 -21.11663896621576
v 25.808717126703414 -8.619471867656557 -12.06242512310655
v 25.555099223027355 -9.286478113686826 -8.872155723023752
v 22.403756331383192 -12.638534798215915 -12.212395582332647
v 24.70614265487893 -10.406170180051049 -12.316022551191054
v 21.186501684600444 -14.13179680581652 -8.771099043128743
v 18.45965393928236 -18.250115166437354 -11.405252581032073
v 20.304092817637866 -15.373143997179795 -11.95769367675075
v 14.654479640326826 -24.583086758528225 -16.64569960341214
v 13.029086231530528 -25.494002466721213 -11.81303000907701
v 11.577570341770297 -27.22377803237032 -13.941578560273229
v 13.01694902352483 -26.077518283740574 -15.11974048499178
v 16.40742153115025 -21.889903294619216 -14.376097110888622
v 16.391094053555207 -22.69867470767167 -18.21238106009514
v 16.79051623579926 -20.115714966441374 -6.878794856174409
v 14.702231128725543 -23.204913233270418 -9.369415099502476
v 16.53215040377563 -21.012406160736646 -10.488496511459743
v 13.236137822224919 -24.398666718734603 -5.043165902196961
v 11.704936952366552 -26.44310394871718 -7.855236070682167
v 13.131618358464038 -24.97114498745941 -8.54959590035969
v 22.095338518027347 -7.812597457939319 -29.645751446118084
v 22.76712581468564 -10.176384660498115 -28.306606807256685
v 21.56138808592914 -10.669900617062012 -29.769404747963563
v 22.77888121313117 -2.409932862578671 -29.518106608365997
v 23.544451536896304 -4.775108189800221 -28.20475157929104
v 22.52282550961354 -5.048672330766976 -29.565829190047225
v 24.592842775680765 -1.9123019143355577 -26.693835998430586
v 25.61956602081409 -4.486907614211532 -24.754359059650596
v 24.38008451717542 -7.1091542945141555 -26.6187821153635
v 24.553736804704386 -4.5925451054936275 -26.694190105719827
v 25.388471267848217 -9.11390561250073 -24.53343706234773
v 24.0458240983844 -9.64218852130125 -26.625975070232016
v 21.22733964973304 2.9276205560845483 -28.51004505826495
v 23.48017985945262 0.6150376138282923 -27.97348097712711
v 22.596706261729196 0.23798531646940546 -29.28532322132014
v 18.563604904265958 6.4869143160785825 -27.47422342380196
v 20.555345188266074 5.8895009924031 -26.6538291014258
v 19.560398856779102 5.063038066024092 -27.690785324550234
v 19.694685012874288 8.632404612616483 -24.789153111934866
v 21.950761570506074 7.868035122073707 -23.33707956341641
v 23.105541574115705 4.133501915093575 -26.003941052158552
v 21.369731731190768 6.815192851019219 -25.254141751676798
v 25.056542657601312 1.2488027908602248 -24.702064398819857
v 24.264958696989197 0.9687982482925008 -26.497371493016544
v 24.734644678323093 5.5050392409061715 -21.618076567818207
v 27.278729702316923 1.19100757313646 -17.90966991455025
v 26.560460403936304 -1.8595418854644095 -22.164329217101113
v 26.018404046475553 1.3753725847777787 -22.13556703319955
v 20.632733288770396 11.112149305712592 -20.089362880110457
v 23.569807545920412 10.355978482917635 -17.03709294487362
v 22.40786590305288 9.103304676084917 -20.56417859935209
v 23.745227961002456 12.895297511865465 -14.050183506772555
v 27.14261760523368 8.4292271242889 -10.715161309970426
v 27.45506067899987 4.85268870064283 -13.439230397069878
v 25.8889621744529 9.382912127676718 -13.2934827274903
v 28.135647662240444 0.6281876108368465 -10.562962624604552
v 28.38970639335821 -1.9118764435875164 -13.661886797422085
v 28.17823689267425 0.952724080865039 -13.71787188251892
v 26.779722673876677 -6.558066996731213 -21.724595412872077
v 27.431745002451862 -7.916719454334725 -17.093370710485033
v 26.665382152848906 -8.567489760708668 -21.554489016021762
v 27.94453089956187 -4.32320254972683 -17.652226688593146
v 26.74094913015142 -4.424999663145854 -21.98026810238298
v 27.69566092423338 -4.458714832422174 -8.978269874032776
v 27.28617799985659 -5.814765685451675 -12.472869195839849
v 28.0747508440636 -4.1190021851564325 -13.177062127249883
v 26.99205455829906 -6.844905945481514 -8.214950058668819
v 26.493167974515018 -7.205734046538055 -12.016027432643568
v 28.019266808736575 -5.7584108352602925 -5.779592232500363
v 28.073902913683924 -6.455773952440268 -3.3042473826953938
v 27.058277439173253 -7.411548068389948 -5.707878279749821
v 27.602441578117578 -6.592739399912716 -5.560844863465263
v 28.643557959667305 -2.6709602203927716 -7.1461988551996
v 29.131341955042444 -4.48786816034476 -4.254877608490233
v 28.404318739048904 -4.56791477552315 -6.324510957215807
v 30.786056410945093 -2.925322472044172 -2.3714190276433555
v 30.744189848448514 -4.175904155198623 -0.37683933615113574
v 29.189738342156488 -5.431111515374596 -1.5139224817025934
v 29.902515364214196 -4.316743102814598 -2.3480494521116952
v 28.886921205314138 -6.140825629825031 1.2247093429447773
v 27.738645213139534 -7.075127474689907 -0.923590174643266
v 28.482737845810334 -6.271797148981477 -1.0487204290854493
v 28.08838758803904 3.668235048195811 -8.285627585152724
v 30.096009704406242 -0.6362302274769718 -4.686989373763026
v 28.58001135905397 0.13149496410451889 -7.852844039809952
v 27.14768350747363 10.668475756779117 -9.182329017243774
v 28.878497306059216 6.0384241853435014 -5.467747166452227
v 27.414658723522734 7.384002375516047 -8.776190238746494
v 34.6813763083901 3.2150843114889085 0.8698776543752729
v 34.20727241706663 0.6890449833887828 6.720620911414244
v 33.98417759816584 -0.43976105483250194 2.7326902144789074
v 34.395703263911855 0.8179443275131462 2.8434761125904515
v 33.62772886480889 -1.3877473698678386 5.3102085672535395
v 33.17324059019484 -1.680794036198904 1.063562974625313
v 34.31620256413771 0.9830469263993677 8.504610423490703
v 34.516555023054025 1.5552754982962824 9.869380867406107
v 33.26257439170149 -2.251958253724524 4.817237923870607
v 33.933046432714036 -0.6008122718735649 7.693751102322949
v 34.62663180325217 2.4076727186049993 8.974826963535179
v 34.64719411495935 2.351815907067021 11.252167422996536
v 34.50139344973104 1.8132507885221685 8.807797927650881
v 34.469097419616446 3.853736379890506 13.33552032139869
v 33.92616422505853 4.728578010215415 15.052638358127297
v 34.48678351293347 3.484085105543727 13.336722359067608
v 34.461617806466165 3.717597483871259 13.40939143794185
v 34.087747958035834 4.473964330344188 14.639674583186206
v 33.83877921808926 4.343518552112073 11.849501855422204
v 34.58352225190356 3.1042978111540833 12.765025776161565
v 30.554879755613 -5.1494492779479515 2.714190216397583
v 30.078593407119115 -6.868294491046527 5.048398921397393
v 28.154456299753292 -7.907330793383608 3.9037943834555335
v 29.442881693887102 -6.356949714248003 3.3087824251131224
v 32.841261393192326 -3.328752450223419 5.223866611006997
v 31.695623138988594 -3.9759717470208216 2.058899923187937
v 34.204596136805776 0.36392676567112403 9.92224402701413
v 32.40874222386992 -4.893345697679479 6.197385838155242
v 33.68276725490796 -1.9745496698875513 7.671729603605854
v 30.66680656573044 -8.312560214726545 7.59133821559908
v 27.560661735773465 -11.792312323763326 8.29397078648799
v 30.566938674592166 -7.4584829420196 6.412148897963107
v 15.040944386456431 -21.916969617761424 -2.267571042840814
v 13.75918921738321 -23.817128602970115 2.4601164296977913
v 12.032887275619032 -25.668926649819696 -0.2833290409126903
v 13.475781736888166 -24.021749620502305 -1.2883984446419845
v 19.253131289890007 -16.268364562222814 -4.62626750144932
v 16.974650821757677 -18.855395332832813 0.10584228483659786
v 16.955321863330028 -19.32785395015253 -3.3842205266334986
v 19.12542743425638 -15.64115744616538 2.0698960686319197
v 17.344242475999636 -20.32994746753866 6.913620224069291
v 15.45757570117894 -21.723798069248005 4.820946715946775
v 17.00204475436476 -19.059462304946464 3.6211155931305257
v 14.093873601364066 -23.89412887168146 9.058608868614101
v 12.546306711620673 -25.34905454965883 7.048702519341987
v 13.96894238171626 -23.7658866284346 5.979252736866783
v 24.916128277398457 -10.338267096222808 -6.3778101264792895
v 22.352849192991926 -12.230492391927328 -2.9036595972909254
v 22.091857667463046 -13.002978647851705 -5.776274584445218
v 26.647732192928743 -8.19940848245551 -3.599717094397647
v 26.24374395376799 -8.565721030932309 -6.1220037434000005
v 26.55582810245869 -8.55403669483394 1.9434610974514044
v 24.92829800546133 -9.682054498058278 -0.672973149576535
v 26.71800442314452 -8.118469071263007 -0.9412573732048486
v 21.02585741994153 -14.372951096468569 4.6001852111483
v 21.533611139315326 -12.267726652946294 0.6003912425222211
v 23.282257973698506 -14.67888293212036 7.239916842192088
v 21.229659413811532 -19.803778964677804 11.32014879585131
v 19.493495463597355 -19.960522026922263 9.143135723891646
v 21.152842220977618 -17.479566865031302 8.389452083247306
v 25.344817306653567 -14.122882696810848 8.6499798968498
v 26.342869905824045 -10.634109283024372 5.0509857715010185
v 23.779005460388362 -18.10575501929725 13.454965286956394
v 22.581217078941336 -19.144374583123863 12.760207989913397
v 24.411048429392395 -16.719288879459782 11.59989716769087
v 20.237686860886242 -22.011443997194874 15.252145295557057
v 18.961183078823524 -22.461261428041325 13.808177672401143
v 20.892999737468926 -21.124284792991602 13.432978114966318
v 15.79599627839525 -23.107112172432608 10.709411282083238
v 14.033199605801201 -24.376960182793482 13.748680421129393
v 12.615956242963875 -25.03816280306455 12.542464527087759
v 14.12787994559676 -24.160070672580332 11.649269841162095
v 17.45577784098441 -22.748907355988194 12.24638988209972
v 17.60906534604237 -21.777928306639296 9.840169424936903
v 16.24572337574955 -23.80634398845359 16.13400252599422
v 15.250344647946804 -24.039421260460585 14.883099255607704
v 16.984486332383312 -23.401722210401203 14.307531581451258
v 13.314389510914225 -24.63768432118559 16.844253823611325
v 12.563448395091655 -24.945931103129624 16.046200780514482
v 13.781398007540702 -24.537428598254337 15.465455190587818
v 10.378019855003004 -28.332437368226238 -19.3963399861168
v 9.38431711459134 -28.59960529572527 -20.223038381798688
v 10.449132788919087 -28.17050434574594 -20.673202693255007
v 10.307351361868314 -28.39767982959893 -15.707263495723055
v 9.152172084223366 -29.015103226232895 -17.119094075710564
v 10.349101093048375 -28.40448736156759 -17.79787800244776
v 7.944617447828023 -29.600476299850925 -14.812687309590729
v 6.679114478439715 -29.773735937800666 -16.370411297191822
v 8.029430359164053 -29.25620211234309 -18.33955616368803
v 7.956105459136779 -29.461986625254212 -16.68779621520207
v 6.867430902861543 -29.20958762149894 -19.508577543447245
v 8.194493738259098 -28.95531449889313 -19.852206147597826
v 10.36598502495508 -27.987108085530053 -10.538960413516179
v 9.141145978171153 -29.035694444657565 -12.891015704337406
v 10.321757747196898 -28.235438468798748 -13.293733252375205
v 10.44904606876662 -27.253019586003575 -3.432944304519424
v 9.137895779123482 -28.61088373333223 -6.7091660223859435
v 10.38545008584424 -27.653242725211385 -7.238728655658633
v 7.903929436292401 -29.016006561154427 -2.0944556373668775
v 6.610539313429854 -29.99147819617974 -5.817449794615186
v 7.93253022435465 -29.545698070209255 -9.745378878280917
v 7.899329052648682 -29.378313722589155 -6.241311402049632
v 6.686034626161927 -30.083596678137837 -12.329136565358567
v 7.949244931519388 -29.635082458471516 -12.581059812721833
v 5.259989167849199 -30.549035780893973 -9.238791063179178
v 3.7489410978669184 -30.67978327298988 -12.084129250154547
v 5.280798391101598 -30.21878857804768 -14.324351677690174
v 5.302215859867829 -30.429518548542546 -12.159215653278807
v 5.181762170314414 -30.21934985014559 -1.0806008498582287
v 3.690824744578549 -30.919704210362397 -5.343616301544898
v 5.218326156821604 -30.497485468038576 -5.497017024579691
v 1.9714364766363133 -31.167439597029443 -0.8180872049865684
v 0.10700735164190434 -31.40813378909479 -5.640796026253611
v 2.0167302918251835 -31.131450733755628 -9.243235470993113
v 2.002940733692185 -31.254896870792436 -5.413822889423045
v 0.19141994446161448 -30.858624316308124 -12.21755302251131
v 2.0489325256637585 -30.483552430208874 -14.249225527829367
v 2.0306830524673387 -30.83209035854634 -12.113247950238474
v 5.3241765340335405 -29.732902790454318 -17.700079350503074
v 3.835704309298535 -29.52465638877038 -18.941718017934363
v 5.4174476713515105 -29.40161012799217 -19.210998544703216
v 3.7411498341687093 -30.107529031325612 -15.941647592249865
v 5.286859768425074 -29.993855773693213 -16.118547067710097
v 0.27682964024965884 -30.15234407900607 -15.896965033691231
v 2.082600872079979 -29.86101013568623 -17.28741307386281
v 2.0564984072990455 -30.150033950500074 -15.863363383503383
v 0.2928577564156001 -29.57249700621469 -18.661729961228957
v 2.114413768567374 -29.55516742908003 -18.724570756156936
v 10.977719820476523 -26.799942922760238 4.554258760402718
v 9.386703123230745 -27.981707347145857 1.4819201859933173
v 10.682448541345366 -26.978415405430496 0.6580348505349889
v 11.222421206253784 -26.187127738672643 10.960985239943511
v 9.813764342957256 -27.520146562319496 8.896045920581855
v 11.166415645565394 -26.54897961930692 8.00687348395013
v 8.507590826508476 -27.87839232994702 12.713782597179488
v 7.01757299572273 -29.044607349216676 10.510964257628075
v 8.315985058525712 -28.646347457904994 6.2243082299332855
v 8.447490749732424 -28.341258734846633 9.729680724014543
v 6.712841391070015 -29.445319493728675 2.90465326570461
v 8.082376625584857 -28.791107481303698 2.2276984416276946
v 11.275589090842004 -25.5729274410387 15.378450788732152
v 9.898487523024414 -26.627184334580306 14.321595903956222
v 11.235964003397385 -25.85535329758568 13.423166693271924
v 11.733479926993823 -25.087795636993178 17.770649079019677
v 10.18839058382855 -25.845406977876337 17.833788576695042
v 11.404785255766 -25.32714084890904 16.83937340614193
v 9.373246444016331 -26.116992815364938 20.12644778975573
v 7.566223095887381 -27.276915805794488 19.907177088689423
v 8.682770352278112 -26.950575827595458 17.260869480528527
v 8.9357209925588 -26.55114521422547 18.886262889324826
v 7.145204584562634 -28.114420496031016 16.09147592678164
v 8.55974035152849 -27.37961896413981 15.215310910796688
v 5.7368428106738065 -28.33368276597139 19.067385154431577
v 3.8506523944683977 -29.30323093280458 17.585361837701385
v 5.520607917167126 -29.211700220768762 14.309487602668014
v 5.588166529278624 -28.812900737397285 16.911836524654063
v 6.393320387081985 -27.192936973702672 22.284048796474963
v 4.251029100612868 -28.1531868130769 21.622860629562638
v 5.9972953463661725 -27.795735980180325 20.842256403810097
v 2.5398908399531592 -27.802341165126563 23.78947450990563
v -0.060797630120511315 -28.434343182947487 22.382666472081837
v 2.026063698790267 -28.978656673265505 20.286389862068972
v 2.2137474876553824 -28.38242671833723 22.180714508131132
v -0.022814850259495145 -29.70916796650272 18.148287640742637
v 1.9500726057420934 -30.231042617369894 15.316784329202164
v 1.9514134558772867 -29.602046898167828 18.030866145409163
v 5.397337629328376 -29.940761360345277 7.617349443552939
v 3.6535724168611523 -30.498217771548298 3.8120236854422274
v 5.242381363558707 -29.995103580331488 3.4611126962659
v 3.8032161699572953 -30.192469011773937 11.770138462556133
v 5.482706392752789 -29.660151809213858 11.222083961216413
v 0.020777197206509612 -31.105114305230018 12.003896246870681
v 1.9888676789496458 -31.01486512433621 8.202126316122758
v 1.971721779915697 -30.725901531850468 12.050941929584042
v 0.06654585133785673 -31.345187002869352 3.7094737929219264
v 1.9630910169637446 -31.044619772204896 3.87039568251339
v -1.9805991533012275 -31.18256744584869 7.83843885892793
v -3.6365457580368457 -30.528972110063478 3.0763320675416708
v -1.8530578979534766 -31.135565123211563 -1.1862975095776847
v -1.9017720402669056 -31.085826297985477 3.491643308832181
v -1.968415724658712 -30.291402252380067 15.108354851640797
v -3.834502271629617 -30.282701330415875 11.232767402221725
v -1.977051004285272 -30.83308764029971 11.776958038990415
v -5.5846013674549795 -29.298408328770165 13.687963065490294
v -7.132236308429128 -29.211252166647682 9.533540816948971
v -5.456171230544442 -30.03580423855601 6.677433673262385
v -5.55805897856726 -29.79194716981874 10.438604721520278
v -6.783005221095209 -29.49234349640392 1.5665343636466105
v -5.193298359485652 -30.223789440173277 -2.160729556664137
v -5.269058048238094 -30.02637823976147 2.397960212084513
v -2.0737280153690563 -29.021862580339075 20.175578369467985
v -3.884062838764521 -29.402520689593075 17.286912024093
v -1.985309292137913 -29.66550918752182 17.88190621684862
v -2.5980373044055796 -27.77097737665099 23.73378812755618
v -4.253553319495268 -28.201342995520463 21.47657095903014
v -2.27252342599229 -28.383568533678044 22.101565506753104
v -6.389762451937713 -27.271209137983533 22.1454242238633
v -7.562257455581857 -27.353976296833935 19.644847423030114
v -5.762634227130093 -28.432979749439255 18.750860211266627
v -6.007926996169317 -27.894209122199754 20.625448795963166
v -7.203146895322789 -28.188563817497197 15.512110632615077
v -5.635168851915751 -28.88611904390382 16.452536486024655
v -8.708776160222442 -27.0206746175063 16.79192664272341
v -9.973113827561974 -26.780139412387143 13.641130569818415
v -8.618469768116938 -28.049476737405712 11.846202876288771
v -8.628593743694182 -27.4969922816108 14.560695408773427
v -9.344773327289658 -26.174163075878823 19.932159719279298
v -10.171516287494342 -25.907929798911937 17.50011472337974
v -8.92964636632314 -26.608797253364173 18.570039057800386
v -11.673643021791577 -25.136597402793996 17.56516326885594
v -12.512472603246351 -25.011274738013526 15.776570964242637
v -11.283874478742291 -25.67684468151856 14.91326702864717
v -11.374751176294922 -25.397169780919285 16.522320915382807
v -12.628212691179215 -25.152671946611008 11.982516115947874
v -11.321768776477256 -26.38133511122942 10.098678586101414
v -11.292111688780096 -26.007397813791613 12.772822158757663
v -8.448965594547644 -28.796108343429296 4.903672020279146
v -9.522291286059499 -28.080758623515067 -0.06254177695434393
v -8.03140504930252 -29.076888925972526 -3.5918647050364143
v -8.190766578372859 -28.86055105228479 0.7266789701105267
v -9.954869473263443 -27.715847448613204 7.7524455899610984
v -8.584875946831744 -28.53203343470159 8.62975422795671
v -12.626745675266648 -25.526727279811894 6.095334887623267
v -11.102655857910577 -26.942689111507207 3.236667993880701
v -11.29142997202598 -26.74978495013056 6.91548350290077
v -12.141252537252512 -25.78337557103805 -1.5207017091770467
v -10.625581801365115 -27.322188543168522 -4.836874919506499
v -10.822630463361747 -27.068028638539545 -0.8058217234220137
v -1.5275519989986606 -29.801606831246318 -17.300807724079277
v -3.387875419726015 -29.49422002414758 -18.979523186623737
v -1.5713587743508697 -29.540950141861686 -18.73874588774561
v -1.5970868068068285 -30.405306763752378 -14.403811426281209
v -3.303792101894942 -30.002600055733637 -16.127453950036397
v -1.5394620182715926 -30.095260538644652 -15.968671759762401
v -5.0020722932815715 -30.06139150132003 -14.732591613214936
v -6.4789619576527 -29.664090349471735 -16.75425878094211
v -4.985418109556576 -29.660238529366325 -17.875821352817184
v -4.962408061323686 -29.8775905470593 -16.409413685763866
v -6.661601223204343 -29.185154218541356 -19.655883766878105
v -5.093968855960611 -29.38216313380144 -19.319558926679747
v -1.7581369699571496 -31.038515637028468 -9.523251832192727
v -3.4505012209426695 -30.525007071981236 -12.474510856503912
v -1.6750391905254673 -30.743146797725785 -12.332033259340278
v -3.575677545465851 -30.82347374784149 -6.0092844074447385
v -1.8270641344747673 -31.17594298975746 -5.7447590357028275
v -6.646473976608377 -29.926206828089562 -7.003904333913397
v -5.141995560398755 -30.390523386649875 -9.996154890293838
v -5.176082602551105 -30.41098211595272 -6.45669535406023
v -6.575377904944162 -29.91925235364033 -13.03708616559561
v -5.085784039348255 -30.248112034047153 -12.709104526732517
v -7.980108874671714 -29.442575764460344 -10.779796730275848
v -9.207735613023488 -28.930160836891446 -13.710621114215428
v -7.884128937035712 -29.461569886743746 -15.413431530233538
v -7.934220665104476 -29.49749852768946 -13.3737241619001
v -9.300213020057072 -28.596004000504763 -8.007387180408841
v -8.009294421539835 -29.33716260135043 -7.5412386586276625
v -11.873658235670518 -26.497082425841654 -8.907540556346703
v -10.516976854865788 -27.946084635626903 -11.531124473444834
v -10.570365153174862 -27.67485772321379 -8.452521723022073
v -11.723913007951523 -27.188326352263175 -14.708166641383286
v -10.415782868062706 -28.289790324357455 -16.33396353977787
v -10.445621827190735 -28.163906387479074 -14.098091573224337
v -7.933219770011419 -29.193481762071315 -18.61654514845395
v -9.371913723895432 -28.56613854355237 -20.40268158652725
v -8.097115438164565 -28.927836255026705 -20.018022305794148
v -9.165860619400974 -28.925844100413087 -17.57515415308808
v -7.872991419676509 -29.362865490984404 -17.12959082749876
v -11.673891137783357 -27.535505664878656 -19.08613838740257
v -10.42921606056916 -28.27368446492983 -19.668477460130816
v -10.422076101349376 -28.321086663825554 -18.225897359414375
v -11.472399272419352 -27.58907703906516 -21.484997267178187
v -10.489044534645473 -28.130976818472845 -20.841820394154638
v 15.449184321981193 7.545286803522686 -28.00783901975592
v 17.758667244620483 8.431212654446426 -26.396845974055395
v 17.350034659516496 7.207896630340201 -27.608131383676664
v 10.719706891295573 7.949872448178212 -29.367974753300587
v 13.43681909505267 9.11749727214874 -27.363934661008898
v 13.21228014472399 7.886419794396716 -28.73183666598561
v 10.999694948000979 11.012289845700252 -26.592248157601716
v 13.671587410032771 12.048388502872513 -24.241091383915773
v 15.962990385329249 10.001165387991932 -25.189359388890807
v 13.584216856422245 10.535845714706738 -25.89773295431769
v 18.24059883415066 10.57817358023658 -22.760824150273038
v 18.061679501805884 9.512547313372579 -24.768742560494502
v 5.380053218939793 7.914240703310043 -30.490658664924922
v 8.226936710854261 9.458944623575462 -28.670778451969454
v 8.076144819072852 7.83652800445725 -29.903900477760544
v 0.05985528712692556 7.91498806240179 -31.229143394402854
v 2.7629868633005117 9.485761626279327 -29.619499328851816
v 2.696467989683697 7.994999447518239 -30.981463412277662
v 0.07277800130532697 10.595393552734095 -28.1951955002678
v 2.752080298569581 12.027404634868617 -25.830387529247673
v 5.567571095290987 10.974705090731732 -27.603272646245387
v 2.7809421504241527 10.729016058773595 -27.982863615845417
v 8.36509937820938 12.35165851162219 -25.21148507223552
v 8.308106773563395 11.154790327348564 -27.113898781408352
v 5.566007723653456 13.293763363539256 -23.360556635803732
v 8.46253549173889 14.22028388139006 -20.965526691648847
v 11.127974529091262 13.253269870123404 -22.773933346654303
v 8.42917412864017 13.334120754493597 -23.16079435570282
v 0.0257844085533403 12.903861126921583 -23.850761568768576
v 2.637124907571888 13.45342961758979 -21.006152674186524
v 2.710568746697163 13.059044430868198 -23.600561884435592
v -0.03541270496917548 13.646089276314342 -18.588194885276607
v 2.922658537360576 14.344162414742641 -16.74814260130006
v 5.551339973420909 14.259023700611579 -18.492130636381262
v 2.661473397046848 13.795011867031462 -18.441446320603973
v 8.804339961571259 14.808957138588084 -16.171495743024025
v 12.594717032288827 14.93104465990291 -18.30131137200351
v 8.62478769255813 14.894519817908986 -18.783235734854316
v 16.51617101123702 12.76053439493171 -21.248696896171168
v 20.20151612618156 13.161405526389899 -17.465000288309966
v 18.871135040505578 11.915399535724646 -20.336340669889978
v 14.871358310520918 13.977519245684562 -19.640299432811844
v 13.775185472173689 13.091816217374799 -22.173307161774574
v 22.90494099920761 14.032340835402465 -13.791751430188015
v 20.871529273053966 14.057725751144062 -15.863511530430515
v 17.955160656752014 14.644292431305075 -16.914177968770673
v 25.30779984601577 12.744528504568734 -12.157447525725729
v 22.176397771652773 13.838842881870733 -14.858161189540624
v -5.23895049752673 7.509537022891436 -30.92570476313449
v -2.601737665355813 9.279239389848954 -29.909216904885398
v -2.5708505366071677 7.770179258917324 -31.231101824512734
v -10.52750010447835 7.502782486571505 -30.022808260151578
v -8.047191730391205 8.814446472673353 -29.27183823761152
v -7.917013941519144 7.422651259022132 -30.50644655046017
v -10.8165745060478 10.334403231651777 -27.352220213746477
v -8.210220799242961 11.969138327983273 -25.999937471786325
v -5.409536866332019 10.580494548761635 -28.225231988632004
v -8.144371899026282 10.597953001678434 -27.849964982189704
v -2.6226206609601377 11.82718586952069 -26.208918585873107
v -2.6296184954856017 10.533859582325931 -28.316215881928656
v -15.198577534710239 7.069347937861949 -28.69771951266921
v -13.209137743643623 8.626730464862703 -28.14084846249534
v -12.98453736654028 7.412305665277472 -29.408388753243344
v -18.237139663624475 5.980798644029164 -28.133074964383923
v -17.431744314285424 7.908512957684252 -27.153332361849607
v -17.009138944615188 6.672087737196762 -28.289021887450872
v -19.42371946536514 8.205836011533847 -25.552880632460074
v -18.022922820332496 10.178639384462258 -23.63024185661743
v -15.752680766684534 9.542897560066194 -26.040093720164805
v -17.801019199081566 9.059744059498826 -25.606753118287088
v -13.503999510943686 11.490815260352974 -25.08094956273453
v -13.381298926328782 9.86795480267665 -26.677436254041822
v -16.160459399176034 12.331540640696403 -22.181095113244737
v -14.212644076847027 13.622672426255122 -20.668117519870066
v -11.009714738950606 12.88756135159747 -23.638583853506134
v -13.59813423644664 12.705716418553493 -23.079123243223876
v -20.35421465687068 10.740749777181009 -20.862409203686184
v -19.797739869615725 12.805598763050511 -18.232055694686096
v -18.48174830701646 11.445988168206895 -21.198982159876323
v -23.426059257633824 12.723765050285692 -14.416408732873606
v -24.9661128097232 12.624011581570812 -12.506808091065068
v -20.17775841774528 13.844791643440658 -16.559927350389444
v -21.809007845726228 13.585922352754096 -15.35001862318859
v -21.971029997252117 14.141887659113308 -14.54670094416906
v -12.10303544783892 14.634706241117783 -19.090287705808805
v -16.916368857067027 14.417367472336991 -17.770670759057793
v -5.465238906486775 13.024774312838417 -23.98818410371132
v -2.62112383499516 13.414342917758404 -21.373111408243858
v -2.6136174229088738 12.912212759382783 -23.958725749696896
v -8.406787080391496 13.92698669017409 -21.731335495833264
v -8.31081738055127 13.01425949435179 -23.927376414580067
v -8.851660258100765 14.988401609633911 -16.839327637172573
v -5.517350491440084 14.235346690094957 -18.97938828860879
v -8.56450032434168 14.724345972051196 -19.41989775642378
v -2.9558265867860882 14.332192624809068 -16.899669205484315
v -2.686605981233697 13.699364356646583 -18.70688345839335
v -5.7142124642195995 14.257643404851478 -14.17377538184337
v -2.666611566080519 15.056906916743173 -12.091619703323886
v -0.04377807564897296 14.40036791356033 -14.736400073244113
v -2.8746766985568684 14.129131365574722 -14.503074685245338
v -15.966091835226507 16.889522947645673 -13.685974524216363
v -8.28611418156379 16.399982869183077 -12.007055510202918
v -8.61243669528767 14.74591279219112 -13.961736177935563
v -11.711195256702922 18.39035971967496 -9.299312696251945
v -7.966386012767089 20.314928018909995 -6.95523867057409
v -5.198860493709162 17.825398401943858 -10.115024130394886
v -8.133610168994437 18.146409908552414 -9.937329117980426
v -2.0822625731518656 19.538026261889172 -7.422299560626016
v 0.0010816183749002284 16.894915254903935 -10.131821342149124
v -2.493381286515728 17.086293382486474 -10.051097526891226
v -26.57964482877651 11.469456809468284 -10.069252752144166
v -26.123655813746154 13.416288098956102 -8.018048941376037
v -25.665188047691117 12.649627751052321 -10.822340191740295
v -26.96566031633847 10.58184232446456 -9.259491284017713
v -27.329622387349445 10.510938964250272 -6.530656804095543
v -26.719705101690124 11.625085758642854 -9.694753580385168
v -33.294598216893064 4.410528839926201 -0.07089175330152031
v -33.78863088103208 3.1684105016515787 5.325491187456009
v -28.830410981516252 8.637281416746191 -3.5951395952386065
v -31.1231063279738 6.451696298604475 -1.785866642043402
v -17.34585522994621 20.812130786400303 -5.678341034485584
v -23.570672338551958 17.25509175037041 -6.652481153836561
v -28.421655542862936 13.123460641899328 4.007707107260785
v -21.368929569780448 22.74964688617729 3.7225525770275
v -12.982994470494305 22.109591938642552 -2.691088028002696
v -19.324429708576645 22.570008499234973 -1.626643323216058
v -33.78156559749914 3.3002540401189435 8.36997798900893
v -33.855482483011656 3.913944555745502 11.26013242811132
v -33.92336750014147 4.0305635885570155 8.384189253994464
v -33.758064436180575 4.385945483371643 12.736735735312323
v -33.18795410939674 6.551508182977614 14.681223171790407
v -33.26935783473891 7.004564370629396 14.180099930740653
v -33.671493635087245 5.245929060907201 13.051934582812464
v -31.65748795194122 11.3366111714613 22.3110380350372
v -17.758587751147388 22.473115591104943 12.067696985708608
v -32.23633774297923 9.74806479411427 15.900217039408744
v -4.469421157912166 22.43754587523472 -4.264523117670706
v -1.6479082789363702 25.733653608063833 0.48000985740148394
v 0.19287175423633585 22.1065760044512 -4.376352066504978
v -1.8058478082843976 22.286556454217134 -4.47653732931235
v -7.729139548985586 25.38008591088328 1.776580810717519
v -7.302473387731425 22.70562195544153 -3.491470470750528
v -11.410509990275386 21.851505538221318 20.955462336176424
v -5.969116114600638 26.904696049154154 14.040251640421957
v -9.703851969714833 25.74648096394958 12.804001666909244
v -4.949745112393657 22.803379656203106 26.449003327978062
v 0.7838755778929567 28.053954869723384 15.028855356313215
v -1.6612013039741669 28.13413487735852 15.224387620088237
v 26.755043563820436 11.574148509087536 -9.807310918277835
v 27.510183380358285 10.596308932121246 -6.45830569911368
v 26.85532337568293 11.703029109012277 -9.542550679456326
v 15.423504316831895 17.06077356872993 -13.512887122124994
v 25.527618570267805 14.671832101946165 -8.39012717554533
v 25.790274640945427 12.933408609981598 -10.534895406369287
v 11.273913705674204 18.215116358237537 -9.593844445194009
v 15.268765453666674 19.145545305182168 -5.6945956430636215
v 28.50830583742936 9.967866656114438 -3.507046975914136
v 22.38350476688902 17.610741935656733 -7.342413437952018
v 34.67672714466062 2.2425019932101122 6.020760374287875
v 31.48571460104904 6.431735607955034 -1.6896836046058752
v 5.620385474813247 14.308226547117556 -13.928565719616927
v 8.14473022187849 16.414543423671603 -11.958815016500012
v 8.469321343669435 14.898984701314475 -13.729339418236123
v 2.572281720234514 15.061117661924072 -12.040592120276415
v 2.7850737032435973 14.081069129962998 -14.3450934519351
v 2.3146424705994377 19.446463029796178 -7.518489674187094
v 5.11597529909568 17.71606717416762 -10.119469742655383
v 2.464748881731225 17.04478454061882 -10.035217501193983
v 7.704093684951204 19.945365271385526 -7.321143513889638
v 7.866762624280909 17.962965470474046 -10.064432557002874
v 4.863863555845455 22.048656578175724 -4.531065335180756
v 7.388805708405471 24.682169350508048 0.686465134130799
v 11.834195748511775 21.443058437887885 -3.615224946107219
v 7.44926350581045 22.213145436260675 -3.8859324409404508
v 2.3031357903689695 25.159997390601347 -0.14051798142666883
v 2.247945489447261 22.113210096114926 -4.612336270289461
v 5.350239553189567 22.325445624812346 26.52824145840168
v 6.748642360680151 25.157571635225395 15.298741719702775
v 3.546287242682183 27.54188441387123 15.51471946386846
v 18.28654124381319 19.25947992771853 30.82160926456345
v 13.147132834629701 23.23175312045896 12.712840719967971
v 9.156929045920151 24.348284719044386 14.573590213666648
v 28.08513076453528 13.970208255052967 3.618088818920114
v 34.686027881012706 3.8857364172624784 11.944984356628083
v 34.79847260315182 3.26745696023454 9.168932560357462
v 18.18386217439911 23.218535523887113 3.3588461497993194
v 17.26516574141533 21.480548041578004 -2.30312434812663
v 32.49372074660823 8.95192983216748 22.280428230109464
v 33.46735198728675 7.5440492346801875 15.312730162074331
v 22.29025892294885 21.95170826550384 11.75991512013752
v 33.66974477867916 5.220274951358988 15.562509494557162
v 34.30196359688125 4.560364401137349 13.857216714174683
v -13.225775968451671 -24.68102753516723 16.725513459292415
v -15.159789537626239 -24.084226672568548 14.799240868172092
v -13.971795715621738 -24.436970528300662 13.4648429532117
v -13.70766178901249 -24.58963653893261 15.27646668498437
v -16.139887451896357 -23.839870962954592 16.194576552492435
v -18.885429412303893 -22.51505201150212 13.925471496399041
v -17.361902071492295 -22.811890275610494 12.236550758134399
v -16.892809882313486 -23.453677217301447 14.34168486816452
v -19.347439455697895 -20.092588388003605 9.210266155250338
v -17.156478892549785 -20.453906698810897 6.816947127436833
v -15.70182782838856 -23.161902446539898 10.48021353245258
v -17.48172402882392 -21.858134812098797 9.783429754068948
v -14.075853876349356 -24.00589669485271 8.49527716708144
v -14.081343743779144 -24.234758403892556 11.240026601651152
v -20.148740891172565 -22.027092166928924 15.407468315304868
v -22.41349307739074 -19.13956643244819 12.823595603580543
v -21.103748979108786 -19.861110621031003 11.384230170738192
v -20.8043187459989 -21.164159200874565 13.55879821617691
v -23.554975990955427 -18.069343395280157 13.575099195947587
v -26.960466742762947 -11.314177149796706 8.133937176236032
v -24.812394112796028 -13.742974957765 8.46582664196967
v -24.11633962680571 -16.575930831859296 11.579531180773301
v -27.295719625521087 -6.97669709052343 3.441077028817972
v -25.618932481922457 -7.865183594838072 1.5828645512464163
v -22.82360713176604 -14.522243452280236 7.165786769638089
v -25.552810774559475 -9.965281913792296 4.755557613205156
v -20.642286958900513 -14.527520132668542 4.715104769860773
v -20.955862212435022 -17.61365308299719 8.483003254390951
v -24.09479207781078 -9.436497352998686 -0.782677228841635
v -21.70313940181586 -12.41581456219592 -2.8141556677073822
v -18.61629703246217 -15.892289372137384 2.167328117154284
v -20.951516569239175 -12.44262915600666 0.7549781195868945
v -26.668802781085105 -6.282442649920085 -1.5195424293610813
v -25.760351370558055 -7.763428335937078 -3.9621889638997345
v -25.73670808454517 -7.548012466092587 -1.3807439647770252
v -26.216236803184074 -6.988926438691124 -6.148538303385067
v -25.075206761526715 -9.385845557278572 -9.116045311818198
v -24.362451419507124 -10.394860426833475 -6.472955382647797
v -25.573532073212846 -8.375031244559977 -6.368108309422041
v -20.66258188347092 -14.255275462910504 -9.009902856314966
v -18.808078649642994 -16.431397244414256 -4.8499040201913886
v -21.497853529781423 -13.178331613926275 -5.834901623075893
v -15.36669418584006 -21.89215801858336 4.3953898499762545
v -13.77400631898945 -23.964988871819514 1.6081547673770729
v -13.986432150243672 -23.927128298588286 5.248991366291193
v -16.69092777626338 -19.028235823378964 -0.1746677865365882
v -16.759906430871524 -19.26484212381274 3.4673177038419
v -16.636372369235687 -20.194784474346307 -7.395692733847227
v -14.967001003119549 -22.065333345273757 -2.920164730753868
v -16.72401271887611 -19.483732219765443 -3.7939121213771614
v -13.3417075633879 -24.501890197994726 -5.961451016679803
v -13.512335485599579 -24.132079334478476 -2.215788121243122
v -30.284447777930836 -7.545294030202058 7.273540774641333
v -31.629354489145044 -3.839462182572106 5.643103143643202
v -29.380344419492758 -5.927364576750733 4.578108609000992
v -30.101610380919738 -6.523256082195076 6.002277539570059
v -33.43798758010416 0.6080185509321723 9.574806962834373
v -33.17065825676582 3.46996025959902 10.61260268521255
v -31.898420624425853 -2.3953670386364365 4.319653949043413
v -32.86022179097199 -1.1730643304784394 7.099541606502498
v -32.37596200623739 -1.3001356258332635 4.1502328822869
v -29.429353350102247 -2.9860286865525723 -1.1757963916707013
v -29.607348871933937 -4.144549701183905 2.074383685966268
v -30.7281851625321 -2.938836061358643 1.2602898235561497
v -27.81654881677241 -5.168646349477058 0.5802164991353322
v -28.533693162064083 -5.357368070167013 2.7491598167682696
v -33.51437117217574 5.402658272016197 13.832293101466348
v -33.77939518479434 3.8229097745816034 12.712886488937329
v -33.65382681291521 2.3875705054845184 9.45635385902051
v -33.81773030997101 3.267640337223611 12.250894512241757
v -33.38085827077339 5.904873343874442 14.236624607897284
v -33.7963345212429 2.9604841816415046 10.821215238651348
v -33.757763324540065 4.197890423853778 12.800750865638292
v -33.39520322932731 1.547130729532114 5.949531813501835
v -33.46560072198554 1.8745794007915038 7.91192696146436
v -33.665435268880174 2.7393158750167004 8.221092133911952
v -32.76781183294588 -0.46452082516944415 4.597237629299343
v -33.12871942747552 0.2757529403011034 7.082961797352709
v -32.90831534219433 0.589965778914916 1.6229089366504468
v -28.736302753837663 0.3806233684984761 -5.394063943572746
v -29.24438890046258 -1.6408881621495084 -3.2746225139437684
v -32.02573544381994 -0.5842733762679302 0.06504511562642179
v -28.60028942137251 5.999261605378706 -5.582399036916286
v -33.33909529068114 1.9162538540614378 1.906573566486486
v -26.956713687275624 8.372539846846394 -10.92990570085658
v -27.750990790400465 3.7541623737133705 -8.419154337690543
v -27.156273620354114 7.315965598119419 -8.8404390317055
v -27.81321009090243 0.7156569290654602 -10.893432650064824
v -27.51035682066322 -1.8624811867432527 -7.845650482718156
v -27.760081953050758 0.6693603368357799 -8.324210224097897
v -27.907841048388946 -4.3429891978480555 -2.3099818646276162
v -26.90904651013625 -5.596233912351181 -4.028447375947508
v -27.31756828615653 -5.316350040273392 -1.7539736498596312
v -27.76208374323687 -3.404556101275375 -5.108371627949509
v -28.461149345632293 -3.1180176619423037 -3.2094306393266834
v -27.068500781591865 -4.088717279688808 -9.611738305542985
v -26.90888752319006 -5.035490265368708 -6.481052274661124
v -27.216288783647542 -3.7462196508599845 -7.082260809453601
v -26.324364788844832 -6.641810961743431 -8.667019202363008
v -26.602575082424664 -6.002408824245322 -6.154563547311682
v -27.099402062587615 -5.936487055011639 -13.007217095303531
v -27.118600940786564 -8.112092128940276 -17.555462656245254
v -25.455503536812103 -8.795585441735057 -12.402896872818019
v -26.21119739876849 -7.357959229728294 -12.451108459803436
v -28.07027271174593 -2.0710100311459883 -14.09402295273776
v -27.497890798746084 -4.538331761289555 -18.229811810741012
v -27.846814149983402 -4.254916753003499 -13.6833428084783
v -26.263171676813727 -2.094758555677231 -22.648047000882798
v -25.363734344357 -4.726825841579284 -25.10699692408525
v -26.44123464765289 -6.7497221470230215 -22.141827746429044
v -26.392363023951475 -4.629756783139555 -22.422119323668085
v -25.13964947038221 -9.292490108701259 -24.791145266548483
v -25.922315708648966 -10.806920866853034 -21.743717206491056
v -26.326843539869515 -8.739404634071889 -21.928187833040283
v -27.116042696288787 4.825767513311348 -13.797603836032977
v -26.938707211173096 1.007586697043962 -18.54497332039773
v -27.81542868146971 0.858734491172811 -14.135066878232465
v -23.269529382430846 10.22968503420816 -17.581900258282076
v -25.55591102001017 9.310674842894969 -13.727150938832892
v -21.785379013072088 7.495973750156281 -24.027104589917144
v -24.547880785519737 5.192420920165205 -22.215775947552174
v -22.285318283151355 8.739870754891399 -21.262408315833454
v -24.91357725958005 0.9415933385177482 -25.12996331113027
v -25.79937784806134 1.1051745708402905 -22.628585553333323
v -22.978111127851662 3.747623132216404 -26.559622109129123
v -23.347787093352963 0.2861323150079329 -28.43230525936451
v -24.41932779505987 -2.1879729334509648 -27.03591568430238
v -24.143092793841788 0.6410650265328286 -26.938808384684307
v -20.220631897567728 5.433588459729435 -27.265825261851205
v -21.107769421732883 6.398499507298766 -25.898315906453718
v -20.98320074050025 2.531195940221778 -29.045421555092616
v -19.24041715198109 4.605214076656466 -28.294545479384396
v -22.61739383587883 -2.688693287125716 -29.882160217315686
v -22.444982128308766 -0.08899300899776819 -29.746539534429758
v -24.195710246351155 -7.31245644306091 -26.856766302664255
v -22.62673793230715 -10.376327607583335 -28.53681749644602
v -23.341673322604038 -12.445329525198758 -26.949328020957182
v -23.873079963563214 -9.82123974054457 -26.839655934803886
v -23.382270398424225 -5.014356443767838 -28.48290646832902
v -24.361639622524308 -4.831462136656683 -26.975876432077712
v -21.95086515291041 -8.054770710382854 -29.928295338428143
v -22.375618050800767 -5.293006059231175 -29.864529528540515
v -20.816059691085684 -13.634415780235031 -30.115061640124622
v -21.44138666605977 -10.87353519285989 -30.027842846780914
v -14.72751005316968 -23.2870083109392 -10.09251844415985
v -13.14826501439802 -25.501860276091975 -12.591281950693883
v -13.24931567206022 -25.04160752023199 -9.432834028780235
v -18.23031767829707 -18.256664946841738 -11.757013608369562
v -16.342453683593703 -21.82541240790124 -14.733281761094986
v -16.443205638508516 -21.020403685908605 -10.982111232641728
v -17.924596620793636 -20.281437177805856 -19.307206122739444
v -16.248228624598596 -23.356439837454673 -21.361105484913423
v -14.688864180780001 -24.489691563214365 -17.06316319070902
v -16.32473266132638 -22.60878204296023 -18.43573001722052
v -13.113921425127955 -26.318390733897104 -18.36710667434818
v -13.136602358337768 -26.020451605631024 -15.75014179333175
v -21.875486069271574 -12.742197900471183 -12.48393565085189
v -19.420430121804202 -16.505548997006372 -15.668244244899142
v -19.96009083505305 -15.434220277894383 -12.274987056822283
v -23.85205032658996 -11.749255768063449 -16.750161253738042
v -24.269309157971293 -10.55306448275769 -12.621382274725875
v -23.875698430389093 -14.18402642653291 -24.90196157693572
v -20.930265314098506 -15.105347348575378 -19.82058219866485
v -24.780351016459463 -13.010187260525527 -21.38873067126042
v -19.40439171138405 -18.985084116400685 -23.24580178515862
v -19.34274693189218 -17.667154599283094 -19.62947868489846
v -20.939137267474507 -17.471929469381394 -26.40136023976993
v -17.856435785401118 -20.49187085444646 -26.82162055198387
v -17.443948971298596 -22.144954489704105 -24.670666885840546
v -18.752900543742726 -19.84007014403869 -25.321371549876858
v -21.282320226397133 -15.665056074849417 -28.53005814233984
v -22.551864716224372 -15.032092908671984 -26.96548205824729
v -18.437966674486233 -18.81692892298088 -29.404353857260503
v -19.837731108815206 -16.343473849831753 -30.03262449963222
v -16.01612936319998 -23.204783153041717 -27.265861395248066
v -17.054742904793784 -21.125098998867543 -28.33075836971875
v -14.434653689395418 -25.3755668273825 -21.775861476338832
v -12.770371110003907 -26.74300632487939 -21.60555514135922
v -12.993764631652084 -26.562532052023016 -20.27060438542685
v -15.531558831252369 -24.46490887075379 -24.8503389972866
v -16.01398303942642 -23.99881936685415 -23.464146266818716
v -13.699849748611086 -26.13465963753697 -24.32795606997024
v -14.929487310498189 -24.92526761791123 -25.981629884043286
v -12.476796896078667 -26.92731314669618 -22.603111508546135
v 13.657779634645522 -24.459816470689475 18.14702176740593
v 11.372425389983619 -25.161972682963096 19.587886736218024
v 12.490372213279443 -24.796095541918476 18.15050020907711
v 17.23699975856198 -23.500053227726312 17.33338679913595
v 13.917369184376184 -24.371080074677593 19.80663229858328
v 15.217380149990277 -24.077782883461623 17.906499811198955
v 14.242162653189553 -24.131713182723615 21.41873584401401
v 10.353546705308872 -24.681957367913128 23.493655207588745
v 10.939742415928777 -25.10828809079976 21.586004564764153
v 12.270552284580845 -24.622216818435845 21.762949809193742
v 8.547055722560344 -26.094903265417088 22.28723817097125
v 10.034960351852988 -25.61696441624008 21.002161138279916
v 21.292654377899453 -21.28050151208845 16.334250198059635
v 18.063248895676224 -23.142795106279664 18.922497459697297
v 19.29018608837123 -22.630657201420036 16.98378293559108
v 24.824385582767718 -17.068107443846202 13.803396019549837
v 21.88494579256985 -20.51966948109839 17.415505965735974
v 23.06237420933212 -19.293715116798012 15.202862955577984
v 21.56836183152336 -20.293515367930013 19.506287890532803
v 17.356421839635004 -22.043727982843848 24.083161941807703
v 18.371658277906135 -22.745686665881294 21.16633202247249
v 20.107865588196546 -21.733966007124764 20.63876997493935
v 14.042033016887217 -23.44058488317205 23.678506439251578
v 16.410694012459317 -23.521832030461155 21.253295473145045
v 12.142382308127708 -21.9777797157858 26.819283925653508
v 7.9943171285408425 -22.992451268619334 28.020109921330004
v 9.67718973839419 -23.954637858065325 25.28840102968752
v 11.09593986388063 -22.999506916579776 25.957769797649235
v 13.805501392140286 -20.33252498318143 27.987886158009132
v 8.239689391053162 -20.458524546929766 30.536087980352022
v 12.951780033392424 -21.046988230425995 27.550373353240502
v 4.13867200196114 -20.827318857547652 32.965379611410754
v -0.1144275234724006 -22.309783001719552 32.8843878067928
v 4.406422279372919 -22.75487418425655 31.189743538465336
v 4.152263880302144 -21.663787723740825 32.28114797287344
v -0.3520398567166012 -24.589597996642624 30.64030633247239
v 3.9951254584736944 -25.153772810768714 28.481097389592833
v 4.496803046053628 -23.96930319940475 29.77796113634031
v 7.519592345014644 -25.710694447698188 24.393458691800333
v 5.062789950032311 -26.863626830281646 24.44785149854215
v 6.900821774901033 -26.50546055612722 23.45979580583662
v 6.106454338284038 -25.38333550770767 26.415620887064506
v 8.36630322254814 -24.82492999261376 25.006013715430527
v -0.20432658680620364 -26.279060735860185 28.049503235230077
v 2.959427882006594 -26.61121337316763 26.526114405773114
v 3.337150453877257 -25.979028279469276 27.550869585224063
v -0.10478702027295128 -27.352791121416885 25.59054608534825
v 2.8051430951952625 -27.208081684773788 25.229467459406806
v 33.185265784670264 -5.096556007175877 8.44209784025088
v 24.997895745602364 -16.939844725007788 15.371484269817302
v 29.2256067607741 -10.9603890388953 9.549532856176484
v 33.83166334780071 4.850674263767814 14.81831568837515
v 34.03898232563188 -3.6139867750414396 10.454670834211356
v 34.19279015160464 -1.4389605882416845 10.036072658253033
v 33.580268852478184 1.1751192668691033 16.902005831814677
v 19.83834778545497 -18.083504073510085 27.10760916146137
v 23.166756366184927 -17.59788085526725 19.44825765517362
v 23.287355191549068 -16.10790216899477 21.216689933231464
v 20.07995615246091 -20.574462164098804 23.668377043664805
v 22.621761159112793 -18.811824478450944 18.87580227093349
v 33.160263882935396 5.528889089504446 16.649176840636756
v 32.67990891395493 6.783552642057657 19.18489457436408
v 33.54028604440464 5.091989950259176 15.914392170997417
v 32.17914821132035 9.0132969867268 23.888296941428052
v 33.04036845436349 5.773311043679314 16.859184143194398
v 23.074136834457022 16.523353126086477 31.51766134166064
v 28.608939756581094 11.683936222110788 29.700281559767973
v 28.289814413288696 12.158076246831115 30.059589649263216
v 24.831094350118292 15.667986493334865 31.199752489395905
v 29.434501154708414 10.979827601960096 28.687334774411283
v 18.512589365684107 17.919009193192323 32.313313922759335
v 13.974500902600084 18.10726659973261 33.9199902319815
v 12.360926727917104 -13.24250934453812 33.92470443582533
v 19.38103869699262 17.126439995292458 32.62873920621314
v 13.560851797565192 17.619930658478552 34.45743115021651
v 18.3624129460959 17.954287432994533 32.35949722173427
v -0.06766980228962538 15.8601643734346 37.488921973364995
v 7.774232823821876 17.077578007163538 36.517451509818784
v 8.011894219444002 17.105917430321824 36.455164760309344
v -0.10212878789104707 15.558475803020883 37.644562967005186
v 3.487404861380355 -14.597512931281926 36.08914790346353
v 8.40069017189444 17.255471151037455 36.25889296634523
v 15.23758955885478 -18.758639731610856 28.95502543171824
v 8.773212846845126 -18.62872330764276 31.826563342534428
v 14.780661075506032 -19.702650017989072 28.256424745695767
v 7.15676305599527 -17.09441376120776 34.0435351336364
v 12.832877068787639 -16.66789514465745 31.521939535849015
v -0.10875465544309293 -17.508229079868215 34.56537365110671
v 4.288203440415373 -19.15837025217479 34.01672897095159
v 3.253426362233313 -17.92515427955186 34.69204288714354
v -0.11669672902450401 -20.416768793516894 33.944984907036996
v 4.32336816112911 -19.979316211076366 33.496417691721945
v -4.693413891724958 -19.05964176748421 33.959016709484786
v -8.838234894496964 -18.550569179124977 31.857845228643782
v -4.432168529083128 -20.76819257581701 32.91985394025869
v -4.743030766736638 -19.874936463116683 33.431170412563006
v -3.637948034946703 -14.357903945568978 36.027261030212685
v -7.1013247896376015 -17.078562040004726 33.9914548642937
v -3.5454923079512355 -17.880453654294797 34.67180336711499
v -13.691023564204443 -9.671693848731593 35.08572829041259
v -19.58840223934658 -18.055134539187748 27.14163718573218
v -15.140310023378333 -18.644635251173895 29.01166091795858
v -12.423616967024827 -16.596172760780973 31.56337972426263
v -19.940429449374278 -20.48245690011754 23.884811273077503
v -13.76593773147033 -20.264124462923064 28.05289013896254
v -14.748224125143679 -19.61032075788262 28.3286529971283
v -7.1394419099865445 17.71443274018293 35.42507629148167
v -12.821926240645553 17.890166311371104 33.24113283400402
v -7.712647062211545 17.56202448111526 35.36982832768081
v -11.91028786451534 18.837841728637613 32.81438537260692
v -7.394364831512576 17.768742440111964 35.32366189095774
v -24.262171607644632 15.92213314905166 31.544216979460543
v -17.42675670107201 17.990970057488084 31.729275375932048
v -17.262123309399612 18.08835076647574 31.699539999208355
v -25.81881279778645 15.139165799144394 30.89657883637119
v -18.317770134273815 16.571021507672413 32.991776262264466
v -28.867869269595758 13.609239233748667 28.48084204692168
v -31.9426744000084 8.878730194582658 19.181128269964574
v -32.60450815027798 4.4716400495910875 17.24503943936361
v -29.92831701846626 12.785497754376593 27.07173592505751
v -31.385225215484752 11.744683688913938 23.78030144488912
v -28.637152712850366 13.848624192401076 28.67688017825276
v -32.68869655607159 7.093984290065237 15.896401352700195
v -32.579248496978835 7.314805113856892 16.080961108295014
v -33.39316530574433 5.639361530398219 13.923142096748052
v -33.05186610124474 6.558209723648815 15.117797712687207
v -23.030058908072533 -17.527990434611638 19.489379869694858
v -24.610533686784038 -16.960771984023268 15.564548622586699
v -21.415582602914583 -20.28503847302636 19.758350853697266
v -22.41843612608136 -18.773462855449907 19.05837950748719
v -33.403795751100915 -2.1647384064900734 10.41464105272189
v -23.13840369411446 -16.288507726526404 21.209923352445912
v -32.43564956006594 -4.192976884103928 7.89506952738202
v -33.411699329441035 -0.4921205675828162 9.88163370228176
v -24.464439136594592 -17.089544183757425 14.002665681006874
v -28.610604301729836 -10.858806015852679 9.584800255959635
v -3.0819971819462353 -26.58353278227878 26.489988235591227
v -5.0823074043469205 -26.89075578464508 24.390449984288352
v -2.8776956438646266 -27.1787269131637 25.195314172693543
v -4.258276556688315 -25.074570813741957 28.459467938231683
v -6.1713631679590435 -25.383749837325013 26.39264245555387
v -3.5190676537149557 -25.941114710589318 27.522557864336704
v -9.673557127563072 -23.917263881245162 25.338701127011518
v -10.303764520006553 -24.67681438109321 23.511295531936412
v -7.522842544062314 -25.74549090887558 24.346608129430024
v -8.364721784212179 -24.836540857471846 25.00230642891256
v -8.511152374992434 -26.154446285658196 22.20973444359697
v -6.898851300325532 -26.562483874160534 23.37222290520367
v -4.585426826311959 -22.715693537593324 31.161913596202794
v -8.094827591919966 -22.91004303484442 28.046853452793584
v -4.772691467773484 -23.876739072218697 29.734304766252535
v -8.29198886967015 -20.435762915800296 30.560858628346978
v -4.333828779520445 -21.642801446843805 32.25419727660119
v -17.258976090532997 -21.964494670206477 24.164177835356895
v -12.123314714604021 -21.91647820356411 26.86687883599916
v -12.911741820777024 -20.992739957271624 27.607582156044373
v -13.969000195151239 -23.36949122040096 23.76041362325668
v -11.087972449872723 -22.930424679567295 26.026717136646766
v -18.280800851498498 -22.705860435860814 21.28222387067217
v -17.973457404475994 -23.14662765524008 19.085905929216096
v -14.139288463432422 -24.117351361917827 21.529385940775683
v -16.31614495733902 -23.493756381099956 21.37682833033432
v -21.67948648023048 -20.48398413835821 17.60081850043207
v -19.974991043472073 -21.71924767013661 20.851378882071003
v -21.140258163297403 -21.269757848755035 16.494982387317577
v -22.853561717764023 -19.284711878746748 15.38387561604759
v -17.124616463197526 -23.52207051088044 17.49548483079525
v -19.194227830773343 -22.62259704502685 17.13906379970922
v -10.865836370435318 -25.129664608382882 21.583210248740215
v -11.306816776856067 -25.202996132866247 19.488593366089844
v -9.984180282574016 -25.663624676053587 20.913297070932458
v -13.806196357806584 -24.396956404616503 19.900865788704323
v -12.177927935066691 -24.62060286004271 21.821999006344413
v -13.56148172311714 -24.492931524466258 18.142462937168602
v -15.098085740252827 -24.106894356866178 17.998792937908547
v -12.409423768737724 -24.835873594076475 18.04481484104417
v 18.224250880964064 5.206929081228282 -28.26440781750898
v 17.85899643879202 4.264011528993478 -28.779983212856678
v 16.98479828404288 4.996040123787225 -28.720893064522897
v 17.649295065661136 5.7522735778034075 -28.25235130742294
v 17.67924965165912 5.081490789577856 -28.504384159423353
v 18.967016213523493 3.5353577934665736 -28.810535204349435
v 18.897552166950845 2.2565998896629935 -29.669900599687026
v 17.4079721524904 3.1386447126521944 -29.44018373358813
v 18.239605165736975 3.3181150792991048 -29.147505627905048
v 16.974053416262905 1.8776051211111735 -30.255721727426135
v 15.434532229553952 2.813795237073691 -29.91121869507151
v 16.22128154166603 3.9800822220254304 -29.270787960209418
v 16.46444725807669 2.967999024853725 -29.690744751889724
v 15.113932643669614 4.919683330651651 -29.132197112101494
v 16.162765914342344 5.784078193720688 -28.572406483461236
v 16.14315029763293 4.916551167367061 -28.916605995282225
v 20.80951713736067 1.1907092467786242 -30.01261141555733
v 20.76974872077517 -0.2975213358648716 -31.027376915222703
v 18.947162116394793 0.8517631544717119 -30.745430428407417
v 19.95492375930189 1.020170303056716 -30.41680922841988
v 21.722540627037233 -1.4442604542263098 -30.721628155448343
v 21.11958263361339 -2.93560212233956 -31.49259921759767
v 20.355980375530635 -1.7907282400352642 -31.943055005122005
v 21.092668070738 -1.6164442202845066 -31.34378261817801
v 19.670110689668945 -3.3002103789310695 -32.78409113267844
v 18.423025514884102 -2.134708241470321 -32.93186468137537
v 18.875592697231696 -0.6251927544603291 -31.90328417964338
v 19.489856830533427 -1.962253776047305 -32.4868457656321
v 16.52839253050206 0.525597896302088 -31.182707161649887
v 17.79459347667307 0.6897771363426841 -30.995420539038605
v 16.112140616446595 -0.9325770021101221 -32.2592896766655
v 13.82407154923385 0.17992397251386194 -31.482970871780708
v 14.646118372293131 1.5403149169933386 -30.657146904302863
v 15.191898878523716 0.34924587944325935 -31.342937096691458
v 17.599127457458962 -3.704314244961779 -33.84272257613338
v 15.450090065795848 -2.457695642663907 -33.293844233345226
v 17.107574748791194 -2.304214372265278 -33.22579059369673
v 14.305422595521122 -4.088905474464127 -34.18529849398874
v 12.0229469781425 -2.7763264100867673 -33.3986431287085
v 12.972547101015152 -1.241953705485173 -32.37982105302217
v 13.666604614605603 -2.6083377314041627 -33.28008704471358
v 11.175701928558738 -0.07509973672409131 -31.808458101813812
v 12.00529942711546 1.3042236680206543 -30.922156463562715
v 12.434355812571994 0.035509782891589126 -31.606999960953544
v 13.986356270110264 3.91086448477472 -29.685242839994316
v 12.836250723607918 5.3942458150036146 -30.032976198028337
v 14.085387070887919 6.138124658409652 -29.265201737054667
v 13.960718420590638 5.09390321362298 -29.487901497483108
v 12.8999069288584 2.6919248172516745 -30.22354373307462
v 14.246961168292728 2.683504531336439 -30.062367103035285
v 10.312460624184496 3.1246890914494543 -30.970353597189387
v 11.552911707305611 4.458155668105746 -30.64986722928188
v 11.626691285910056 2.882151493920901 -30.579370972005563
v 10.433540023726891 5.8031132671872 -31.016011757463275
v 11.769968635590885 6.560584892269162 -30.211691978904128
v 11.656518200572464 5.649599928398857 -30.5669820346684
v 21.604555450712724 -4.068934244907268 -30.879369703892735
v 20.798937278759695 -5.639659630922324 -31.631568261926077
v 20.343866052009616 -4.462902994230035 -32.262204437345645
v 21.00948899116338 -4.256379252241459 -31.55992778041582
v 21.172758949327545 -6.829165033362187 -30.98468169349144
v 20.261708343119608 -8.552731676983967 -31.774466210939863
v 19.867252094050855 -7.339934686927336 -32.43557729327222
v 20.54539164187736 -7.0731600112308115 -31.70097569951031
v 18.790731005809903 -9.150898984207288 -33.26858939783233
v 18.298943430062536 -7.915411425368347 -33.89029098865467
v 19.396223154800282 -6.123138332061444 -33.07855422816647
v 19.131209982200744 -7.619381947126385 -33.16624275566937
v 18.730478566543752 -4.9198546631751015 -33.62387463581035
v 19.598668941841424 -4.683310090627629 -32.957329090590065
v 20.621064610477333 -9.74454901459967 -31.119839868897543
v 19.54736313163812 -11.550750930173308 -31.985947756089445
v 19.180775367121896 -10.374369177473454 -32.63819411172517
v 19.956257081646072 -10.027255507195605 -31.847559255003944
v 19.90569441497155 -12.681150526474084 -31.3066037617009
v 18.42230405139344 -14.614276418532427 -32.323607123078546
v 17.95186047317202 -13.566702998963592 -33.12125908547023
v 19.020233480420757 -13.094063714659569 -32.164439509904696
v 16.398742289224174 -15.523719088580037 -34.3091396894979
v 15.825671432790841 -14.503497445988614 -35.036037643048985
v 17.494697122743673 -12.443605962168476 -33.83313999928578
v 16.82515732337015 -14.053565592718769 -34.112752268663826
v 17.053073541858794 -11.243256927330549 -34.44650200211254
v 18.22150474280261 -10.788775879395871 -33.51472768835811
v 15.218878481513457 -13.399141597698872 -35.67350784826158
v 14.606219875478928 -12.211535607487349 -36.20719571100926
v 16.56828259619033 -9.976730178364505 -34.960302043227784
v 15.805437934995098 -11.731768408429161 -35.36095396541168
v 14.404601543225908 -16.38339161779095 -36.134451956448174
v 13.680553310240612 -15.341158714278208 -36.739532184714335
v 14.773412716095663 -14.940565809975851 -35.945987385099215
v 12.17181055097808 -17.036523241649775 -37.44015152317479
v 11.263203766844526 -16.014805676428296 -37.952429143835616
v 12.930652836247646 -14.235256356602804 -37.246657182982744
v 12.528594120479283 -15.672677812694019 -37.368660393038226
v 12.19764592973388 -13.080330614959166 -37.686205502441226
v 13.918243612580227 -10.919891932139763 -36.61703756046154
v 13.42790137270731 -12.661195255834173 -37.003361386343386
v 17.56917889369379 -6.680783841374705 -34.43471047027015
v 16.35122205456537 -5.419131487645245 -34.65035217384502
v 17.687309808052305 -5.1715352145561155 -34.21674177593741
v 15.914342788688373 -8.638646656924266 -35.32827733018348
v 17.243753090435348 -8.260229420498945 -34.617711672013684
v 13.053734025976155 -9.499875933316616 -36.85188777780786
v 14.768045702215204 -7.25343735707429 -35.41044226575286
v 14.435983398399912 -9.047252744203888 -36.06993216301271
v 12.853194877842725 -5.864670122080042 -35.00206984110628
v 14.688623291467593 -5.644984489173112 -34.86773068936236
v 11.740737921976688 -7.952165112209059 -36.694037829172885
v 9.884173277857826 -6.345967570495304 -36.0111190373882
v 10.798298233915375 -4.474713797217419 -34.43095018810345
v 11.201410840425524 -6.097268626578625 -35.349506905286034
v 11.427084379415646 -11.835576044271875 -38.07872018365197
v 10.511502645241308 -10.45754584815495 -38.421975409368315
v 11.755428556693914 -9.976548306933637 -37.607408199459314
v 8.75732499224523 -12.738748365517495 -39.57783941488378
v 7.71707400555033 -11.483303127145518 -40.181038297620034
v 9.33410975965262 -8.800436952486962 -38.568633640548796
v 9.18132992882056 -10.966555805292955 -39.266210546993534
v 7.024396185496698 -6.711524328754422 -37.135248284886984
v 7.911069395512186 -4.785433609064967 -35.06747369831828
v 8.566465378907651 -6.570404142866209 -36.701216330682655
v 10.392254004473216 -14.954176056126926 -38.5090520780177
v 9.591359671936516 -13.870212692579116 -39.034157054564275
v 10.94055300846503 -13.481152364108311 -38.371574138533106
v 9.57397408803672 -17.7100738480749 -38.64901117742011
v 8.614537250091871 -16.706132709662597 -39.188470748093096
v 9.930987706831274 -16.356038636366975 -38.60689890782487
v 6.472106850044838 -18.488835270587515 -40.198880968990125
v 5.346541902244098 -17.53791748317599 -40.964851169013855
v 7.71949795425644 -15.676893375661166 -39.78508130813498
v 7.126444124912268 -17.08668000983289 -39.99031900230693
v 6.827526383814529 -14.660463330847051 -40.41199815257096
v 8.245316565391022 -14.249036429719126 -39.66009588839188
v 4.1733263384442125 -16.6148043446492 -41.81866406570043
v 3.0183072521920167 -15.694693891401585 -42.548047996955574
v 5.744079125618555 -13.631444410566473 -41.11376412415848
v 5.111542333524085 -15.138216695253504 -41.350057268486125
v 2.697579994972102 -19.364779872851614 -42.392520221292216
v 1.6934598456895174 -18.39932923322249 -42.91028289159658
v 3.287844627190225 -18.039043133118867 -42.24095266592485
v 0.41440278747109005 -19.747614417043224 -42.90242508222582
v -0.19491122101646852 -18.61144190837058 -43.04011259541221
v 0.8461835557730524 -17.359294444685474 -43.16144854207232
v 0.5854587398797548 -18.57566261879856 -43.058795970482606
v -0.14083340527984234 -16.1574904384006 -43.26780117350063
v 1.7487779685026226 -14.558588831736415 -43.08040374180564
v 1.2182599832725032 -16.065029893618885 -43.194045683827426
v 6.268576458874577 -9.459782316159362 -40.33988552800838
v 3.669163977606786 -6.913581079556025 -37.53181231543931
v 4.758584989638848 -5.013963493076972 -35.35173513142581
v 5.324191589615566 -6.798770222145777 -37.326468629969895
v 4.3762036184662065 -12.22560956556481 -41.744157001372514
v 6.102191801900972 -11.916579893355447 -40.961223375968984
v -0.008394774937223737 -12.48278540438514 -42.98801787271077
v 2.3541201638960274 -9.499727184166204 -41.15584266924998
v 2.3736876027429616 -12.411299092034824 -42.585154586638964
v 0.04603542493023127 -7.040515293836506 -37.72336267888022
v 1.6551239677337435 -5.154438095607929 -35.44531581151023
v 1.8540577391557918 -6.998571044536675 -37.641643388538796
v 9.087754066522393 4.8347168523789605 -31.6160573991001
v 7.881203938559793 5.814881312321631 -31.66898318992935
v 9.249956885032589 6.616606110762859 -30.886312133876345
v 9.17038873625097 5.847306820441645 -31.37192812543981
v 9.295925190296202 1.3726374371912016 -31.228162974901352
v 7.756143843129848 3.3913469358294606 -31.767087771300794
v 9.021414956554963 3.3227281096317256 -31.39131730619556
v 6.490266290860745 1.3386032401317607 -31.3984428120566
v 5.1968599079696105 3.1499312802734494 -32.2122897629215
v 6.520455141715047 4.778483350178703 -32.21959593576685
v 6.478924017585996 3.3334759885281073 -32.037842540661586
v 5.266453432547678 5.6235513626015745 -32.182783231044596
v 6.628970959168782 6.478526550220522 -31.425157436802692
v 6.576071063940617 5.7375594563782215 -31.936473909107008
v 10.317620473256284 -1.4980599204805003 -32.806166229267546
v 8.38129135556619 -0.21339889234000964 -31.868061344383023
v 9.84836628601488 -0.15686539825815515 -31.918937167163676
v 9.24237188280813 -3.0869826873781676 -33.97419755395276
v 10.60847384239787 -2.9436165097633875 -33.68671061295208
v 6.146426306338526 -3.2869867601264104 -34.09250070416965
v 7.359759877338547 -1.6510434533373655 -32.80714905766217
v 7.722764413332698 -3.201919409454149 -34.09992009499183
v 5.330578167510794 -0.2687736617804859 -31.61099149686015
v 6.838390491804148 -0.248218143904694 -31.720521458319126
v 4.213117338402753 -1.7316046683093873 -32.493031803174745
v 2.6026262458069596 -0.30161684938484257 -31.817171068243624
v 3.9048979576180045 1.0894647484978464 -31.76061989326263
v 3.921262170833188 -0.2839317346806496 -31.63554052668769
v 3.065768770080922 -3.3959653861716106 -33.9405140013987
v 4.609163456933402 -3.355921452435041 -34.05564463937117
v 0.053953461333964725 -3.427473708234629 -33.800627168790015
v 1.3604120034748348 -1.764347548098499 -32.37302797441225
v 1.5390373003026525 -3.4142585205559044 -33.82106903584099
v 0.029533519007685527 -0.3347013215106358 -32.14165619873711
v 1.3260078907650268 1.015819089295519 -32.238888760797636
v 1.3163449171094044 -0.3198211746546633 -32.0296619396122
v 3.9323668670235747 4.426404951172117 -32.60941024778549
v 2.6522452286001226 5.317958578656999 -32.538779092494224
v 3.9801930311091382 6.3005737862417845 -31.890085854216522
v 3.957288974173707 5.473158142632201 -32.37712068383007
v 2.62877989956678 2.606135400865469 -32.42341238299559
v 3.9144061598904045 2.8813336747052745 -32.32691935112416
v 0.03439112962274571 2.3130184249663444 -32.5817152035379
v 1.3399623075212048 3.917049016759165 -32.72494317090968
v 1.335565776458111 2.402255419080575 -32.510939514659185
v 0.04082701690154167 5.151081303039518 -32.75233469462364
v 1.3556920785098328 6.239085584802979 -32.289461063044655
v 1.3474753440635823 5.216143097427903 -32.67355666278672
v 18.84924061090078 -15.608406135250334 -31.475122697982442
v 17.469009890915004 -17.3686638344916 -32.42292578658453
v 16.94900092777243 -16.47519573919635 -33.42564682062948
v 17.876458505048504 -16.048509704573917 -32.41687464705683
v 17.855154254259105 -18.20669486787574 -31.284817732286683
v 16.84437547271409 -19.826712831665645 -32.18288440455581
v 16.398336390732766 -19.067984968819474 -33.53089136122071
v 17.138459167535075 -18.610661426998377 -32.349406368437485
v 15.408334312382976 -20.683505529146714 -34.49121346738866
v 14.679368324084862 -19.829780557059166 -35.436260782256795
v 15.791783124321228 -18.246972765356986 -34.57948012924135
v 15.57731936948403 -19.479469683382376 -34.57913324863148
v 15.1222180315699 -17.342485188465616 -35.419208227831405
v 16.067866365272494 -16.926360945745728 -34.47292755968374
v 16.92328238033315 -20.576887919474757 -30.566237686693057
v 16.095772187668445 -22.212152972293552 -31.302448421061854
v 15.945682488232706 -21.49395353181353 -33.15069335055341
v 16.51023068079303 -21.03878594933849 -31.86978852075299
v 15.845057000206907 -22.814019737132185 -29.229224918246473
v 14.957833960335847 -24.203317530837012 -29.402077453258244
v 15.273049670087858 -23.752100533085468 -31.71965666568758
v 15.577685521238891 -23.267028951368047 -30.40979694053567
v 14.339993825191414 -25.15535063576499 -31.701086508594017
v 14.116837579515959 -24.618601069856595 -34.05027280770446
v 15.037055228507597 -23.094410078989313 -33.81138287658905
v 14.797295686974394 -24.221856372319962 -33.00396526147233
v 14.373078767804145 -22.2190592688803 -35.12753463058107
v 15.23336676920826 -21.89484875220296 -34.26709727780326
v 13.362143408206066 -23.739029878994188 -35.531785439092346
v 12.326233849144046 -22.824228626192053 -36.55048707012247
v 13.519905432242012 -21.315647262768834 -36.03015892864096
v 13.413055364383581 -22.51196140162392 -35.849737651433315
v 13.21375438731593 -26.05264164444816 -33.91575298897624
v 12.381662479929219 -25.27827404299387 -35.70070184273936
v 13.314072741468408 -24.963776183392838 -34.92366518770359
v 11.474492600544181 -26.78443205993426 -35.535560174617785
v 10.271672041360944 -25.90709391299788 -37.03741590843856
v 11.255601300144917 -24.361514360081856 -36.91211010590996
v 11.354127437813077 -25.590589445424484 -36.39667442636346
v 10.057500364815041 -23.506065824964026 -37.836944398573905
v 11.2596253561087 -21.98472214576941 -37.39187971386127
v 11.226599431377508 -23.161240000930775 -37.20711038456466
v 13.899855326917532 -18.93861415914398 -36.22562133451538
v 13.05951777836708 -18.00617860422699 -36.87544434366828
v 14.13712889074668 -17.702350936719085 -36.21508483599064
v 12.592883864621399 -20.455339990219727 -36.86164861274665
v 13.687669180529156 -20.137216746466947 -36.1716019062078
v 10.186552598374874 -21.13396854335042 -38.06541345803453
v 11.612558309951055 -19.584498628039 -37.51216056533303
v 11.396191529545831 -20.802215782301573 -37.49544284705189
v 10.601653061517027 -18.67689153455194 -38.09510065689574
v 11.874759099828225 -18.3370027369765 -37.485689238792474
v 14.748067547090614 -24.67029832519256 -27.761122594880362
v 13.806420384867124 -25.781674892492447 -27.579985876414867
v 13.985478228566535 -25.439934860551148 -29.28097035144492
v 14.368983649493202 -25.037921913752143 -28.491580892468846
v 13.675742750671816 -26.108927841185505 -26.159194214005765
v 12.774066352056252 -26.882611316992552 -25.6862706803131
v 12.87750542725098 -26.747349559182112 -27.2244862469488
v 13.29700452923771 -26.408223176280444 -26.68037269476008
v 11.950209245814222 -27.541181017078998 -26.626497800039942
v 11.908225852001124 -27.509190916391162 -28.311084939574357
v 12.949939639045624 -26.54448462473738 -28.90112644806686
v 12.415134049888366 -27.118603349679688 -27.75857880374133
v 13.247215117256019 -26.389826459491815 -31.2756976629189
v 13.622131629748765 -25.889362050711497 -30.207710078570017
v 12.5541910188158 -26.96114123283769 -24.244697496922527
v 11.73757143196508 -27.39513223585891 -23.563103596356086
v 11.868913920662635 -27.460709533375848 -24.982861843614955
v 12.240802454498407 -27.196620171289396 -24.632139049213947
v 11.611638112777655 -27.427760693224627 -22.53814366098959
v 11.077433542454855 -27.71117901373873 -22.010624973532686
v 10.962442620283582 -27.719728175436103 -22.73599327994998
v 11.335818645623476 -27.556446172806318 -22.671697513575054
v 10.221329788407274 -28.044899840469952 -21.832241619908018
v 9.99684082261092 -28.090401422690775 -22.758304448065246
v 10.941057671574526 -27.84438839460745 -23.978917091862968
v 10.511962743828008 -27.901546610655714 -22.761607040538365
v 10.963595275643456 -28.084504452323017 -25.65520318569179
v 11.442942122851491 -27.754900423940853 -25.323175810826797
v 9.89519938391004 -28.35982407415395 -24.299605806792897
v 9.847957978630347 -28.813001910908497 -26.386887609880432
v 10.921098787594929 -28.305002484436045 -27.577458947527703
v 10.433741166302752 -28.44113385266428 -26.021167046888877
v 9.120342174928282 -28.384794660278203 -21.619507450333913
v 8.796762186026172 -28.454891041295923 -22.685994294266493
v 9.424181284678525 -28.276736532518044 -22.733003843582992
v 7.8346773723146725 -28.693014944397873 -21.36635928081705
v 7.390193833068224 -28.785651338377647 -22.537334272899898
v 8.617461646344509 -28.887349988290225 -24.533839347499452
v 8.117085764386502 -28.626341600509477 -22.619973760414723
v 8.485631356789327 -29.554738646103942 -27.025010625129653
v 9.648701566085492 -29.09492189989942 -28.40979656201307
v 9.201300857265778 -29.191200540282807 -26.7346956436013
v 12.00507540005492 -27.43823696942127 -30.44670359208976
v 12.156759786738803 -27.343160366706798 -33.349925674167025
v 12.776027191059256 -26.888045779880485 -32.37534532959762
v 10.757872189506998 -28.3214214999698 -29.40442853294735
v 11.354780247849703 -27.910199354757424 -28.85258725161657
v 9.421101514819384 -29.183542669041344 -30.603736925955673
v 10.859897244437889 -28.38851399126179 -32.162249826054904
v 10.122539876942028 -28.750715161399057 -30.00570993675683
v 10.52068775472344 -28.15295074155074 -34.90513116400689
v 11.395698910901956 -27.76344476785198 -34.197829556020224
v 9.28258714906815 -29.25333071173918 -33.613335728392485
v 8.361038586625455 -28.863571804262392 -36.092048210784924
v 9.349067179283338 -27.427924497957065 -36.81333585225002
v 9.49619755351614 -28.52172337213051 -35.56279993806493
v 8.101874206531193 -29.840729664474566 -29.068122963893984
v 7.757478369920591 -30.01617416848785 -31.628410203040403
v 8.63741089475161 -29.608579816320344 -31.1310677197489
v 6.270504777820406 -30.499195782156676 -29.53572766156867
v 5.648346099527771 -30.776384705051896 -32.52647205752328
v 7.135048691151496 -30.0560871186608 -34.67944196721146
v 6.7658677531871945 -30.404049321541606 -32.07079860749218
v 5.822473541225463 -29.475514969039068 -36.72407431753709
v 6.9699925387358235 -28.048436095576108 -37.72580529650804
v 7.144566830108033 -29.189897329102678 -36.461813305331816
v 7.102305209139104 -29.35811997152996 -24.624760609574878
v 6.834020157453779 -30.192384700514594 -27.40915199384108
v 7.6962900756757335 -29.89136459794281 -27.253894014207617
v 6.391104205407828 -28.942463054076143 -21.11218492282933
v 5.812629599473894 -29.039004263810057 -22.278098830458475
v 6.621440157039615 -28.925661024535657 -22.41014953373451
v 4.800206447260052 -29.130669873860825 -20.813159383764287
v 4.079844121866245 -29.24069606730336 -22.039548553273562
v 5.329755530508919 -29.67374278421994 -24.441737727793225
v 4.961274978220445 -29.134350662554425 -22.116842706946045
v 4.8838480343144965 -30.622401029881075 -27.447482301231503
v 5.896186875268995 -30.43926974790884 -27.48221131340142
v 3.380721910482407 -29.824339555658298 -24.130470193871588
v 2.6828378701643487 -30.837442919068053 -27.273114572444683
v 4.111426517392829 -31.025907490417012 -29.912384599343568
v 3.807079432305045 -30.750065138778155 -27.351564994816727
v 3.0768999640956736 -29.27643922347852 -20.635120501856363
v 2.2259390463121917 -29.411007220069223 -21.9211080961486
v 3.1701804358744994 -29.345894838925233 -22.005592795796474
v 1.224020248955469 -29.365368330940328 -20.531034638857818
v 0.25946291346635064 -29.43276434276595 -21.83857700882436
v 1.3373039434029579 -29.900342542616272 -23.93202557830955
v 1.2518257258972199 -29.43548880088929 -21.873318065459898
v 0.323662606408476 -30.88034530560799 -27.101223185789422
v 1.6328004540412167 -31.397920082248675 -30.341767389818415
v 1.523259953674824 -30.892842643135737 -27.224447704658814
v 4.547439786191717 -30.66351601772294 -35.37512066587442
v 3.035903614240169 -29.892294430688708 -36.99687664605335
v 4.295012176830596 -28.547137194589595 -38.16565231871391
v 4.441095585889343 -29.712439243365225 -36.894664901905344
v 3.096942858222974 -31.346268595882066 -33.238162668782024
v 4.414647444945103 -31.099467859747165 -32.95622340864611
v 0.3140201083444083 -31.570791888405438 -33.5831113463646
v 1.7007098612139089 -30.995916771022166 -35.6327614210677
v 1.7066373944131783 -31.501656655744227 -33.46748206751545
v 0.24141125179826872 -30.058568278578605 -37.040113868737535
v 1.4952440749742664 -28.837584665239774 -38.27729247054958
v 1.6223809373888116 -29.996565778457807 -37.02587249258795
v 9.019479410929762 -20.255158562715224 -38.708896260484835
v 7.71050314733111 -19.380288326784466 -39.418601943809335
v 9.275004555736814 -18.99697802620085 -38.68620207836284
v 8.745992354542977 -22.68757934594214 -38.63595256779445
v 7.319178459323666 -21.88754498825074 -39.43918834444776
v 8.826373504753974 -21.486416105228272 -38.71222053299607
v 5.701203839126265 -23.482210556356222 -40.05738258688143
v 3.8406491646589984 -22.694613313864465 -41.08681342788623
v 5.593802736965699 -21.1204137017412 -40.38772132766644
v 5.561536818015156 -22.3162291997196 -40.27614139815887
v 4.057592272744159 -20.26521328261515 -41.477704515131336
v 5.905470147145934 -19.83667240028717 -40.35672369094573
v 8.916961737354995 -25.038707212910595 -38.15503632671607
v 7.473934786964037 -24.235454574005416 -39.07637290656385
v 8.789887205050036 -23.86262054961844 -38.4582316597789
v 7.937973720591799 -26.56127220091912 -38.17198048095088
v 9.105802698254593 -26.240472676905483 -37.65216302481167
v 5.377461249938278 -27.15484514673153 -38.98931550905945
v 6.3757746117894385 -25.729625938760364 -39.23732791843577
v 6.699863479364012 -26.874943810178593 -38.62233268607088
v 4.583170596789614 -24.906738412000777 -40.24695765796059
v 6.012648426692522 -24.608026029041866 -39.706178013855606
v 3.5972636367507675 -26.24245760483973 -40.04687499507418
v 1.7680036456375774 -25.284226417903483 -41.04320764455406
v 2.6531877080349204 -24.03555498699643 -41.282950323835394
v 3.1102706616552496 -25.128934713766284 -40.71637384326459
v 2.589875372277902 -27.534609556636497 -39.3829310544279
v 4.024775620603123 -27.374803586784765 -39.24436188635809
v 0.04480061784606093 -27.71558006147643 -39.487448109295656
v 1.0031708948358755 -26.499505772324483 -40.42232025960766
v 1.2747499573125651 -27.658963846381084 -39.449881421025566
v -0.15402837142995907 -25.423559205093625 -41.228143187476235
v 0.532280768051578 -24.259288162575103 -41.76980207757151
v 0.732241330167767 -25.371623469338374 -41.18009058743701
v 2.225729773722037 -21.79934818429865 -42.071270234264375
v 1.1282426583418896 -20.812492120368915 -42.63565462209226
v 2.3499142365013768 -20.613770482097607 -42.316071589106286
v 1.162192243030347 -23.075514721323998 -42.06980562724493
v 2.3279348934139534 -22.938280080044933 -41.7118392912198
v -0.23867567136370837 -23.17311584403251 -42.21947497483052
v 0.35341691552656584 -22.02296091522112 -42.488774772744364
v 0.4096069447337243 -23.139504558272165 -42.1927073544357
v -0.21750629976978075 -20.905448897134193 -42.736919671242504
v 0.3338886964708081 -20.8867558864913 -42.69795341606732
v -0.7877952986733021 -22.031223418636728 -42.484829005807114
v -1.3480165922374 -20.79079522000029 -42.63099582279028
v -0.7921752685961678 -19.723843459694763 -42.88922434790584
v -0.7485512680097486 -20.886310241263345 -42.69781851805237
v -0.8840034036549014 -24.292822363755477 -41.76562505689435
v -1.410968949028188 -23.09183015445342 -42.10258102709122
v -0.819445971264372 -23.161748277379957 -42.190004576350475
v -2.4556550090761675 -24.08565032840488 -41.46678259370674
v -3.4334625176527425 -22.739931820207858 -41.40266267652987
v -2.0878637013328216 -21.805052443216482 -42.18359692064041
v -2.2003329640706397 -22.956961046222204 -41.88704290592068
v -3.6598548101287633 -20.309797076555697 -41.780868532583554
v -2.5296066729831637 -19.37301106065661 -42.50389780377736
v -2.206953505710544 -20.621409082194077 -42.41961545115191
v -1.0624614329664155 -26.558232177796526 -40.44772444649425
v -1.7771941751292388 -25.35232100873509 -41.09942639228393
v -0.9695861068998965 -25.416992562437372 -41.19360447786312
v -1.1278460190334272 -28.89962811654368 -38.29651302878665
v -2.2749265979952042 -27.649325864991624 -39.44022657738424
v -1.122504373808681 -27.71855263559155 -39.48077306644882
v -3.7304510364697308 -28.688238109332815 -38.23689292396557
v -4.801826427885999 -27.309113071290994 -39.198409841123066
v -3.1758581969679653 -26.357809860979614 -40.2132114741853
v -3.499333700130819 -27.509588383756636 -39.36487158267664
v -4.081192499792451 -25.01486398876841 -40.53039284072656
v -2.7886831284783966 -25.222671971903765 -40.893003522694926
v -5.841100909530724 -25.873836734526776 -39.55795881993072
v -7.019385687798604 -24.39540266855147 -39.42293554253956
v -5.206971839081234 -23.584436753862974 -40.407601922619506
v -5.481218299025386 -24.72663269979239 -40.05283941444941
v -6.443077279006502 -28.211879494045206 -37.96181419144705
v -7.474930262047565 -26.726336784460727 -38.48948704806389
v -6.160565906753618 -27.032034957479482 -38.8989217945782
v -8.959944821814588 -27.57081522029148 -37.14798651172714
v -9.93940257273698 -26.052591057692553 -37.39140757080895
v -8.53448370934575 -25.212528122958247 -38.48951595478138
v -8.716848963304528 -26.401194026144367 -37.98937192878657
v -9.734370838927134 -23.655954381823904 -38.17428097388438
v -8.381742420803675 -22.84897759414889 -38.975437875771604
v -8.419665023032849 -24.032866662269953 -38.79174291280833
v -5.150217112631253 -21.198560603579608 -40.74925523440834
v -7.38272385549044 -19.46542222312928 -39.755683176448656
v -6.150680411595658 -18.56296413869495 -40.55693402516772
v -5.524957775925941 -19.915921370729848 -40.72372096729305
v -6.89152404966535 -22.01673151760224 -39.802078458018514
v -5.076468247414141 -22.417246132878063 -40.63378253361225
v -9.885068783876704 -21.242216973667382 -38.38932527196448
v -8.67086620468217 -20.36294930333861 -39.05915654740602
v -8.46030003891974 -21.629080391609023 -39.06216043713175
v -10.33421052020185 -18.757011319858975 -38.40673675146536
v -9.30071948983641 -17.766767147750215 -38.962273274848485
v -8.966783669393863 -19.07654737942903 -39.02480573145658
v -1.1295785401350145 -31.02364794866662 -35.664616623740585
v -2.493552920150819 -29.97803416365423 -37.026067612931
v -1.13240718288597 -30.05179447111368 -37.032504175358554
v -0.9840973543572886 -31.43427509727735 -30.386871504673763
v -2.4704516350908534 -31.426540141455916 -33.34954506905342
v -1.0790318323774386 -31.546387392165343 -33.5129764230569
v -3.5505684479869615 -31.106270573929578 -29.966979753107807
v -5.113030427251488 -30.9185142171591 -32.73799937164222
v -3.949290545666827 -30.76964462209071 -35.47509454831015
v -3.8289591074394593 -31.216918261798128 -33.12478570500389
v -5.247067865131612 -29.621021749306237 -36.851666159640445
v -3.8609037402695776 -29.840392419437194 -36.97642032564363
v -0.7929092282199122 -29.89743259972238 -23.90534226917407
v -2.0809241319097964 -30.810569307375772 -27.153667197993855
v -0.8853489962984327 -30.85212271376622 -27.074896392836308
v -0.6967572805592681 -29.37033065077594 -20.520192210906316
v -1.7350499877001084 -29.400868188909953 -21.870237091154195
v -0.7407682096037433 -29.421389549434025 -21.848265576969425
v -2.6177032067589607 -29.29661852117897 -20.62221847028377
v -3.6754945487368786 -29.251610762048585 -22.011113978836875
v -2.8936461296857487 -29.750971897778072 -23.940273628366413
v -2.718611137503558 -29.349286560443943 -21.96412370066537
v -4.374013031281493 -30.584328474054928 -27.239141952715727
v -3.24274262011636 -30.710178686429572 -27.17012716471072
v -4.913827612578643 -29.580564389287247 -24.172917299611072
v -6.4666946694183025 -30.19701218420596 -27.33761750362828
v -5.855684950727209 -30.573999140338856 -29.57821330959814
v -5.456986640866944 -30.421973895277915 -27.34658340383612
v -4.44454421750811 -29.140955847500663 -20.837905942828
v -5.504957940763234 -29.025565049070792 -22.20772301783836
v -4.605489894919174 -29.13713775189899 -22.08155483157134
v -6.146998418455496 -28.954933893779526 -21.15556908799408
v -7.185665557921311 -28.770761969977684 -22.502277651265103
v -6.804451596578929 -29.313892693771777 -24.501593904140464
v -6.369018871022945 -28.91063434922762 -22.38398895440696
v -8.244865500153537 -29.567621406531543 -27.003807547851466
v -7.823310407885401 -29.91424426483536 -29.141900133605304
v -7.395433777836388 -29.907533088591663 -27.220877725048922
v -6.634301237429099 -30.209049423147007 -34.91623134352267
v -7.905590970324738 -29.00962058548248 -36.3745439252325
v -6.61645314604948 -29.33953536107765 -36.66619584244472
v -7.393898710693065 -30.137519750720458 -31.79936693916352
v -6.310878428803335 -30.545776548497088 -32.27800195845339
v -9.195290066697908 -29.27404478371318 -30.71691876939076
v -8.967635213113226 -29.38987159179851 -33.913375411462766
v -8.35318559504094 -29.71286802634131 -31.294267820012465
v -10.25553727521583 -28.278254135186216 -35.254201457724776
v -9.127794688030917 -28.6592205827601 -35.90101335047257
v -10.69588173385182 -28.488230122133245 -32.39746860404921
v -12.037301572268916 -27.44776895951327 -33.64641464877241
v -11.244980490360831 -26.901227243055473 -35.88868704435663
v -11.21798884290547 -27.874834394802747 -34.516945263740126
v -9.47707515767388 -29.148307789315368 -28.481410545698964
v -10.627988285596075 -28.38100547139402 -29.506184996294905
v -9.949818024382239 -28.826797641830126 -30.132020247718174
v -10.826812301825157 -28.333162445056587 -27.632981525144714
v -11.839097846019285 -27.549306213586533 -28.39185994381114
v -11.909521836501881 -27.512028592491333 -30.604380100419803
v -11.256573288520485 -27.960453683112064 -28.943053232891543
v -13.190991551739899 -26.481369215993254 -31.51048284015087
v -13.11073325507823 -26.160764812322668 -34.24912934399072
v -12.695271457967465 -26.984974821407377 -32.64075476511607
v -8.437301131817549 -28.85912257866221 -24.47654623343624
v -9.70858604692694 -28.814061823883094 -26.381272480008192
v -9.014334015216718 -29.20030856518497 -26.72087100596218
v -7.6938805803283685 -28.693140206840326 -21.451687093058354
v -8.684864884849503 -28.43738320607008 -22.709478593333188
v -7.960416775605609 -28.611387191995163 -22.62644886513226
v -9.063413405950087 -28.372410540727287 -21.716135380220294
v -9.960557472152686 -28.06782527633186 -22.80627273684513
v -9.805495215085557 -28.335195550853314 -24.295872022450567
v -9.353189397641927 -28.25611881626901 -22.773827355356843
v -10.898393765453875 -28.070983335217534 -25.65929107732336
v -10.334438160602076 -28.43308814962984 -26.020282983112338
v -10.916695330964103 -27.813715958458488 -23.996090090944563
v -11.856675539145726 -27.438169520413794 -25.013881160373785
v -11.91009394861885 -27.547571810537193 -26.668417358185252
v -11.404741895689767 -27.736775912075245 -25.3159346780958
v -10.226690780054923 -28.022788610483985 -21.931268807345987
v -10.976598480727262 -27.68957365130882 -22.79764889946091
v -10.503927880812626 -27.87569677854117 -22.816296141134444
v -11.118948406555319 -27.67978872743879 -22.11173103573674
v -11.654438121359817 -27.392215066285644 -22.621460047472283
v -11.756832941385255 -27.360766966550727 -23.613919196808638
v -11.366988518202561 -27.522668673420412 -22.743947445045706
v -12.574106542719164 -26.932497084699207 -24.302995119418483
v -12.772757118643312 -26.87470051197306 -25.742867624263454
v -12.246789758358318 -27.170425867458107 -24.675720743614875
v -12.897112612834462 -26.596463720568863 -29.012359496964564
v -13.948810057431729 -25.506323955050902 -29.438760077751795
v -14.308273520533476 -25.264350640736666 -32.013428408848995
v -13.576955248099694 -25.96760530827487 -30.40362053856552
v -12.85331532249893 -26.770395439700224 -27.301033643752817
v -12.370697198428388 -27.149832240140313 -27.83373626921275
v -13.679542779575058 -26.117190344601113 -26.245801148495957
v -13.789002883133435 -25.81740841309511 -27.684030788230302
v -13.28872877690992 -26.422373014491313 -26.758223302744227
v -14.734356127428327 -24.72361194781479 -27.90497205667816
v -14.937307782025528 -24.29020630582272 -29.61905850141011
v -14.344194934799816 -25.09674467494915 -28.636579396286834
v -11.352419532588101 -19.693497428564115 -37.83107874381676
v -12.820920527766248 -18.117748898162063 -37.21519944767533
v -11.921033936741878 -17.137481156926697 -37.75577433586477
v -11.627798172300572 -18.430041416107997 -37.79728438217899
v -10.998918079968462 -22.10185216503487 -37.717754775687354
v -12.359988464045273 -20.559832956156242 -37.18766339037393
v -11.134562851785631 -20.91585772432336 -37.81187745672469
v -13.332546542837008 -21.42675745811721 -36.38067214934017
v -14.513612388216643 -19.94562663628949 -35.816133592352344
v -13.696892832301273 -19.049452149569333 -36.58212547241419
v -13.490767461013093 -20.24630828937734 -36.52157071706097
v -14.92583061073583 -17.48722232737964 -35.84787075926215
v -14.195012183625295 -16.515164093911153 -36.538078861640315
v -13.933607532925635 -17.815851958493113 -36.58688544522738
v -10.990442389511372 -24.488130600469958 -37.26052036291185
v -12.102276646504833 -22.940132518857354 -36.89959349723722
v -10.96224629549397 -23.286909546321112 -37.545015458652415
v -12.189613475611623 -25.3943007892085 -36.0613492768116
v -11.098875100152327 -25.713194878760987 -36.75395663674135
v -14.021430958443489 -24.739484144609378 -34.4266238160526
v -13.198895130080018 -23.8570054197462 -35.8939649291915
v -13.180376764188622 -25.07977402288998 -35.284760675896905
v -14.239505644073688 -22.337921282301977 -35.50051077966236
v -13.234190232134097 -22.628739722493265 -36.2076798985272
v -14.956901718696827 -23.22844330130647 -34.23125776590314
v -15.886091290129116 -21.644381680733204 -33.62385536466536
v -15.280829190432087 -20.814202434487015 -34.91742856340534
v -15.124540204541518 -22.023387289304083 -34.68914980650152
v -15.252549989601903 -23.880949817399596 -32.093304895950496
v -14.734400691951123 -24.349763779422574 -33.39006024250739
v -15.831908057089095 -22.923949574849757 -29.496151956433096
v -16.08622694866426 -22.35905691057269 -31.717900582600123
v -15.571858408771732 -23.389261006270317 -30.73191894687443
v -16.890256455601957 -20.724846952942244 -30.955929145162372
v -16.76731257278152 -19.991349836677728 -32.65305216451452
v -16.478548918425076 -21.1941089690863 -32.3239925459784
v -15.620534912130097 -18.393820094647708 -35.03111145661023
v -16.77753350630701 -16.651706178417044 -33.93461703103094
v -16.192790358240927 -15.710537181478685 -34.81388229246659
v -15.877996204785632 -17.09722734837669 -34.961959361697154
v -16.297432675551136 -19.234916444532246 -34.04132136085536
v -15.431642762251613 -19.617710037540746 -35.01812752267142
v -17.709877523285286 -18.36929033596516 -31.67204971087631
v -17.295269678787008 -17.5366732898774 -32.87301060456775
v -17.01409403777143 -18.776759425690216 -32.8198246532811
v -18.619431002416604 -15.806278638695403 -31.852401130183353
v -18.15365706351622 -14.829247245372244 -32.76490911673136
v -17.64170705232027 -16.233470540873896 -32.870563169153684
v -1.268110596195129 3.811466628907283 -32.8488903577163
v -2.5710829947936418 5.132921862223611 -32.752349147982386
v -1.2641217702932863 6.138941875401997 -32.43055234221538
v -1.2658493983307153 5.113296007718418 -32.77270188598777
v -1.2627798662673513 0.9861158562394507 -32.36736466667753
v -2.5629812849940663 2.4219556481609743 -32.59216257301705
v -1.2678945485930626 2.3346837086127152 -32.62781419125349
v -3.8398753077428864 0.9552883475956264 -32.08782948187945
v -5.1259595588717275 2.7011132389618524 -32.40144327770395
v -3.856999827850359 4.093476048055436 -32.80969043990808
v -3.8494072978348868 2.5556142875973364 -32.52237934810546
v -5.173904360943652 5.279964311857384 -32.548559198578005
v -3.885771647324418 6.044064608593544 -32.24290679452861
v -3.8739608443370344 5.208039580958484 -32.692680865298826
v -1.2889693523123924 -1.7896318925521655 -32.48977979745723
v -2.5425032845462283 -0.35473762882079996 -32.07082751420967
v -1.2572615437875356 -0.3469426012270844 -32.15780541824097
v -1.5361764386061623 -5.177264766851749 -35.52194511068046
v -2.946974807890001 -3.446648196390697 -34.112032009619725
v -1.4268726119892108 -3.4411143666613953 -33.91491710306218
v -4.622688488490212 -5.085684070283605 -35.58039208455011
v -6.000790048065937 -3.392748610516037 -34.395667130514994
v -4.127602836944334 -1.813733621037727 -32.8189743140083
v -4.481179868585741 -3.4338512527806415 -34.30143604928708
v -5.261419448141623 -0.37309486234556744 -32.036633276313296
v -3.8578625127004216 -0.3611248842172188 -31.987157020437735
v -7.246098664171768 -1.7925526754651173 -33.25917544350341
v -8.288883204209924 -0.3739654513761934 -32.376927972380145
v -6.444402170224748 0.9995309820474745 -31.77122624968797
v -6.758855465302986 -0.3810387143676053 -32.200772844895255
v -7.758334129202922 -4.903685570302969 -35.397737763416444
v -9.070430511620543 -3.247208406856771 -34.36689771993406
v -7.5573565625209085 -3.333238110332104 -34.44526864883301
v -10.59905386583614 -4.647473890955553 -34.80354332317802
v -11.770652761238125 -2.9800633638424188 -33.79943958447984
v -10.185322858435029 -1.6834179230343125 -33.298893273333306
v -10.437666457648447 -3.1248023094262862 -34.11413497331705
v -11.064093092333678 -0.2817455700731557 -32.366193944619226
v -9.284249887547048 0.9927958674283559 -31.758321809222252
v -9.746717620634627 -0.3424422995648797 -32.45389451658775
v -6.426918423930147 4.307258086138518 -32.51363024827879
v -7.756739441954778 5.379223957481827 -32.100300321582836
v -6.511142360897338 6.113508179574637 -31.907930934479737
v -6.471187255094719 5.334894903989152 -32.34804052603613
v -7.66087994897498 2.7843242363703666 -31.945066430880615
v -6.397346249715611 2.7775952945398785 -32.208659560983506
v -10.2623857583676 2.536945064774045 -31.349347161294645
v -8.959378129707147 4.25676316958311 -31.9067168523452
v -8.935533701118402 2.6979404256057933 -31.630864865133844
v -10.268739213982371 5.281041689307131 -31.43855810925197
v -9.096441739574402 6.182239320414283 -31.411797715536522
v -9.026553125588634 5.365687182571037 -31.800643652519284
v -2.233632448727235 -9.499829562123978 -41.23874713500845
v -3.531898020717108 -6.967745041451053 -37.73934568475852
v -1.73882592767211 -7.030005895359409 -37.757157040517995
v -1.7801479297668266 -14.532240358745184 -43.0818298065351
v -4.168214968346547 -12.236689269489034 -41.888714677748794
v -2.2460442705490777 -12.41541950372357 -42.66256677607453
v -5.535305176340444 -13.651265987637998 -41.29305803938405
v -7.509655058654516 -11.53586999289928 -40.3949287358937
v -6.061508005928317 -9.522576739894703 -40.56226731454444
v -5.884217085335422 -11.940067805761828 -41.12611692809878
v -6.9038557757908166 -6.812258819194085 -37.49129714198534
v -5.199186296504195 -6.874765380201097 -37.607656315451095
v -1.1175216536594235 -17.323312808091032 -43.13504225564611
v -2.9132834264332814 -15.68572558230062 -42.635803973465954
v -1.384848568104644 -16.02610458962681 -43.173064224716654
v -1.7868420932028357 -18.372861520021615 -42.909844473048
v -0.9252123383286062 -18.53571955746156 -43.04037275586961
v -5.034374345628976 -17.60279981502663 -41.313480635290034
v -3.9423451045668116 -16.651150928551942 -42.061962271232915
v -3.109950579981387 -18.056818355481482 -42.384845487798884
v -6.609563109491319 -14.6837079450479 -40.635449487654114
v -4.8748405807002655 -15.162217701895315 -41.57676301817992
v -7.493363112233055 -15.713027976968988 -40.06914280311321
v -9.341893495559816 -13.910041331492721 -39.25784927895984
v -8.553114088767416 -12.783471875259238 -39.81116721177568
v -8.023045587938668 -14.279923257356131 -39.90853226295803
v -8.347948661389182 -16.746004708652436 -39.49158658768283
v -6.854876956345379 -17.141338999264917 -40.321397273281036
v -10.98203535250832 -16.09857613926488 -38.26945393232381
v -10.122855441941283 -15.01265555005375 -38.78908590369247
v -9.653512727877569 -16.410002660132704 -38.88366145663713
v -11.978494468877216 -13.176264783625811 -37.995285761406194
v -11.22136249772575 -11.938096126739765 -38.377560237946454
v -10.686132943378652 -13.557979192514722 -38.62297345164188
v -9.188525292582199 -8.93329162384316 -38.89441475554304
v -9.797837946067375 -6.50665459300717 -36.487848622216916
v -8.481854212370763 -6.705516549302956 -37.134629199354094
v -10.343520892126435 -10.566850578106823 -38.72335684590871
v -9.010080512182867 -11.054294919551467 -39.534021648956696
v -12.820370095687394 -9.689120383814497 -37.24095051517179
v -11.588712676915748 -8.13565893259647 -37.13333321485334
v -11.577804004403333 -10.124050252930829 -37.964249582395496
v -12.556508374001169 -6.052212689585758 -35.32305484989047
v -11.046974293347375 -6.271156383410471 -35.78264516014133
v -14.462559511791369 -7.463176670271878 -35.75514282734366
v -16.065267169591607 -5.647146470751977 -34.932927381765694
v -13.933182363289234 -4.300047967906494 -34.44773776428519
v -14.349814882458304 -5.849825920426156 -35.12795618687778
v -13.671668107952428 -11.101285197722973 -37.01649467165589
v -15.579074248124925 -8.87229001881542 -35.73043962835618
v -14.146641609693688 -9.26305765028792 -36.489493896220665
v -16.244017879417697 -10.217116634333252 -35.411056533499504
v -18.122148741453202 -8.165948956961984 -34.25473002050421
v -17.367984526630607 -6.920102555466201 -34.76329794575395
v -16.983786548930766 -8.506948856490908 -34.997037663370065
v -18.555663988082415 -5.180687803981073 -33.97931163405519
v -17.334209436137826 -3.956042673093634 -34.16956842188847
v -17.467501923819327 -5.419084514229326 -34.54449336550715
v -12.696349437640492 -14.34429129052478 -37.580835699407544
v -14.371982721432687 -12.383018686758078 -36.62763187242126
v -13.179680594075762 -12.799768037243666 -37.36600338392236
v -13.439529099817264 -15.464883078470848 -37.10909734113193
v -12.278407685058482 -15.767664081916337 -37.68801458117741
v -15.588976003311473 -14.686938270727296 -35.510893109027165
v -14.993516894182903 -13.572569858167299 -36.1205719142672
v -14.543205640246015 -15.094374840395176 -36.38160439097919
v -16.736893070410588 -11.488458158431058 -34.92569347571407
v -15.532523592948564 -11.952516965427094 -35.82770591492044
v -17.17140559879317 -12.690483782883348 -34.3341054578359
v -18.98127083858526 -10.634182754264657 -33.038467837688586
v -18.59991174143215 -9.4108360167711 -33.66289629552739
v -17.936143649983933 -11.051130838432982 -33.97374709093856
v -17.639387288241778 -13.802404760029276 -33.61534474525797
v -16.575085310372742 -14.256219749015145 -34.60501198746351
v -19.718553530394274 -12.904529594763517 -31.663064539523475
v -19.350702301434467 -11.791633015902335 -32.37234143987189
v -18.781496514018727 -13.322692965512942 -32.574695688974316
v -20.4862436801086 -9.972771764738354 -31.43840394009203
v -20.138683762379515 -8.799395708434076 -32.1193305772631
v -19.80478588200367 -10.266616979140053 -32.19599360093707
v -19.251990678995753 -6.386697135437316 -33.434697032096665
v -20.199290308934906 -4.728611132495871 -32.62569677419742
v -19.49750867954208 -3.564225968665596 -33.154511446155084
v -19.445381436783464 -4.947453050586091 -33.31906052656814
v -19.748817659158703 -7.601082188286 -32.790575872968475
v -19.00047092123077 -7.8698098740828755 -33.50907160730276
v -21.039106332123993 -7.08828846227334 -31.32019473670698
v -20.679489904308866 -5.900127824419997 -31.99057523978081
v -20.430424808637326 -7.338200283877995 -32.057383481684155
v -21.461999564522557 -4.325920985617358 -31.221475887588895
v -20.971182772704196 -3.203850438404743 -31.86404331065205
v -20.86698369172882 -4.52126445239378 -31.920447543152477
v -11.410414838996985 3.856746291849049 -31.007130168514777
v -12.635847677935999 4.839724941183931 -30.481993876357592
v -11.572444217202246 6.056198805482836 -30.732677748208516
v -11.4758247184418 5.095187755881398 -30.988049326078908
v -11.913307412046379 1.0214799881371164 -31.534422420018018
v -12.78724179299843 2.294552151388757 -30.806898154254668
v -11.572807960063983 2.3697055518530306 -31.07614254762666
v -14.40191321849943 1.2376765651875417 -31.183839341418206
v -15.206007765551476 2.4738048143195783 -30.49017929519323
v -13.79965862186782 3.4614797513556823 -30.236515622547813
v -14.029750070847513 2.352038428569358 -30.642539376398418
v -14.874993330245161 4.482669166759706 -29.72499439432795
v -13.84656217988686 5.616306616530892 -29.812466121449688
v -13.74800593105465 4.595839567952453 -30.016489733487106
v -12.727041144934446 -1.4653689824493767 -32.819460910419366
v -13.573040796773057 -0.07653544173091475 -31.961907002711087
v -12.264455376083788 -0.19537899795000158 -32.141046748776716
v -15.083454123417141 -2.686244346153444 -33.59401399664421
v -13.333749784952488 -2.8246397728066768 -33.61872442231106
v -18.190481812704093 -2.4001753398679284 -33.30071198764199
v -15.785140601531566 -1.1936021768648288 -32.62743599503301
v -16.792325314535447 -2.5516459372870486 -33.54799450240171
v -16.24416120855858 0.2257809417483969 -31.635583886763925
v -14.914373915037686 0.0627227544600295 -31.802590038163544
v -18.629889211914815 -0.9200191411426317 -32.31692244465921
v -18.700534820564826 0.5212645234055913 -31.21750362282728
v -16.712554818731405 1.5382038232817195 -30.772219728840355
v -17.54235466431055 0.37753599557041184 -31.460777739428522
v -20.17633114856926 -2.074973112002567 -32.34129803418182
v -19.287046096183985 -2.2374479848799638 -32.87106421892349
v -21.561686788676525 -1.7378443037240459 -31.12848538631988
v -20.57690719061975 -0.6127953107193207 -31.469603923835166
v -20.92319039499307 -1.90692390988022 -31.74998703901292
v -20.591974817110895 0.8450269106839414 -30.496548408613307
v -18.640058354238136 1.8868235034295822 -30.193401253412958
v -19.73036553782822 0.6763176718455952 -30.899204529876442
v -15.978796337562926 3.5918141182808085 -29.8740398385944
v -16.715275663515058 4.556496622114992 -29.344162844769016
v -15.890049101531986 5.341229690682212 -29.210883605999697
v -15.880234066497906 4.499571165364841 -29.539150698697995
v -17.15967790261857 2.75177888581743 -30.0115780004071
v -16.22349892778675 2.6046710949576664 -30.264403378245333
v -18.700662491900403 3.1302220178438347 -29.380621442202028
v -17.59226692984157 3.8377726451572016 -29.37992045430292
v -17.987603629347177 2.91952908408075 -29.720094705713564
v -17.931265641407663 4.74409941194881 -28.886873027451657
v -17.35237851252623 5.2738409055359625 -28.892847082399385
v -17.397238124729483 4.627602931574984 -29.126068887993824
v 12.252225425692814 -27.077365508288494 -22.934606518030705
v 11.893064278678139 -27.308460261254368 -21.82933408590725
v 11.370821067162979 -27.604893831317895 -21.76711237651216
v 11.770208320456732 -27.353800447635876 -22.23352708098355
v 13.413753943389565 -26.36845957748119 -24.74261088788444
v 13.03270920678915 -26.598569093159313 -23.330346707134595
v 12.815370438008358 -26.76172342445352 -23.8174273057175
v 13.902824287692965 -25.969768494300297 -23.685800567631304
v 13.377667519944225 -26.311636197577172 -22.194189856267258
v 12.57652868475543 -26.871930284880364 -21.99201868304226
v 13.218356577629493 -26.448374606872676 -22.795659153740417
v 12.10038686984899 -27.249073819066325 -20.787475765275303
v 11.46360319917676 -27.64894044209177 -20.830513049830188
v 12.003130218857223 -27.275670408049336 -21.353021239588998
v 14.577327611348665 -25.16593772104534 -26.411455910852965
v 14.315494177672917 -25.60065620979003 -25.099353506202533
v 14.014079016628784 -25.84138653525224 -25.637353287642327
v 15.661522228636386 -23.442427686411975 -27.74948282330479
v 15.487473678188508 -24.073377017937673 -26.514742021334314
v 15.119110559439832 -24.349180827286546 -27.113710887744674
v 16.394182254540283 -22.872801547146082 -26.446673928327073
v 16.171602938768046 -23.591950091516992 -25.322176120180302
v 15.236014142751628 -24.67448016365597 -25.283041242486433
v 15.839805613196404 -23.826012600811737 -25.927482784400127
v 14.829141254074784 -25.1889884193497 -23.931921995905213
v 14.584331468106939 -25.389131304564216 -24.52767498999492
v 15.789734360719194 -24.236167606370145 -24.03326653852855
v 15.21132419267633 -24.75267524335686 -22.435161071041875
v 14.267569248969266 -25.61406170002556 -22.37295381500553
v 15.042814891967282 -24.981794703960986 -23.25388843937617
v 17.121907662879494 -22.368533496122836 -25.1609729923166
v 16.780292893380647 -23.1158733167249 -23.934921067844698
v 16.486993293271553 -23.360869791909863 -24.66902883851617
v 17.770298585070122 -21.790933920616226 -23.557127132515234
v 17.137243880953974 -22.458231040491228 -21.845350816289283
v 16.180320722984106 -23.715704566873683 -22.284540210672276
v 17.005644845138704 -22.81495438766433 -23.0065408845021
v 15.431857153739656 -24.23787551159512 -20.35224900008143
v 14.522272358997725 -25.229609584101127 -20.639015682038007
v 15.334452355820758 -24.500066665899794 -21.463006481848424
v 12.83294331334855 -26.719664150507015 -20.77728132957418
v 12.242098438999165 -27.135441512617035 -19.320400834826614
v 11.552921342878108 -27.63320314331213 -19.535787195730336
v 12.179085408212813 -27.20264963077898 -20.112053448892766
v 13.646730041885348 -26.050822930139475 -20.749155093457375
v 13.52008128144007 -26.176176910530558 -21.520037026561113
v 13.808021094348078 -25.75495785885323 -18.74089943819854
v 12.995553234796716 -26.51949958525438 -19.0722234162713
v 13.747603645902927 -25.9090162097109 -19.84423391580367
v 12.289774047264473 -27.01078852012506 -17.25096772534198
v 11.603243120240222 -27.573325286926774 -17.77249067781304
v 12.279907221028225 -27.06792505613521 -18.37194373174134
v 16.725980784558487 -21.34454675357847 -28.92693051121205
v 16.547224052499587 -22.11898180404023 -27.57433702203889
v 16.18125537351625 -22.438882810918585 -28.32488789717536
v 17.964508366520022 -19.033631743976912 -30.011724942887668
v 17.768464212956133 -19.856274768084404 -28.617782803239606
v 17.336540040235377 -20.195102448238686 -29.508244599915997
v 19.186466377127545 -18.35738076835969 -28.43390958218515
v 18.73041834421565 -19.22847747321157 -27.106344492571225
v 17.49053696431838 -20.70176493902727 -27.319341231495855
v 18.23376841769732 -19.533392755964996 -27.83972959530547
v 17.298917947423433 -21.552436639080042 -26.201964111423877
v 16.91871752786301 -21.8300495271651 -26.881787475544115
v 19.185747322530005 -16.55009786199662 -30.564508101429965
v 19.339647890888045 -17.461561593375336 -29.57103962587462
v 18.59093259231213 -17.826339074708812 -30.371223334939714
v 20.234386677306247 -13.777690721022736 -30.61001691033016
v 20.518033842667137 -14.83921283622658 -29.875767014964367
v 19.746330477008087 -15.19327556094413 -30.634031165884153
v 21.58783773243158 -13.170413582227411 -29.136786053502874
v 21.85763617122211 -14.239057589952608 -28.41390131589651
v 20.719479939061785 -15.853372499271245 -29.079314681348478
v 21.220534526657502 -14.514344691726365 -29.13828679391918
v 20.754770223329615 -16.815813226941827 -28.158108181729403
v 20.055829883376646 -17.137581125991346 -28.873021891988174
v 22.04398814330125 -15.251585227905707 -27.611465291760396
v 22.028679627497695 -16.204604774567997 -26.648599394453413
v 20.438865570144117 -17.72747569200328 -26.99184739349039
v 21.407084027972815 -16.5113929717254 -27.424670083346427
v 22.83651879891113 -12.625923038264773 -27.62172476757587
v 23.148039266610795 -13.627904542120632 -26.809672442088413
v 22.488065181833008 -13.956638960085002 -27.653076511585823
v 24.187197218050642 -11.944672404968514 -25.784370443898297
v 24.552433593524256 -12.811978716489648 -24.706075205871457
v 23.362476523623627 -14.559203099483057 -25.871032782930342
v 23.832374487552443 -13.25353846170674 -25.8539850462912
v 23.255738469295466 -15.384227314443706 -24.598665070361676
v 21.55903459734691 -17.0647916024609 -25.336858323771594
v 22.651583255988953 -15.847709191536524 -25.752105729394316
v 18.34229387072355 -20.117006133155883 -25.87130257896024
v 18.11349961069118 -20.994693569595256 -24.798930809125523
v 17.70443583371798 -21.282794778342577 -25.526799546605616
v 19.774079721350972 -18.591556495631266 -25.58674726089157
v 19.253299912408693 -18.915730878911745 -26.364311463521517
v 20.430713875812216 -17.759983704712795 -23.408129866111267
v 19.18767323258271 -19.439484466415706 -24.19873340722188
v 20.199872056624372 -18.2248145619551 -24.658408028732083
v 18.74792979278118 -20.231093720405624 -22.806766559935568
v 18.483604359168567 -20.65345699631689 -23.931115016708645
v 19.57097991982664 -18.409791056060385 -21.468349406797643
v 18.817739515517133 -19.07821072013121 -19.42311362874443
v 18.047988557735152 -20.924382797089493 -20.961079874941788
v 18.85094610723263 -19.694252616558515 -21.297144554682745
v 21.818592831466958 -15.933094817212805 -22.2335222631973
v 20.13412734103531 -16.38092611567845 -19.452128746424023
v 20.318577491992983 -17.107830091462347 -21.583470409197616
v 20.763259162698887 -14.382944389593831 -17.169679626869765
v 20.332712876845108 -15.138572006989307 -15.362950765925234
v 19.508842521690895 -17.114263040550213 -17.428953611601173
v 20.103896936774618 -15.723094741334535 -17.286315823044788
v 18.970687366644597 -17.96293897264968 -15.491913268216194
v 18.10257046258721 -19.88167775052443 -17.317907251920587
v 18.84868054324943 -18.530884908961525 -17.46297440919261
v 24.70249077290282 -13.557593769614869 -23.24031673551508
v 23.188556848957887 -14.022634200558969 -20.50777195795854
v 23.643230608342492 -14.80450670854134 -23.010956385598547
v 25.64764167017529 -11.069493830717875 -23.17499718956242
v 25.794456479408836 -11.780132960127958 -21.311684633579716
v 25.28023247310375 -12.292992328478249 -23.22147678239162
v 26.532469065834448 -10.246591850599543 -19.297407949957233
v 25.392491710472314 -10.637437168875294 -16.737432662470383
v 24.44648324724767 -12.258488547815432 -18.667137926292526
v 25.782811890047014 -11.267746939276549 -19.13726473506813
v 22.44139769534013 -12.660514743526619 -15.800403348365762
v 22.282928661172264 -13.213780885140295 -17.65685899007076
v 24.289016312619424 -11.00513422867516 -14.286753673809471
v 23.70505003258586 -11.460187388726808 -12.331402129341768
v 21.659230097950058 -13.271220941684078 -13.804478817009112
v 22.992600619993027 -12.087448704879534 -14.089483393645423
v 25.86537429298187 -9.121739935163532 -14.29282769782185
v 25.360648552265047 -9.459066272678228 -12.192290960319042
v 25.207052708887204 -10.017658476989254 -14.312839577450177
v 26.066177214912386 -8.208634543120752 -10.118980737351194
v 26.04369501538531 -8.520300748854424 -8.618138545312377
v 25.1446696036528 -9.785181019370157 -10.502988412494233
v 25.66769088764704 -8.926320889365343 -10.311799383021935
v 24.891037246617998 -10.23443296255573 -9.072102283448658
v 23.259188004249154 -11.98806379681264 -10.632307430967558
v 24.394455973553704 -10.814216199679322 -10.621654101126296
v 19.942792573529005 -15.95193717922939 -13.615055506196768
v 19.381802316112953 -16.798813668165167 -11.698430532038401
v 18.292137102540437 -18.793457872826366 -13.31181440416458
v 19.138325852489288 -17.375951940638515 -13.52103038533096
v 21.273144752487497 -13.966388955004732 -12.126873854194855
v 20.75220234325934 -14.573790151795947 -13.695698021311728
v 22.6356147034694 -12.679717235065254 -9.021303545247974
v 20.704494214936858 -14.757256269912432 -10.360630055540241
v 21.890091188282895 -13.319599946741619 -10.543942004496785
v 19.983036746506514 -15.66956431833114 -8.43779736380111
v 18.67889573363118 -17.728327235722645 -9.65439257609114
v 19.69150166061081 -16.248975381467062 -10.065252182888344
v 13.028094972009967 -26.276634980484232 -16.62015329183123
v 12.275436315389925 -26.672151142527582 -14.472922570011178
v 11.589765363210972 -27.389982022359618 -15.355167632241319
v 12.293110364241329 -26.860842149830205 -15.949003147404255
v 14.660064659035015 -24.822419925978465 -18.24161900038871
v 13.806256580134686 -25.382665835419175 -15.831824950276314
v 13.824656910263002 -25.58349043738781 -17.39712490675265
v 14.614577530172937 -24.326843161346915 -14.858869404119105
v 13.79682696800046 -24.762260229097592 -12.367186236700036
v 13.01675390318178 -25.767134813595476 -13.460145611619737
v 13.793609891233245 -25.092321947173332 -14.128872409563883
v 12.30866458714354 -26.202046013790095 -11.390675164291679
v 11.597789386207296 -27.02936108611175 -12.508659325430926
v 12.2797747319064 -26.411436639707972 -12.90448382579416
v 16.339210109002124 -23.04084593148218 -19.770378457065817
v 15.532204414609623 -23.683198963057293 -17.47828533388929
v 15.503166412445353 -23.978502762245625 -19.048722254952736
v 17.22182373188025 -21.584715806942768 -18.766601123385954
v 17.190700832717084 -22.04426516601052 -20.431992998061105
v 17.318853946918352 -20.673768783139167 -14.94600388620347
v 16.40465009961099 -22.317530002006606 -16.373003266193336
v 17.28001656752531 -21.158238141575566 -16.956761176971668
v 15.499304956767446 -22.98262298467307 -13.700883163761318
v 15.512474375476813 -23.348507352397064 -15.630759458995271
v 16.456906218151744 -21.4689853545824 -12.440069707062321
v 15.583310286683627 -22.179370345767893 -9.908101415482633
v 14.652326089873895 -23.574073695643165 -11.192252228767757
v 15.52770821559352 -22.614642879931125 -11.82638370811037
v 17.508619320554317 -19.659121319236874 -10.998485683652689
v 17.394675062445458 -20.171079761558758 -12.94943618038269
v 17.834835240757457 -18.71044139353762 -7.445200907556682
v 16.648952813576216 -20.53988972998195 -8.618308372277625
v 17.662559635648904 -19.16908621323728 -9.155074198214606
v 15.791964995752096 -21.39092035511021 -6.347588153344532
v 14.79472178467131 -22.85353040215341 -7.63406595738752
v 15.68197975349267 -21.777020153931517 -8.10148938585462
v 13.066622808636566 -25.246777765396473 -10.191818438744122
v 12.401724946313152 -25.746714626582616 -8.201416897097715
v 11.669906828556122 -26.680404010370694 -9.528455041340749
v 12.35331583009156 -26.001679101515037 -9.855106368976067
v 13.89628534730764 -24.12121763538198 -8.929069436419923
v 13.835027195162183 -24.424793573558418 -10.63153658516785
v 14.03511588028141 -23.479524640522868 -5.44531133811779
v 13.18843812502837 -24.678883620286797 -6.832692857342408
v 13.971275394706936 -23.803373823231595 -7.209869513808826
v 12.49402168636243 -25.226280493803642 -4.618103160428518
v 11.7312721764456 -26.202749410582328 -6.077652407645928
v 12.444773070887095 -25.471411867003553 -6.452426193221072
v 20.95988265505912 -10.912691750591875 -30.469436316501742
v 21.28443523456008 -12.05874433441295 -29.81254320602966
v 20.636161143685968 -12.338521612969998 -30.537535725119596
v 21.505586076709733 -8.046679238379056 -30.351280108765422
v 21.829283499151643 -9.254252543696111 -29.713301627103647
v 21.231458856975223 -9.49800241668936 -30.418240110935585
v 22.6727622443359 -7.596609475977857 -28.934496844514797
v 23.02161091988637 -8.778740654341618 -28.247280587396745
v 22.15836479772588 -10.430167573353174 -29.05507398984082
v 22.42463420808963 -9.013333722346943 -28.99258489330896
v 22.495915764524398 -11.559153149390113 -28.363495227275052
v 21.890373028778413 -11.809274544696564 -29.101551173776897
v 21.98603740141516 -5.221831698540427 -30.237125072508206
v 22.33109929697457 -6.402712059149508 -29.593249620478673
v 21.764467411861915 -6.606167774632922 -30.28433215106088
v 22.271021502459917 -2.5798459457557783 -30.172889528461383
v 22.672646617465944 -3.7310815642449597 -29.552298437369245
v 22.15362168716456 -3.896606246373267 -30.213705813555862
v 23.254353355749117 -2.2552125177793414 -28.85833968839688
v 23.65131003588067 -3.4521350527040795 -28.20174287177906
v 23.04027984159802 -4.9011709869930655 -28.891960609729722
v 23.169425419766412 -3.579686846959248 -28.886133497262563
v 23.414925353614308 -6.079839080379315 -28.192969683021147
v 22.88013180892267 -6.226207642161626 -28.89896085314831
v 24.045973449758094 -4.671782934805606 -27.481216440541175
v 24.477969889272572 -5.8689200117742075 -26.660581228852607
v 23.81321415164348 -7.241401322579804 -27.4351294972912
v 23.942381409849986 -5.963752714059865 -27.458384951511107
v 24.154592849616165 -2.00306178057167 -27.461480379175555
v 24.599235978032084 -3.2768769367962705 -26.709105971944155
v 24.12384091999411 -3.350290363645854 -27.486060724613708
v 25.044363293965944 -1.8523380905768363 -25.829007233487573
v 25.58806251653732 -3.2034779633054313 -24.82142023533197
v 25.075751171372758 -4.536468181346436 -25.80540008087155
v 25.08621058531753 -3.2298384807622824 -25.8347909858785
v 25.606753118287088 -5.701543493056761 -24.696632344825048
v 24.968326582504233 -6.989193223604616 -25.69925943203816
v 25.034968610782016 -5.782949025068774 -25.753979848244853
v 23.3957505643466 -9.912410323058339 -27.50263150041428
v 23.78958050120309 -10.972385326653239 -26.69017448088198
v 23.13052420470558 -11.27634186994328 -27.56495197442746
v 24.244555372228206 -8.350451501345105 -26.59678651224749
v 23.63125600062267 -8.553803634424185 -27.45034647515604
v 25.501431493115888 -7.990947087060249 -24.57401727591605
v 24.710449755784794 -9.377630027278883 -25.65244259417159
v 24.87110124712308 -8.169514721008909 -25.653519369398055
v 25.197633936772036 -10.28445724161702 -24.546900366018235
v 24.479651296673183 -10.64166959409431 -25.70689803213463
v 22.078615981959956 0.053068531861459434 -29.898054094148392
v 22.784303631553485 -1.0941075888828777 -29.44329843239757
v 22.27995367816402 -1.2691595185948472 -30.088366286523524
v 20.551647537320605 2.676759630589004 -28.957381329193595
v 22.0999949084362 1.5948442778641265 -28.990508427435998
v 21.515515534167207 1.386825667136236 -29.532162499745027
v 21.802005193414516 3.204504151776291 -27.993778310590642
v 23.034146799704104 2.0491536921637135 -27.74634644445723
v 23.058353766708024 0.42632104967518103 -28.644719046153114
v 22.59894412344147 1.8169172744128446 -28.394143574492773
v 23.678121016351724 -0.7656026932664872 -28.10855484127387
v 23.24614384798224 -0.9236795295225875 -28.786251152765544
v 19.04214838561711 4.719977057315873 -28.1131486004615
v 20.296141061435264 4.102266099065218 -28.024173724030334
v 19.656816008517126 3.796685961809544 -28.442364797050686
v 18.278558171999975 6.032675361902875 -27.875976210143563
v 19.03724026587679 5.867757118618556 -27.525441309406233
v 18.64382947642389 5.486218558927703 -27.941755854682924
v 18.87668633471003 7.000900444187664 -26.963892188785394
v 19.80728029083366 6.799694032658863 -26.43174842653025
v 20.074686698751975 5.459297973819503 -27.21207081178727
v 19.422247631666323 6.310780266408528 -27.020819151093747
v 21.399657410471264 4.819131614977778 -26.991184947881266
v 20.883279853713248 4.4471753310228905 -27.547677801834652
v 20.98612513675289 6.348291550136764 -26.00119732289022
v 22.255949058182523 5.592972873284452 -25.618286898565202
v 22.721038871435667 3.805978869258979 -26.742351105949638
v 21.854039693787854 5.185850061945985 -26.349805109128283
v 19.460859779552266 8.08741000776763 -25.625737604997994
v 20.49108073750176 7.837154918892793 -24.9621020026716
v 20.165332142564694 7.295592384522479 -25.751344519167105
v 19.856536132988367 9.131037660399215 -23.827291723060625
v 20.935034922484192 8.954589250176468 -22.94383498758907
v 21.69171883951458 7.328233488577098 -24.38135400385181
v 20.733600870555165 8.369939446718945 -24.03431681593065
v 22.95979631342925 6.485982676662843 -23.80401940658885
v 23.47326151840025 4.47093966391526 -25.17856032101554
v 22.616023175691225 6.029204749134351 -24.784600303930347
v 23.88091127510961 0.7974457761958433 -27.2630140835754
v 24.5001172526554 -0.5033395356407766 -26.629807619192434
v 24.093373239760695 -0.6250467905925916 -27.39311599231405
v 23.80213806105894 2.524246885782077 -26.28994652388792
v 23.428930658237732 2.2877315210637335 -27.048588871028187
v 24.553512777643846 2.9771552276183684 -24.51154263274293
v 24.650564672720066 1.1267596835123754 -25.651731970699984
v 24.167617734738087 2.7568122680002034 -25.457828118676844
v 25.358858744673853 -0.3411664142661266 -24.811490777874496
v 24.91972234593959 -0.40720516537214735 -25.783141908405014
v 25.505635011617414 1.3395954029872428 -23.55720180820208
v 26.360382558836136 -0.3441523502102939 -22.195225680310614
v 26.017373040218445 -1.8235086082236194 -23.66741830420142
v 25.828277338870976 -0.3182651802523253 -23.653656297783527
v 24.260278217649102 5.168760771900452 -23.059919547238678
v 25.46763472258499 3.3453879650267027 -21.979615292346352
v 24.976492730194877 3.180598597524522 -23.3793170954541
v 25.31933844408013 5.729051848087238 -19.784191050239315
v 26.8067504547289 3.256290235046208 -17.772424433252127
v 26.624905521684923 1.3198811722155597 -20.244051156520072
v 26.08964946951346 3.4030960109305397 -20.085456859909755
v 27.57657247485804 -0.5102949510638837 -17.93236771001193
v 27.159116114240533 -1.948456840679114 -20.21743047860582
v 26.96295753825325 -0.42990939709514464 -20.260874866098675
v 22.179317350119163 8.441010225005357 -22.07437151227532
v 23.70730957433625 7.465282042862327 -21.11694007785627
v 23.32011613803661 6.96990220524367 -22.608950665478915
v 20.27005515779456 10.368381873613544 -21.483824136226758
v 21.372473051565976 10.429801421598313 -20.25522119393645
v 21.120777444602936 9.584228746065946 -21.67290297532236
v 21.09802304015284 11.791749847218853 -18.511333127919897
v 22.430666076472335 12.003649335325463 -16.943147317480907
v 22.758179185622794 9.895891940683214 -18.880623670521345
v 21.823208270692703 11.294457950682954 -18.679755708476478
v 25.03950696542779 7.898527493461643 -17.16511116105994
v 24.196182389403475 7.884709480278616 -19.28571638717949
v 24.779980046918354 9.907750319309798 -15.031089604685803
v 26.892812979373048 7.2007825667215 -13.230855119603802
v 26.857043325373525 5.254867861067396 -15.31523059313713
v 26.053330587881646 7.64215261160507 -15.025110731951827
v 22.472202620610915 13.026301551079086 -15.405077488879215
v 24.992911745728634 11.88953163691167 -13.824116113756645
v 23.608581089645668 12.202083110868443 -15.397885738457262
v 25.212566665248232 12.503887308152116 -12.772818545417977
v 26.68904230111366 10.232411901224623 -11.026286719197742
v 26.737998236074418 8.948344796975562 -11.838054795296557
v 26.03824369024551 10.949721255695295 -12.242546493120244
v 27.456060369646366 6.291243540948926 -10.583591180872645
v 27.687950057343187 4.524394507896886 -11.904648645711859
v 27.29532697594186 6.745925129236184 -11.794157535896375
v 27.829597790825574 1.0688717234033334 -15.628892566824106
v 28.336368681804743 -0.5683758108176278 -13.747536196895453
v 28.239499862605953 -1.9579552568231975 -15.669293317854681
v 28.064794888781762 -0.5285846226643116 -15.721312160422713
v 27.8833112897064 2.7490336509908957 -13.618385800940814
v 27.45780199937508 3.0034979794884293 -15.501829476761486
v 27.95217672633771 2.3652989335499797 -10.63350585529679
v 28.212349228204403 0.8460433130264846 -12.091608863304828
v 27.99439739612353 2.5789483319554165 -12.077135028968769
v 28.16226352236845 -0.9378682111350827 -10.228037351311286
v 28.20622582188298 -2.0646528116357103 -11.631857157214654
v 28.29754936911013 -0.6954919341679329 -11.93093207858874
v 26.040247889324746 -8.85020649110038 -23.227515877453698
v 26.491840674403647 -9.601368622867085 -21.492534693763446
v 25.884664709119534 -9.933011177055505 -23.18728977117462
v 26.17547592263145 -6.716298754926356 -23.353219147347772
v 26.76254244811571 -7.560521848085955 -21.626885889972982
v 26.135630421465976 -7.783847920726657 -23.280241730153648
v 27.379452750514247 -6.422140986641807 -19.67963906642126
v 27.74137930683537 -7.0677677039725495 -17.210956010550944
v 27.216084027731995 -8.278704426314107 -19.44747958269454
v 27.3318482045961 -7.344736815370197 -19.542193646993837
v 26.944452421274036 -8.788247953279097 -16.98643753581382
v 26.974387736127028 -9.243958138930338 -19.375173042235474
v 26.15354054184354 -4.4565254496840225 -23.540091440341712
v 26.771330090232368 -5.526855381484438 -21.85170788524374
v 26.18085016319128 -5.610499377432006 -23.429450979152534
v 26.674846693933432 -3.2146766063276573 -22.097489659587154
v 26.109033832482964 -3.197971534735416 -23.6176963412272
v 27.880259222118184 -3.2366746183367923 -17.792831371352804
v 27.346475003645537 -4.4114942038456775 -19.972615874851726
v 27.277999807700326 -3.2599764437493377 -20.111510243493285
v 27.959716561816094 -5.306512722977914 -17.495776306863263
v 27.384629461837903 -5.450297144661363 -19.824047391423846
v 28.29299656110561 -4.186556882816603 -15.42490508818355
v 27.71934275253625 -5.010333291138977 -12.83986767663373
v 27.886454895233328 -5.962502498528465 -14.984520882811012
v 28.156231653985742 -5.124205282454113 -15.214813474366565
v 28.307156034888976 -3.095838079613941 -13.45953375276622
v 28.312315883960764 -3.1434167299310047 -15.579816187207143
v 27.859101913809354 -3.49524671183417 -9.359360379602549
v 27.627650644661117 -4.3060482195669465 -10.79344070093066
v 27.955274562895283 -3.260039074970564 -11.235942323359268
v 27.54804877137576 -5.215959419327191 -8.686480047689201
v 27.069900348496958 -5.861512063194368 -10.138017015264268
v 27.321670631146844 -5.157445598673348 -10.425323289280641
v 26.96190726085115 -7.521162943331547 -14.484222687656256
v 26.16222941934211 -7.881199120773545 -11.988946656142616
v 26.41365282138213 -8.300051434956458 -14.329889722982443
v 26.864457898409455 -6.531778746068085 -12.186091673864212
v 27.472669687736925 -6.755438450406473 -14.713640851007767
v 27.202483417153417 -6.361604297987014 -8.277270532681996
v 26.649538862771806 -7.012970805409168 -9.895543253403503
v 26.86649582199243 -6.461252979850997 -9.960667076789832
v 26.739802497024357 -7.336239444874991 -8.254389661342884
v 26.38117130649698 -7.584645708277094 -9.981251670758411
v 27.298651248453098 -6.691826809678787 -6.835347457565149
v 27.357584818733812 -6.985152907612246 -5.580624284907117
v 26.766216010129938 -7.599821132735542 -6.954953216738886
v 27.049600606140302 -7.130306785036737 -6.86505814313432
v 27.69651608129243 -5.784322696372783 -7.034126909271436
v 27.815346779103493 -6.199099765613028 -5.630602192775768
v 27.509894313183395 -6.261145625810059 -6.88717720202294
v 28.319648554630476 -5.710023399076817 -4.675660349400459
v 28.33219647891383 -6.077362136024476 -3.3989674692275003
v 27.85439734553802 -6.5215337236113555 -4.423484770482446
v 28.08987869288285 -6.142762982120075 -4.504653026521737
v 27.80108372291579 -6.817331948113406 -3.29262537670661
v 27.311230488347064 -7.279208297939022 -4.501471480928103
v 27.596510883246083 -6.892369571151903 -4.429726212566948
v 28.020317086138675 -4.508810776053906 -7.564207454565803
v 28.217793326664832 -5.225898512357162 -6.01659359140649
v 27.866391224402832 -5.216557427045245 -7.263586023806056
v 28.21318511411846 -2.4951269812515875 -8.346574990085173
v 28.559576718682365 -3.733315511505907 -6.7033997344701675
v 28.139754825017008 -3.6202408638148427 -7.922347833119147
v 29.091836107807467 -2.746911717260218 -6.119705057136343
v 29.37153991512423 -3.699125489172502 -4.700095860139527
v 28.766927012124142 -4.543412116888248 -5.264958112140903
v 28.961122340215297 -3.734671417223126 -5.672182699213863
v 28.862808185142057 -5.126198641514293 -3.8800728084161165
v 28.54683849184221 -5.187605542810161 -4.932526946565986
v 29.50803984400045 -4.381547747861987 -3.3070022530944243
v 29.552045503591216 -4.9153961031140625 -1.8987130471109595
v 28.876473835834986 -5.530235058537528 -2.555785620120787
v 29.191824443601945 -5.010030673940264 -2.885808494794901
v 30.13084952565987 -2.802174134419829 -3.8387009723448955
v 30.216480858434807 -3.558953804951898 -2.903614430544849
v 29.788945688986132 -3.608581821094276 -3.804958401909289
v 31.653103766455388 -2.9686680949189395 -0.6719247541221876
v 31.13135678692379 -3.492965188934022 -0.8586507821367491
v 30.31035060569411 -4.236698595417693 -1.4262750559386177
v 30.631301889974566 -3.534508056417053 -1.9439705783471481
v 30.27123740803836 -4.772780295707435 0.14907385226778302
v 29.493846645713347 -5.359190397815382 -0.46405726379887824
v 29.904247358370412 -4.851199402468865 -0.898507876100382
v 28.272740178825188 -6.36588369662195 -2.1854365195471246
v 28.121044952122247 -6.665652379215771 -0.9594110176216759
v 27.627689186951102 -7.146242215275834 -2.170848262787672
v 27.968964302519453 -6.745662559885659 -2.1436303299344672
v 28.832369411626132 -5.871843203580283 -1.2295814045661473
v 28.57163081987528 -5.972410275947823 -2.3205749721407756
v 29.33558236746103 -5.710448568713218 0.9495852931243576
v 28.685730451590643 -6.184122472614035 0.11088053185431335
v 29.09078823929849 -5.789680676904027 -0.12907954062173133
v 28.418911813594605 -6.593440990035106 1.4300562653643283
v 27.808050241830642 -7.032409970697245 0.34054044080446033
v 28.264468039837084 -6.585597634023088 0.2613853042767573
v 28.207213468063856 0.3703162417658916 -9.115472597477947
v 28.62848551538991 -1.3635855696099952 -7.58540992962071
v 28.241130683250958 -1.1578630856968175 -8.783518091629958
v 27.81713176890844 3.949605508442801 -9.38701868823
v 28.424464312245618 1.8218275019346493 -8.076737406781376
v 28.064011998516435 2.0547353986438566 -9.273299661628243
v 28.653831888841523 3.2985530604616997 -6.917781586941146
v 30.42526203439229 0.7389557433616005 -4.474323857642958
v 29.179459595196022 -0.1398927983830589 -6.574637772531787
v 29.037221682898235 1.4672894724925527 -6.573370092525238
v 29.864982400447843 -1.783360489859433 -4.9070197794983414
v 29.22407470474718 -1.5631021426122516 -6.377808319809446
v 27.3336885989429 7.901343489523697 -9.769548507441414
v 27.76138757312401 5.55430772974978 -8.542214449604216
v 27.566496074919996 5.89061570769627 -9.531551071228478
v 26.79233563827438 11.092757716063716 -10.296616129660833
v 27.381852008065835 9.313794961713938 -8.997393474321598
v 27.117712059223777 9.781109989990455 -10.0329386882986
v 27.481086360312474 10.34749917912086 -7.862711468269481
v 28.0902737513552 7.488360443437614 -5.958073748519837
v 27.68744418978713 6.7580111482629945 -7.426326627706203
v 27.336622630768034 8.467458064837956 -7.656380136619191
v 29.55710177025867 4.285659047053059 -5.046382978964175
v 28.228712839196305 5.126955033955255 -7.232734727342631
v 32.55952207118571 3.8094792920799136 -2.152732483159639
v 34.208211885385026 0.15291493586126137 2.9369342402371785
v 33.41195467211219 0.5699646263887814 -1.1164641495779506
v 33.51442416782447 1.8940131460700513 -1.36561159928317
v 29.110941039174577 7.658063350689645 -4.1193915225076125
v 34.54274691799219 1.7610996073881324 2.1806669111614383
v 30.06765462344265 6.275860349458526 -3.325176147269076
v 34.559724796730734 1.4918945090852276 4.786346579558995
v 34.32408687133284 1.1514444394118755 6.651205042704078
v 34.26207955342579 0.4901107602992738 5.179038916637637
v 34.409062985178025 0.983288342657147 5.078887980557283
v 34.091770809553054 0.20400936569292583 6.672421971117728
v 33.96016334261185 -0.49885485414492337 4.993185886546826
v 34.11388685732527 -0.0001357892568856489 5.179349061627363
v 31.90439949715983 -1.3130524118762423 -2.124211038014664
v 32.26994661984645 -2.4000655846749623 -0.422643385014851
v 30.892004348328555 -2.1879030755503663 -2.827168508363684
v 33.69418059052987 -1.0198414138673684 2.0396509099008426
v 32.84230203502193 -0.4145345238138134 -1.4942353509785562
v 33.82265408751664 -0.8368653549458145 6.165876913868942
v 33.51233324859277 -1.5933879514147975 3.538807328420262
v 33.778879681665785 -1.0200485033981295 4.514603561794047
v 33.31394403757258 -2.038069170453241 3.873644978226139
v 33.003878541319864 -2.2938841352142845 1.9985226731467947
v 33.76291594693248 -1.122921338152878 6.685831676916223
v 33.68691055108138 -1.4212201442735477 6.711679100137644
v 32.94615905317369 -2.6058773481895514 3.119285944172134
v 33.47838471779505 -1.7723998755890307 5.391566523626352
v 34.085760621208465 0.19612522787309672 7.624655616398286
v 34.15699399978075 0.28934967406731005 8.22664162144656
v 33.94207255524998 -0.47248865320585764 7.342609762741631
v 34.51697657935074 1.686911269731695 9.567413467613278
v 34.582717681600116 1.8305172827681417 10.459062246376561
v 34.22222682558095 0.39408727439226254 8.657760621640591
v 34.41603673077225 1.2253295576463188 9.182611459962573
v 34.363262700209816 0.953199460867495 9.093978044131745
v 33.605868159707825 -1.6752115769396596 6.577767526923253
v 33.923295233347744 -0.6994254308058316 7.835014015128763
v 34.34365431017977 1.25148373835151 7.768745967508494
v 34.42201801239935 1.4536724513295667 8.67524256126535
v 34.22699643396663 0.7761498812544687 7.723447334533375
v 34.53866143525374 2.0210461249686205 7.728080840457551
v 34.56670095121808 2.121078272506793 8.889240195283037
v 34.4456083027635 1.6604140475900522 7.76086346698321
v 34.66134395317022 2.536567470776845 10.262754319015585
v 34.65702962558498 2.5053972970861196 11.329441101077464
v 34.604046021320755 2.1508612248696863 9.989746632360493
v 34.63206144835385 2.330091153871649 10.12251699245735
v 34.63595421964237 2.2034023455781835 11.1309940766223
v 34.56992645911123 1.9549570882186345 9.820495392569228
v 34.62149122532537 2.9178250933071013 12.39691679563748
v 34.45878735704537 3.648748006156893 13.44280639891258
v 34.63031018305264 2.5456113588995777 12.197571254047034
v 34.62390252734258 2.7645673983015513 12.348834084434202
v 34.61803446369231 3.237210597056901 12.45117590881091
v 34.47117629438253 3.764523324151696 13.347655120511263
v 34.62152494982911 3.0458095849896836 12.40667281279002
v 34.25788326160364 4.320806905514928 14.098131319960885
v 33.99577641855831 4.688238083736223 14.860454455794752
v 34.21443164743141 4.280613620404665 14.27031418268416
v 34.24379123682775 4.289232338890997 14.16056862529058
v 33.91356812291269 4.690868896139364 15.101143830073852
v 34.24131007690994 4.124848267656944 14.223920105560865
v 34.2055283784448 4.236858485698804 14.31675161988369
v 34.63494971120963 2.1619891066563923 11.469456809468284
v 34.601020451556906 3.367638609702226 12.597982286918523
v 33.52834275229543 2.628886794199161 9.405251600286192
v 34.63523155170515 2.2044014340013973 11.057003719869499
v 34.54350090154003 3.2215413495080156 13.048638012572155
v 34.63625292238976 2.2912683783931698 11.864488783993693
v 34.04727132687185 4.441555684476043 14.781418672393556
v 34.37815929528915 3.9306785340552324 13.740998460956689
v 34.31906673806225 3.958618382066561 13.979164519688311
v 33.937587196252935 4.968928031675659 14.940086440244158
v 33.84874721783672 4.861223408981459 13.349039029611049
v 34.368210566686685 4.236015975328655 13.691596880767975
v 29.129123364475163 -6.183345002358237 2.277414984592383
v 28.832790967922847 -7.0507025028582575 3.582294473766069
v 28.025855131430944 -7.407664330450643 2.773362869320863
v 28.601424010033952 -6.74401186587238 2.5067428144517407
v 30.14639893077583 -5.191010513241054 1.6906126845726703
v 30.00543291404756 -5.744221250312876 3.033451059928211
v 29.63996287594091 -5.673974915698182 2.0002307289275905
v 31.03969117687302 -5.136882684742886 3.674246139875322
v 30.84362172993133 -5.96204541105817 4.770210006744037
v 29.76741018445682 -6.603457769868328 4.228234648314583
v 30.39617224102585 -5.863285008533694 3.957224536282638
v 29.23784634673757 -7.943703272887433 5.4311295820730265
v 28.251585279409483 -8.58746851805654 5.017599717247776
v 29.063184732989612 -7.466773147706135 4.56340833871127
v 31.206097513884743 -4.10211343546348 0.8065455205278909
v 31.153566781527843 -4.5439029288622805 2.333460141461501
v 30.685379131717127 -4.669586024276441 1.2619183105859406
v 32.31487006771749 -3.290813889077299 2.170012979096896
v 31.741466784033037 -3.461452952419677 0.4893646056540888
v 33.52216153253903 -2.0242488989329104 6.612494130200048
v 32.20769600373387 -3.7375684123164774 3.5585105686170664
v 33.043468699814184 -2.73213135127412 4.742868467562403
v 32.15396564260118 -4.283138140398705 4.656409077776061
v 31.63581754939696 -4.439952264990325 3.4590732671247224
v 33.33942530903914 -2.7488767718261897 6.618059275539963
v 33.081914634074565 -3.688915395666072 6.7586416760382235
v 32.024352739166716 -5.010910823265476 5.459935728274104
v 32.65959953602578 -4.017188209485539 5.822596996998072
v 34.40682271457263 1.0417674601944213 9.410512622869192
v 33.9412246248703 -0.781785336162443 8.127196491051563
v 30.355751014403722 6.814720105743618 17.711196392270722
v 34.02683909539337 -1.1071890077153057 8.926730401196437
v 34.407422528960524 2.5046169662697366 11.288140628465044
v 33.619492859217644 -2.708290837136701 8.059424691898585
v 32.76509219260879 -4.744046115188439 6.958238946960137
v 33.41521390450907 -3.177024703463303 7.528940054782652
v 30.358897028823776 -7.142068807938358 5.765592347886468
v 29.251167525713754 -9.137095424383006 6.971894962080569
v 27.982427606189958 -10.495912288942236 7.129114382940315
v 29.314846615448914 -8.488973695998993 6.222152872810511
v 31.629768818762386 -6.085746890766131 6.124666774748675
v 31.264457767601925 -6.037890013293236 5.491728299725764
v 32.15202648363629 -6.293552465008361 7.241119482084287
v 30.67620847559374 -7.843170527246912 7.016524524990473
v 31.93533691155244 -6.146314895031537 6.699894192751344
v 28.395494963535384 -11.290398965768873 8.813628653457727
v 26.920004564957708 -13.302644952487753 9.651226086079532
v 28.97891924261603 -10.000872105254075 7.774479735367095
v 13.337760592004088 -24.17362310529643 -3.1822815104833353
v 12.740347870551886 -24.89427720786989 -0.7806700186459921
v 11.895538211916573 -25.810246773837207 -2.2611999721950724
v 12.602355632385297 -25.041727964888196 -2.717484076633127
v 14.940209293793487 -22.17304459242405 -4.079610158121568
v 14.238821518426448 -23.02651301739388 -1.7840158593450042
v 14.10950009106 -23.212997478594843 -3.6356114086163416
v 15.16625500677128 -21.759931466109265 -0.4507738366946228
v 14.50203765675542 -22.806528079516283 1.8854507354604948
v 13.617659519663903 -23.89873467533471 0.6029367650531867
v 14.378401217161809 -22.903635379134357 0.06582939382821706
v 13.033710101882207 -24.71245395486403 3.0309268410458117
v 12.185320828064505 -25.576610638625425 1.6798684190159747
v 12.891380651645704 -24.783521119810757 1.1473850028303332
v 16.895213957651322 -19.695469107586177 -5.128528643388563
v 15.933684996028205 -20.68437032177826 -2.7983132809652034
v 15.875109146376417 -21.01995804068065 -4.572876493135482
v 19.07785661284197 -16.71369663407222 -6.30429311722537
v 18.032093476455884 -17.848531002614436 -4.00211847521291
v 17.956357876634684 -18.2577164286904 -5.714134777416348
v 19.38543974473032 -15.905205857068722 -2.9709839445461057
v 18.067767979177006 -17.27741134961161 -0.5822414749177653
v 16.97529520066837 -19.035089124316983 -1.6481145404101198
v 18.08455796425187 -17.514063419014747 -2.3004424973004234
v 16.08598485490529 -20.359155296668177 0.7793101984774466
v 16.008553394324736 -20.455653146325858 -1.0108688139255264
v 16.968510553184387 -18.813710641767102 1.873055926446341
v 16.20828676770816 -20.484164805342516 4.240286340614375
v 15.36419857256351 -21.645082668632313 3.1024917435343013
v 16.138985321421387 -20.3328622282188 2.5228146482639886
v 19.260827703421455 -15.500526265581357 0.3679992253311184
v 17.936957855859873 -17.382258422837367 2.8653615088460356
v 17.984362463648722 -17.161959124407076 1.1385820792979189
v 19.011915572463295 -16.309616856972752 3.8610229804792198
v 18.209441006037196 -19.068302942711853 6.378783319301419
v 17.142852988593404 -19.59508571331935 5.297438422579489
v 17.994646028395437 -18.055474193118243 4.624333461382321
v 16.512648005043047 -21.40809094529868 7.445200305333401
v 15.576149851872287 -21.99401083765588 6.47375332849515
v 16.352566216928608 -20.88551771542552 5.902038678890676
v 13.885241776780276 -23.784078589307683 4.2622939881960065
v 13.250669469995955 -24.610326521975367 6.528909754357301
v 12.45926858526127 -25.42653418810187 5.362823610869782
v 13.16016133309131 -24.65649536759156 4.829529301036246
v 14.709730013020817 -22.82617260294319 5.413239937287017
v 14.619357978577682 -22.790769100698526 3.682118703716469
v 14.876712075489195 -23.155436977394857 8.531255190336196
v 14.037430826573654 -23.791524477954226 7.573919509418829
v 14.793367986735575 -22.93634332997317 7.024595521402716
v 13.338726558146845 -24.548073496969664 9.556147074471937
v 12.591267497335139 -25.234410508097426 8.60015615814109
v 13.3052200592374 -24.55728992206241 8.099485788998663
v 21.710932171072272 -13.535339210488019 -7.242298635268526
v 20.615514520719444 -14.621124901684198 -5.218482132651388
v 20.32120077660511 -15.113272606953615 -6.815224166629832
v 24.51804905307108 -10.782423628227662 -7.7118063585112395
v 23.76133382043008 -11.530623423675024 -6.225665038985426
v 23.28556297506475 -12.05608973419021 -7.593415283695322
v 25.21538988798966 -9.966663413998958 -5.10085768807221
v 24.19160790136084 -10.83030037906883 -3.54338934425391
v 22.309754095002063 -12.550413874397236 -4.3535383430617
v 24.064372575439847 -11.133371654135772 -4.895158690866992
v 20.76504174361071 -13.90568725717094 -2.1130145027739218
v 20.777510174420968 -14.21046884635598 -3.6666993788292075
v 25.931250293246194 -8.885768980291232 -7.414261084270947
v 25.698242879139798 -9.346139169691014 -6.305630655132518
v 25.33413627454138 -9.745366833815297 -7.623464418748426
v 26.685407281389416 -7.922824191734435 -5.913108747242404
v 26.39683152069665 -8.178160238431246 -7.168714779230413
v 27.119552453570577 -7.647361842985902 -3.4551826036176863
v 26.492671742531456 -8.312655968228228 -4.880410543826429
v 26.952539075491586 -7.735979601011422 -4.673042183686221
v 26.07269086191991 -8.865154877381883 -3.7338361335323498
v 25.930318051607173 -9.060965970536017 -5.040237892604637
v 26.736480633406245 -8.122867710107585 -2.297081940836506
v 25.96830147838773 -8.817225130891984 -0.873543011097297
v 25.22488092689855 -9.643174360812282 -2.2859542096056202
v 26.081464050677823 -8.804286965922529 -2.3389843356183064
v 27.28395940928931 -7.553041030489112 -0.9442483151300394
v 27.222703666036978 -7.598201754332877 -2.2327167682284426
v 27.300768665509167 -7.749298371094483 1.7333276291163884
v 26.615742092240907 -8.19182287800777 0.4684196186907741
v 27.277426491136794 -7.552926005842437 0.38434522129205106
v 25.566428247389922 -9.637420719585407 2.348234485214789
v 24.51260495461065 -10.066763763323706 1.10601775871163
v 25.7746987380051 -8.978140998250637 0.6878749388316692
v 22.107476930479606 -12.072082375641003 -1.3091688244927582
v 20.3262907677763 -13.842573052873377 1.2643709401758088
v 20.568370073387996 -13.720730034210646 -0.4912811812459381
v 23.397834256898932 -10.820725028900597 -0.19271368944454537
v 23.901630164869857 -10.765573420824694 -1.937905738239806
v 22.31360350621435 -12.903596148677934 3.958040247716781
v 21.14042678581609 -13.038054540631492 2.5771657510435944
v 22.782256072398013 -11.491935395655673 1.8058962872585198
v 19.97873566783346 -15.816809114987336 5.110593229633196
v 20.08748996570648 -14.591855645780015 3.16409948629439
v 21.027577369632127 -15.918905232265388 6.559818262032422
v 20.340739308734555 -18.818996957727904 8.824292823318046
v 19.316868193060145 -18.81810928061168 7.541463890134764
v 20.117120555579277 -17.35671452014958 7.06238262339366
v 23.66536110947345 -12.898462797430511 5.2053223495145176
v 22.091522831318798 -16.14018374575062 7.894327588299802
v 22.09895667549972 -14.551301930036061 6.014911581782599
v 23.0952291026515 -16.24705790254029 9.045064867023939
v 22.048887831915636 -18.647185064545738 10.959956642579527
v 21.241964039889353 -18.80136386005961 9.98454282098919
v 22.085291024806793 -17.524454179505483 9.551964633785246
v 20.371062455380525 -20.751573622153956 11.565093479834104
v 19.52291888866148 -20.86433631818545 10.549364422919098
v 20.43472709175694 -19.929290727568514 10.309681965965865
v 26.515580316141495 -9.364971896135103 3.468357743448223
v 24.9110816463035 -12.716605819920915 6.166290641263004
v 25.336612616672937 -10.906635793277928 4.171723521181775
v 27.35835566453352 -9.060166820242102 4.357022505854047
v 27.357115084574616 -8.252409551194887 3.059154250673828
v 26.95505395991313 -11.566275041911467 7.098101088414296
v 25.960853180848062 -12.312783794385723 6.792757624908063
v 27.26331037742966 -10.158024077106347 5.696243928183776
v 23.971514563292658 -16.10940050051795 9.869290533913954
v 24.336122217660886 -14.572005161991001 8.138131059165062
v 24.799275280842267 -15.655598760444263 10.32797630479672
v 23.426654254235473 -17.974630535427423 12.25191708737293
v 22.76288375389413 -18.382576585991046 11.714261777649881
v 23.668762466564658 -17.168613691662358 11.192740029625384
v 25.704677032674226 -14.746212699385069 10.250605066544267
v 26.392960429446248 -13.235099589288438 8.68797717476582
v 24.738561538542854 -16.8686113464355 12.705329791207078
v 24.080321856814408 -17.46514361745085 12.578337763491618
v 25.154305176149137 -15.998146976028693 11.638564720118666
v 22.925298554999245 -19.258639224018225 14.059622754479278
v 22.3562071900069 -19.78719132662536 13.697237304018017
v 23.197113237334634 -18.662930794451313 13.192362211927502
v 21.11243303882111 -20.558113006465646 12.454221954166314
v 19.952743711024596 -21.873831159695328 13.660524568360415
v 19.23594022410998 -22.06432642794789 12.847188302837822
v 20.201801580016763 -21.37534204327676 12.663542722183593
v 21.765014230601082 -20.238845538478927 13.175746871604133
v 21.937719823132284 -19.536942259983334 12.145382584513754
v 21.20235461025004 -21.250893806700333 14.938296632652964
v 20.597715209425587 -21.60664636994443 14.361488378537615
v 21.52071392552898 -20.78385279001668 14.071773211397158
v 19.245828730384346 -22.593926399064003 15.43637141945419
v 18.6221410071812 -22.791246061537095 14.713469819595957
v 19.632421147849527 -22.270602355056326 14.574467050763815
v 14.127329513517907 -24.024876363777366 10.413398063869863
v 13.348312748334138 -24.602208552147204 12.097370935657636
v 12.614886694416782 -25.06368984350047 11.345120586422127
v 13.353807433550173 -24.56679300543692 10.886755198324863
v 15.772676988507556 -22.724967776121048 9.398082734348918
v 14.94485966196953 -23.667143690385274 11.185956586587963
v 14.935295151820355 -23.414828997889344 9.917437683008302
v 15.7550077574424 -23.42126796921002 11.89003870891429
v 14.819393668048178 -24.045913227429992 13.358711939950808
v 14.098698614291607 -24.2721805585752 12.74798285730867
v 14.908464900204308 -23.876083853288947 12.322695185144767
v 13.300841895984377 -24.700953899089654 14.142186361860695
v 12.615517824415292 -25.021955770125714 13.602129385692933
v 13.336442927465214 -24.652771218821727 13.174892918991645
v 17.520928764418386 -21.089006553189392 8.429966654477994
v 16.683174753743515 -22.473117999998067 10.24518023922883
v 16.63675176990273 -21.974284411862754 8.905211156695714
v 18.545016680473964 -20.959627312387966 9.487838694375569
v 18.417082775546987 -20.06573043411663 7.995201192317381
v 18.42025769668453 -22.223106209328762 12.001934203421115
v 17.57903608435754 -22.32002079749691 11.108280623355313
v 18.545072085015818 -21.67714503611387 10.818748532092286
v 16.529423536759168 -23.243922848521834 12.58643766662135
v 16.644621623739113 -22.897504746133563 11.469816938990334
v 17.257518710192926 -23.10369154419641 13.2989087592523
v 16.088123951999478 -23.750012022746887 14.589415437045318
v 15.480719141868576 -23.88251559793025 13.966867120289862
v 16.343164307065308 -23.527312262318446 13.625212604054468
v 17.94562023553408 -22.96702058390838 14.016533678722226
v 18.21888748042329 -22.618287535227864 13.029250036262965
v 17.21039353400647 -23.487664290389148 15.862599764383049
v 16.64926717412891 -23.63172814367499 15.244163428190404
v 17.611163491953448 -23.25594804299726 14.958766201974868
v 15.374906102500063 -24.05861050308704 16.356970878005995
v 14.959431056477115 -24.16980741858788 15.737481855518126
v 15.762747531050081 -23.92179741810469 15.50115378224018
v 13.930114637895713 -24.468380085745594 14.654290542216586
v 13.148546854893539 -24.753672525110233 15.744618201398225
v 12.586400328777927 -24.978212679885473 15.355714450980486
v 13.23736515327164 -24.733700392218452 14.998453920640713
v 14.48250273796566 -24.29908307698497 15.178483752715692
v 14.677647169947704 -24.182080729055087 14.304533713958335
v 13.912451429063367 -24.471738082760567 16.72105218922661
v 13.5808516327279 -24.5897955258788 16.18915774740981
v 14.230873375563533 -24.393938061532026 15.978098963003504
v 12.832765055257369 -24.78055577237501 16.92150823054726
v 12.538081546048488 -24.911869354355076 16.595542835229026
v 13.02218113939034 -24.764799202450376 16.382422038308505
v 10.942244051438138 -27.909457415675206 -20.975682585059985
v 10.537808962602867 -28.031164331876425 -21.291883532099746
v 10.977533131259406 -27.824030838815816 -21.495856557381558
v 10.938101959711275 -28.0096673696371 -19.766506161368852
v 10.400152765027087 -28.261755626179365 -20.051198786345594
v 10.931629263886862 -27.977058183416375 -20.39687615409821
v 9.81381914527583 -28.629253952296494 -19.08235642519776
v 9.299163947101533 -28.75944017229449 -19.52926511759688
v 9.930945551201603 -28.394321832583955 -20.429581696043897
v 9.8595381301011 -28.51935302129641 -19.772552483110303
v 9.511566893871077 -28.426685311706024 -20.93775215392816
v 10.047632936355512 -28.228912777325604 -21.11332914706327
v 10.960025296033564 -28.03316612206254 -18.229142138452517
v 10.364071159367995 -28.38767087866836 -18.656049791242367
v 10.949751366859346 -28.03714802239665 -19.053470183300306
v 10.940506035049111 -27.973052194151023 -16.128731867838724
v 10.32802930044545 -28.41460953047499 -16.81096051174336
v 10.955129220758863 -28.020965078389054 -17.254599131726536
v 9.708608329188337 -28.76042540958224 -15.385879815126827
v 9.130989482536734 -29.04846157821521 -16.160920702209296
v 9.74687841425066 -28.738013067955762 -17.42783708963816
v 9.72229445547282 -28.749958768958095 -16.443345354309713
v 9.188360283403199 -28.95172765703137 -18.004090093888408
v 9.778218113794992 -28.691543110699058 -18.30772264105326
v 8.55770543906192 -29.253720952425283 -16.875015388805878
v 7.9831880423075745 -29.37498945007792 -17.534995495816474
v 8.64302000239104 -29.081241795847745 -18.557969298802163
v 8.591790674544427 -29.1852385298007 -17.745452056941758
v 8.544066888416637 -29.367808539675025 -14.975910294338973
v 7.945768296518054 -29.5434722529626 -15.781575439707922
v 8.544768478539027 -29.31785773185402 -15.955455367637114
v 7.322911641442715 -29.793563537105 -14.663855052365761
v 6.675290962828512 -29.87802173892851 -15.487585691718778
v 7.330968184496214 -29.631394443098543 -16.520846672790867
v 7.324244963786896 -29.72557734646398 -15.627723049212364
v 6.703197387447744 -29.673246552236378 -17.21161363837382
v 7.394375671531634 -29.406613399010894 -18.153643814604038
v 7.357557546799853 -29.539085658583645 -17.367287152071185
v 8.806350785106588 -28.784743185669868 -20.038310003685183
v 8.32264865913021 -28.75871509546414 -20.642566390502907
v 8.9357209925588 -28.599053659199853 -20.78568595768411
v 8.099677898225309 -29.12045134922846 -19.104508606366835
v 8.713185036862797 -28.954926667100153 -19.30930908643677
v 6.788866058066105 -29.3839192168889 -18.748919847855177
v 7.5475469474963575 -29.092101086051116 -19.676897746046052
v 7.4580637946160095 -29.26145109046047 -18.916484862459583
v 6.982043026589054 -29.028585801048393 -20.331908306541663
v 7.671008742338472 -28.899977406046673 -20.496987343442015
v 10.92912160614469 -27.746370533388472 -13.554903035995267
v 10.304096947257676 -28.31947993211179 -14.515843023249545
v 10.925508266458564 -27.8750198795733 -14.87359496778663
v 10.99312469200504 -27.45569180899838 -10.792587952764734
v 10.346176696795737 -28.123656192268754 -11.981695887839123
v 10.962172824253685 -27.60916720772002 -12.225457805297992
v 9.753759417459605 -28.454059973168114 -10.310238420277528
v 9.147792716523782 -28.96318194383639 -11.57273569327026
v 9.728580462080117 -28.66286523805684 -13.075818758137757
v 9.743582446233631 -28.572770226322973 -11.765584450105052
v 9.13327612433477 -29.086218569042103 -14.082801124119214
v 9.715754310640932 -28.72129053188837 -14.272715849128872
v 11.031997000348383 -27.08437538727958 -7.534795471744019
v 10.377813894640894 -27.833480926541597 -8.958409152447985
v 11.012430765948011 -27.291829263125692 -9.23064599330337
v 11.107491710857175 -26.655842936077534 -3.813594885982411
v 10.399112123197483 -27.44830614267994 -5.394947405126004
v 11.053731238560431 -26.856289341825686 -5.726256327616738
v 9.805430777194488 -27.784185337650342 -3.068563989439781
v 9.137548898513614 -28.435487407181427 -4.779535133139007
v 9.757709399959822 -28.154263588303365 -6.964072081660106
v 9.763790650651572 -27.966598769471602 -5.079881648970968
v 9.14663524337766 -28.74631170476823 -8.483589217643384
v 9.757333612632465 -28.319000562380097 -8.711449429366894
v 8.521249250522033 -29.020935156486303 -6.470323064686454
v 7.91688747463013 -29.480602551317133 -8.082892730936692
v 8.545775395864894 -29.223804908717284 -9.916299481007172
v 8.535778489399945 -29.133688216945302 -8.276245548657698
v 8.54133761250705 -28.648770804387823 -2.4030077465143904
v 7.886512536781993 -29.204577123800846 -4.223266908469441
v 8.514912054935849 -28.840812582026047 -4.494554043210655
v 7.253754126520107 -29.349064942276527 -1.800515271686777
v 6.588783395179689 -29.837932939557504 -3.7222243653393434
v 7.264623052295974 -29.700004537058703 -6.022670626535273
v 7.246321486785746 -29.534619570731593 -3.9647830406827325
v 6.631737572921793 -30.075755731018944 -7.733556856751875
v 7.303509813998062 -29.83552404643342 -9.588348555531411
v 7.284265166829755 -29.793235927640126 -7.901656645629828
v 8.550797938028609 -29.35822596282742 -12.727944479855978
v 7.950454195867678 -29.639418466094867 -13.762135293673964
v 8.548024699819507 -29.384584071391146 -13.911298773703493
v 7.94397306891733 -29.60191200015288 -11.245479131237516
v 8.550696162294116 -29.30439201929039 -11.400912960069036
v 6.673817924683135 -30.100140956114046 -10.977188659542662
v 7.329623419909694 -29.874172327716224 -12.448445428454761
v 7.320321479111044 -29.864122425602545 -11.104207185082487
v 6.685634749903329 -30.038933390724196 -13.505307539910063
v 7.333253019624408 -29.85766659203 -13.631521495146444
v 6.012344906158887 -30.268067304687065 -12.23025150261492
v 5.294044292167655 -30.332517240221932 -13.316412981138456
v 5.99623242227517 -30.101687465499708 -14.414108239940106
v 6.0114373556743885 -30.20105189797505 -13.40309218242237
v 5.973037190383366 -30.33678579883781 -9.327320294382389
v 5.285966069076039 -30.500571260130528 -10.799193137710972
v 5.99748263780657 -30.31187784393478 -10.87377728661886
v 4.510561740243475 -30.736216412207796 -9.18338290798556
v 3.744149508331475 -30.80846875257157 -10.74418365432939
v 4.5426683711361875 -30.562831511815602 -12.10095295973315
v 4.535575987555603 -30.66650545408993 -10.755227224856753
v 3.747037470075611 -30.539556786450703 -13.238341959433455
v 4.53428241194797 -30.319824782351134 -14.273667361912885
v 4.54019865346072 -30.445768941557617 -13.262470637410843
v 5.930234772908079 -30.256360084104017 -5.640516594651217
v 5.2337436750390225 -30.549837942304293 -7.46607396647687
v 5.946207540990599 -30.322532378222604 -7.57987730433797
v 5.898569872791995 -29.947554438955194 -1.2832976134517367
v 5.200181169364441 -30.383128084758937 -3.344998928787163
v 5.906401184338392 -30.117400675348108 -3.5111827442965478
v 4.434244392732808 -30.479430814073567 -0.9239180099418718
v 3.668029690056983 -30.840429946541917 -3.132655903234081
v 4.477850778288257 -30.72320116265837 -5.4031924440664625
v 4.453434237582542 -30.621687997516347 -3.2143812158083165
v 3.7014684388473142 -30.93386850193201 -7.356381404732019
v 4.486828421850078 -30.75382542094485 -7.389680136609513
v 2.8634922077817464 -31.09467657132336 -5.339269453902489
v 2.0074298565847357 -31.216708688096332 -7.439870629296365
v 2.8916139272239434 -31.030980619336333 -9.185768916624966
v 2.874556253900664 -31.08835322687264 -7.369745943784437
v 2.833037475348874 -30.958017655500953 -0.784943395048117
v 1.9837688049850613 -31.224532772963357 -3.1635626042393596
v 2.842252997106698 -31.039040775729518 -3.1084450217788344
v 1.0826114475598274 -31.36978902834562 -0.946872879466639
v 0.0945095718564346 -31.432786401326666 -3.3927428893948672
v 1.108191860034026 -31.40269450842061 -5.584388180413498
v 1.089032126348343 -31.390127312992263 -3.3009854402937435
v 0.12477957229785375 -31.333691764881223 -7.691337391412617
v 1.096613364677296 -31.187883872973543 -9.311675737988026
v 1.107671614397134 -31.320929449109826 -7.594552281249889
v 2.9070151854127744 -30.768481126711777 -12.08236714483428
v 2.043287435183288 -30.65860187574981 -13.266263439634713
v 2.913635425941038 -30.449218476511305 -14.23456982206244
v 2.9139711654202074 -30.611402023876508 -13.241114595419276
v 2.024898095629851 -30.999359079296482 -10.795862842966926
v 2.910374085762669 -30.92315615420921 -10.767643864464844
v 0.16570482216724258 -31.03686554523847 -10.910550244604565
v 1.1226054720419825 -30.864017828012948 -12.164023803954478
v 1.1098627285272187 -31.042420452782608 -10.862191715138579
v 0.21805138711701488 -30.670696928125835 -13.355954961770294
v 1.1541925347989945 -30.495259650791922 -14.276568873680844
v 1.1416288774324244 -30.679130462953253 -13.308079415375687
v 6.156178107928099 -29.311288680304642 -19.350902239563766
v 5.494289555339947 -29.215489409652946 -20.013769404983577
v 6.254374227238259 -29.1281670339049 -20.170931614631627
v 6.051335250265311 -29.65650233613087 -17.84922355938761
v 5.367338478807596 -29.5864709952275 -18.45630316894676
v 6.093430055385397 -29.492471167739495 -18.60430556249048
v 4.562654656275072 -29.790338029211853 -17.568174385261045
v 3.795078025649218 -29.681036912599666 -18.18908826803181
v 4.647160132626141 -29.479412558113836 -19.071630828562775
v 4.598662790693879 -29.6443928303961 -18.317208862175903
v 3.885256144195864 -29.356713177945494 -19.77150702349445
v 4.707005468954321 -29.295758546333673 -19.888037228372013
v 6.004275114193206 -29.90398719791301 -16.241110345416928
v 5.295376410065273 -29.86343589106218 -16.924242324243096
v 6.01632198870675 -29.77986175301521 -17.061920201856992
v 5.27954335778395 -30.104763622019163 -15.248369355585055
v 5.994438399121009 -30.003125194434688 -15.35620104739155
v 3.7371619116017882 -30.244171084896152 -15.119638107034007
v 4.532883748377799 -30.061283101129447 -16.019187453021004
v 4.526924447900456 -30.18384035660347 -15.168748211154707
v 3.753279213271753 -29.9779113101049 -16.723302095404506
v 4.539357949760415 -29.92723301656042 -16.812725025956752
v 2.914118409012417 -30.135513142748096 -15.889039775312995
v 2.066633373451168 -30.00266750474111 -16.588666649806328
v 2.937663532630495 -29.851434785517995 -17.364998703603305
v 2.9258858519235673 -29.999747926274722 -16.646482493677468
v 2.056402051574082 -30.31761582735635 -15.111875448941646
v 2.918032559227413 -30.293676247489202 -15.11179475102199
v 0.26016222643195874 -30.314689022210587 -15.15460559962321
v 1.1783279877882933 -30.160934191886554 -15.876565322269926
v 1.1676899393627878 -30.32489550237733 -15.127976490583023
v 0.2892253525987343 -29.990331563052678 -16.561013761188406
v 1.1959912718985493 -29.842411071875176 -17.224453038725187
v 1.1834237000806525 -29.99424360548619 -16.55436882950562
v 2.9902460561895623 -29.546926605702538 -18.821062583581806
v 2.136998647163864 -29.43385557135116 -19.578190941393586
v 3.029841032470131 -29.404447804092342 -19.652953348392657
v 2.0960829952280164 -29.70250978590775 -17.979969847036955
v 2.9588431232007224 -29.698455618779917 -18.07519098333887
v 0.2961190965939693 -29.677363350585438 -17.883331077131515
v 1.2133101595699713 -29.565373909246773 -18.67763467808072
v 1.209657675370579 -29.696766984699934 -17.905725352059562
v 0.27988494478800874 -29.462405772657803 -19.537038615708298
v 1.2168308321487302 -29.452770200161467 -19.536942259983334
v 11.34400165556599 -26.381877112182337 0.21182761652191573
v 10.544845339418316 -27.093941101875316 -1.3932857162717482
v 11.211306573379261 -26.48766606261961 -1.819283409683976
v 11.645819101761845 -26.186920573863972 4.078299118038785
v 10.835066374114831 -26.881927191345312 2.6513280425431276
v 11.498267171232328 -26.271027077291365 2.1837859760896663
v 10.316329306541775 -27.34189328892353 5.00272028553195
v 9.532221345740254 -27.916274583216364 3.5113329990051625
v 10.031416267844179 -27.506179799986057 1.080071420316301
v 10.182463502296741 -27.428820606199224 3.093461104323751
v 9.25740096700929 -28.07642020699859 -0.6208240385850274
v 9.898356238349152 -27.61470043522604 -0.9968460448269525
v 11.852243175797412 -25.990123641198807 7.539894496264424
v 11.093714046633977 -26.694541804115943 6.338837246848016
v 11.771949950185444 -26.102763483680974 5.865348827717753
v 11.906073505994755 -25.671622201225546 10.49832720429913
v 11.207175321671457 -26.370733572590325 9.543298038548073
v 11.892568046694578 -25.830599511842593 9.078352758882374
v 10.549390920743463 -26.664315013194937 11.413028488036616
v 9.854647474835929 -27.32271849965582 10.438707099478052
v 10.488085795182087 -27.05305014109399 8.457838150146927
v 10.530295624948849 -26.868803541605303 9.997710433028715
v 9.749034975819995 -27.681400276938803 7.21803505927619
v 10.420646423280232 -27.215118061589237 6.787817587333848
v 9.135827744376456 -27.948886178330213 9.319888256871309
v 8.393919977769201 -28.521465620566232 8.045987886052444
v 8.991182745624428 -28.253693060893056 5.83350145394752
v 9.075132670998755 -28.120647484756773 7.643820167870217
v 9.197228021216233 -27.497303028823808 12.287561478930002
v 8.481978270366653 -28.11710641186437 11.283348135594679
v 9.173675068695502 -27.735128229178372 10.866410891445412
v 7.800479521078614 -28.23210696960814 13.128643375455795
v 7.045102428568043 -28.818988010321846 12.085401145724063
v 7.742787735203365 -28.702065155865057 10.126267639051548
v 7.774515266540675 -28.480439761769958 11.690788318602245
v 6.97854892711257 -29.23127488629507 8.806347171766902
v 7.62507657047172 -29.01089488994512 6.602066634089169
v 7.697543302323538 -28.891524600074263 8.433690803247828
v 8.73961721889009 -28.408568026519788 1.863938868194964
v 7.965745247196082 -28.86369465781172 0.07839912047629127
v 8.614676965893068 -28.486895595342503 -0.26377718459315247
v 8.21061525549203 -28.740275018599277 4.286732510051479
v 8.877174651847781 -28.35110628993789 3.9080713731973447
v 6.818701403854448 -29.406018402409245 4.99668028713495
v 7.408468298530806 -29.134704769843665 2.574570770925675
v 7.526263774521794 -29.089875268804462 4.649423889939499
v 6.623906261375396 -29.507247318162626 0.7074696282820696
v 7.3033857560021715 -29.198152605838914 0.4015798353430853
v 11.918476896690663 -25.45368482250342 12.972861461567845
v 11.226332044240735 -26.00998014722063 12.252684319832952
v 11.909561583238428 -25.54774005453328 11.800891596624751
v 11.931784826754665 -25.287237534308588 14.94933056760783
v 11.249601951819386 -25.706522244807275 14.462042804216253
v 11.922833379905569 -25.37180413632268 14.02996687122868
v 10.629327630173066 -25.875436239561168 15.82619536704533
v 9.930110869734108 -26.40431113384693 15.363940820999233
v 10.56588702085719 -26.239706648892025 13.867603861325733
v 10.590545655321876 -26.053330587881646 14.905727193168786
v 9.887668581780872 -26.858069513844384 13.143925393434984
v 10.554672418918017 -26.444168679478025 12.699949528414436
v 11.991554282949437 -25.12984045758094 16.410226687193244
v 11.324033136013895 -25.446405147482437 16.170830888521778
v 11.953958687961858 -25.20731527823773 15.743145163252848
v 12.19671971032767 -24.95961843386067 17.289532899812002
v 11.53158216313841 -25.210928617923855 17.377226245101156
v 12.061130343052355 -25.049585774258958 16.935099205553342
v 11.204170227499162 -25.27266373090788 18.326180784616554
v 10.372155404692421 -25.680980751012612 18.435128998386062
v 10.799258177825322 -25.55927142591827 17.320713612410145
v 10.961513991984248 -25.41421269977218 17.886421687009715
v 10.062023061655509 -26.015983108885848 17.120918812252057
v 10.692723674966146 -25.709986233119707 16.63274698508394
v 9.57172056851914 -26.179532498652407 18.35694957649048
v 8.788765263077494 -26.75151212650053 18.124579314615403
v 9.335169672627217 -26.562792212480417 16.77715169674684
v 9.433330862987077 -26.3694207258377 17.619265803976305
v 10.015105050277725 -25.79871781134534 19.527097113785203
v 9.13180730175236 -26.344079170172336 19.549425144152337
v 9.76347689232216 -25.99413685714353 18.993603166934008
v 8.698973771877263 -26.441827235361416 20.69964029529183
v 7.756048691851447 -27.02159963246595 20.62402273123371
v 8.270251018118415 -26.93524804064691 19.40857957208027
v 8.465355703363912 -26.70203105283872 20.094988850001755
v 7.411927469056991 -27.511587765049626 19.106874139414685
v 8.006506729971989 -27.347110951430295 17.741488223306078
v 8.119212214791787 -27.14804965922849 18.625294248280625
v 9.234782062797422 -27.006189943151185 14.768718987843386
v 8.530881209678682 -27.622654600321766 14.018111503718501
v 9.215819256124632 -27.25467931336607 13.585031062298185
v 8.608271719076129 -27.155300427531984 16.291706736595188
v 9.271890459150654 -26.772797106144935 15.828280264044224
v 7.20775450564588 -27.923718062969783 17.20410511850605
v 7.86587253827156 -27.74691253434139 15.657256078913633
v 7.923342705979394 -27.537598993003485 16.752048621500762
v 7.101168211584536 -28.324495247596133 14.870736816094904
v 7.826195659624773 -27.978072327421614 14.4531407396762
v 6.38968958292071 -28.47769844139475 16.511955448269873
v 5.54762485800029 -29.019993279274786 15.670288190714928
v 6.3114150097467245 -28.885186802264798 13.931154075278755
v 6.34449633901977 -28.675928665468746 15.27910924074149
v 6.540208065332536 -28.060321574250338 18.650693617380966
v 5.650824248329172 -28.586968242396324 18.042676948396547
v 6.453502968447538 -28.28085092197398 17.636122033612082
v 4.883959144509845 -28.557136509947668 19.46000100915353
v 3.8997167296197404 -29.036253307862353 18.7456666376911
v 4.742854014203658 -29.086102942172147 17.27292237727488
v 4.8034948874860675 -28.829249895030443 18.414504055457655
v 3.828863353937777 -29.576893236166143 16.320972379159684
v 4.689696066299575 -29.536197395727868 14.650480877740847
v 4.706665212800544 -29.329345743162776 16.02310069990108
v 6.806381722194601 -27.55850095864116 20.389649474725957
v 5.848117412977899 -28.072028794833386 20.003927872125132
v 6.657709054139104 -27.817430471655825 19.56345212881388
v 7.2174846271973365 -26.98212269194846 21.778764192553353
v 6.1793378086463235 -27.506456822695327 21.602715056365923
v 6.996595149951645 -27.28381728459499 21.122391402996072
v 5.537007059332609 -27.36434899062624 22.745421687637645
v 4.436654490303454 -27.841483269499804 22.414875782043964
v 5.148142453428136 -27.98708881438506 21.261252047133894
v 5.329696512627379 -27.685076247846155 22.039148677014964
v 4.099640104448326 -28.45648091075782 20.75345737657699
v 4.999998236301735 -28.27963683983944 20.40468578560649
v 3.290428767289086 -28.282640729565173 21.926335394227863
v 2.1002420997625677 -28.67200216967649 21.27074549493591
v 3.0316209033771884 -28.895270428882213 20.075081757224325
v 3.142545011731727 -28.587264536250586 21.04297983226752
v 3.663948723993144 -27.67747137225342 23.485561326691823
v 2.3678916553305953 -28.092713960089895 23.01168868910827
v 3.469145150388158 -27.97950802772357 22.735171847394668
v 1.2484545552479744 -27.876580842317708 24.004627208176316
v -0.07789600526882268 -28.16051225706724 23.248803265991228
v 1.0712805412495072 -28.4286533773884 22.343599043395443
v 1.1606920295594136 -28.1498360427413 23.20053145667771
v -0.04800933406038155 -28.7329158501052 21.457302222930593
v 0.9932649993642713 -29.01664010004606 20.422094856214244
v 1.0177188026354997 -28.716149953961576 21.423859559688935
v 2.916991616286168 -29.482739239518196 17.845711393212696
v 1.945366080245094 -29.9222899678698 16.737728956324645
v 2.896439241263124 -30.051777608861812 15.161686540961455
v 2.89942717207191 -29.774831984172124 16.566432566271033
v 1.9791005206664067 -29.292092210998817 19.21172603042669
v 2.958407715768544 -29.19023457414005 19.01335127276525
v -0.0295059437682319 -29.3512425816607 19.352122343931114
v 0.961628253186575 -29.67284667597778 18.13787760910691
v 0.9728323914962402 -29.329603494727053 19.33098551121384
v -0.014918914979688225 -30.068290571227408 16.83301513274091
v 0.9755006170207139 -30.357458919628698 15.398475917272663
v 0.965132515180926 -30.02404884011048 16.834061796803326
v 5.991316473632196 -29.7292701796232 3.204856753507329
v 5.1863619517348525 -30.06054116204723 1.2115116950191123
v 5.919929528123248 -29.793423821303804 0.9803745605898371
v 6.172648312440742 -29.661137046501608 7.31223241600037
v 5.3230292986831955 -29.97567585728575 5.606259123310338
v 6.083708364959875 -29.696839251493657 5.321530364936734
v 4.587437649847288 -30.198166044012396 7.872432556471722
v 3.699032144563944 -30.47550431828131 6.005104375651172
v 4.466640994135332 -30.25439683620789 3.6663654460198813
v 4.528131604467262 -30.23177251198649 5.836289747738647
v 3.6428651880362395 -30.593939957620023 1.5141531332192244
v 4.423884044517763 -30.31953330628312 1.39377637768996
v 6.266658377724525 -29.36602354987008 10.879692323685049
v 5.450324244709009 -29.836056411813843 9.487704398583901
v 6.231139850833188 -29.544286458838542 9.162452035630395
v 5.502874248210901 -29.43032172513813 12.828963821907564
v 6.288772618826897 -29.131594888820473 12.46475363490481
v 3.80948892765241 -30.016277750892186 13.420837293620934
v 4.661096783795529 -29.92739682129286 11.52068192175193
v 4.678618771268475 -29.72380199223153 13.149620016780318
v 3.7856920747028653 -30.366629575752086 9.986802964962862
v 4.632607708151909 -30.10394218946385 9.766287468374685
v 2.907955858177729 -30.460981101636207 11.94865671419575
v 1.986808075328554 -30.904455916886945 10.192553151146967
v 2.8822490540924264 -30.7193132091561 8.181419470828132
v 2.9029983561283643 -30.615258661768166 10.131661150756372
v 1.958671601415972 -30.507954517555845 13.757877575077146
v 2.901100148346586 -30.277358405466657 13.625953338690124
v 0.0052333444245280525 -30.742055569140575 13.781430527597877
v 1.0151102724937573 -30.994548519727687 12.067907763856965
v 0.9912869969977578 -30.6734237951423 13.813794006719945
v 0.045453258507389904 -31.670096098552676 9.972482697563464
v 1.0923320088166975 -31.438760456274395 8.092573470179104
v 1.052941186228395 -31.319546744456602 10.139546662398061
v 2.8184910731074524 -30.759573039938914 3.883935468540585
v 1.9617220128901636 -31.096755446089446 1.551625272434194
v 2.8209701252437753 -30.852577994566673 1.571387229400898
v 1.9708801728804701 -31.021703971915485 6.099099385352929
v 2.8405179918340764 -30.72402741299993 6.099131303186823
v 0.06020681144287465 -31.381623920264246 5.926524475273709
v 1.050786506606812 -31.266541460154258 3.7977738781667085
v 1.07483892806124 -31.337729069757188 5.995492289862796
v 0.07497978137430295 -31.37382151543534 1.3638234478059985
v 1.0739856529499434 -31.330873359926045 1.437915128625832
v -0.949294193445894 -31.289789687694793 3.6005626158842006
v -1.8759810754780801 -31.10329318202821 1.1697609099483088
v -0.9309480634128704 -31.336428267470183 -1.1221589987570155
v -0.9430209088054085 -31.320862000102352 1.2499522092699635
v -0.9978214207084761 -31.438158232993374 7.935498582906803
v -1.942674593846391 -31.134273956497054 5.720175076924988
v -0.9666775190083854 -31.315066203245806 5.840993713786702
v -2.8887142221258273 -30.857121166998695 7.666054853628793
v -3.6988189575224624 -30.536259011763832 5.303522082164363
v -2.7827638758492412 -30.803689508613388 3.323889196117534
v -2.826038436376848 -30.811149850618676 5.557655488968976
v -3.6129084942567715 -30.60677935797139 0.7641891999480208
v -2.7465696544365983 -30.926940525307145 -1.342653793919908
v -2.7605171456250446 -30.858060635317088 1.0065524538367185
v -0.9854639495377455 -31.030927623687603 11.926757466804702
v -1.9843731360475658 -31.062219145369454 9.866087308282204
v -0.9989724952322376 -31.403843550440797 9.97000876432503
v -0.9902628410304715 -30.388841979249264 15.290596047603685
v -1.9660669033069098 -30.565317489519657 13.519147835354488
v -0.9854507006255631 -30.70242205057002 13.691761889946974
v -2.923771747095543 -30.12658578483024 14.85604136359143
v -3.8450210045675703 -30.08694263068719 12.944476269440202
v -2.920501072456318 -30.54489971139992 11.541865727885124
v -2.9209885722023046 -30.34122779775862 13.269556396535336
v -3.8111561828059166 -30.47028424688142 9.388996389484873
v -2.9131301606082616 -30.745163041270644 9.670885062865182
v -4.71689608301017 -30.048739994632342 10.860456107642676
v -5.5214179074800995 -29.957168331413413 8.623397159002252
v -4.6236372912694605 -30.28745889433594 7.074015770513142
v -4.679768716623585 -30.21030204757153 9.033812325018062
v -4.740688720396747 -29.605602424418976 14.129279512501853
v -5.575903456607193 -29.554892815263884 12.12617527518887
v -4.732663492953861 -29.815385699916078 12.556245804650644
v -6.39032071291922 -29.004858203776166 13.230096318269716
v -7.151278006351731 -28.979687679522613 11.213532390625915
v -6.3630683027831765 -29.51437523291679 9.989219084766319
v -6.3793873492522835 -29.277337740613802 11.67150392469739
v -7.09232877826571 -29.38758796111688 7.72675896035571
v -6.2538520996536135 -29.76750413128866 6.240446007194805
v -6.3251240205158865 -29.68646655770135 8.179258091472548
v -4.470600612208045 -30.28006841023125 2.760900159631774
v -5.207601162409901 -30.085188956492857 0.12065330775159566
v -4.411866678944989 -30.467656144483044 -1.8400857073686439
v -4.420751580121532 -30.340774925851292 0.46887542643659685
v -5.365369208678658 -30.03415896455226 4.595823609035506
v -4.5477156044544245 -30.284746480678223 4.977624738076884
v -6.903793746792871 -29.49203756697716 3.7341179740278676
v -6.041099261157797 -29.76858331540825 1.9938352682389677
v -6.147115249772014 -29.767747429494193 4.175639478066614
v -6.69819893421527 -29.557075272434304 -0.6641966485905755
v -5.941487314913957 -29.96651483673486 -2.5106649441252102
v -5.967328113679287 -29.828128744542482 -0.26124470396011645
v -1.0034388089180197 -29.70906920188463 18.06338740703086
v -1.9747950758745674 -29.989305374581818 16.55814356503106
v -0.9960893512743496 -30.060097925712398 16.741008664313085
v -1.0630717862617303 -29.04424360635494 20.36468370638795
v -2.0201376711492003 -29.349339556092673 19.081824059817336
v -1.029542252311785 -29.371660359780435 19.26336667677424
v -3.053710754436679 -28.955446988014955 19.910545925723454
v -3.9278149623539775 -29.1314575819124 18.489537462933185
v -2.9459977006165445 -29.567103494509865 17.61880931872929
v -2.984539689490248 -29.270026749982208 18.819449829635232
v -3.8657031587076744 -29.66343272164886 15.96524992707964
v -2.9308906285004923 -29.86013811637531 16.300813557050787
v -1.1728419595319224 -28.428496799335335 22.30355842188692
v -2.15346463611354 -28.693328100504004 21.181276795414306
v -1.1016395201806972 -28.728288366413835 21.374768726713228
v -1.3857371485557906 -27.84329234823599 23.96661969246452
v -2.425609035695288 -28.07331755265477 22.947484460672058
v -1.2771317503890032 -28.13568620453043 23.161948215509256
v -3.6731621379694843 -27.677943515305742 23.41909755650522
v -4.433910158811841 -27.872965093738458 22.297027912627527
v -3.305620150664481 -28.30510606684038 21.811992464306968
v -3.4757009530253526 -27.981044901536734 22.649889804122722
v -4.110212736369931 -28.52594134399078 20.575288414440365
v -3.1614780083521055 -28.631636347596213 20.90462264679263
v -5.1590860548908495 -28.07247444006134 21.074806128222917
v -5.868469548760004 -28.174247765660766 19.73680089580921
v -4.910475035573199 -28.663932377710807 19.188183917925016
v -5.017981225696303 -28.377984719416418 20.179145940184753
v -5.543379786092373 -27.422656248694693 22.618889758508885
v -6.183369693512759 -27.595980926758784 21.426046834645604
v -5.335975292555304 -27.75646138668526 21.88602497668944
v -7.202011704438064 -27.064383983242806 21.631433880191253
v -7.745890389547185 -27.099879023426183 20.41004316391445
v -6.811961923116542 -27.648608014840647 20.145008311276797
v -6.989731008994568 -27.372139350989528 20.93204307722408
v -7.424497675601742 -27.58229359602774 18.771935617209238
v -6.568113887728487 -28.138591329638075 18.28388062135764
v -6.669783028700294 -27.906007880721518 19.269946568342675
v -4.782448990484227 -29.179042856685555 16.89054793166997
v -5.603127562249028 -29.088449204075005 15.131980070955251
v -4.75253445233443 -29.40591000221866 15.574250439643947
v -5.688918484193437 -28.674977152684733 17.656118255435103
v -4.834259764908666 -28.933576647341397 18.09664819884165
v -7.248537668459903 -27.98445830309356 16.714076034739264
v -6.440721381531148 -28.54456208783995 15.989461711869808
v -6.492701079585913 -28.347895235403485 17.195056111485428
v -7.176063709928712 -28.431630769289768 14.198517123120837
v -6.4093907153360306 -28.75551849428848 14.667367218540676
v -7.929399867739903 -27.844292038882486 15.0346499487232
v -8.622349290493275 -27.77635643499707 13.263398061263615
v -7.903972796368635 -28.39287408781638 12.304120210264955
v -7.910993515378777 -28.109053482150557 13.731730244661776
v -8.032781129499654 -27.406196281977827 17.29777131429637
v -8.65483983872764 -27.24649389453043 15.734270800983722
v -7.967009916086226 -27.60791699218862 16.221523635425
v -9.359830113761745 -26.64566536262828 16.293314672755514
v -9.97972985252727 -26.53171508228661 14.784219010650304
v -9.307442710545729 -27.14965879983538 14.098061462060286
v -9.319916561365517 -26.881922373559064 15.254342206086221
v -9.982138745651355 -27.03459320197726 12.359300725058347
v -9.312232192299689 -27.68295642189696 11.395202678918395
v -9.31020390428921 -27.417443403974175 12.806679151616663
v -8.268424474907079 -26.99824300473483 19.112027966253663
v -8.797381873782342 -26.81294371895092 17.73691253081688
v -8.130404534469562 -27.207496323744635 18.259704969964332
v -8.675197394519273 -26.507929671579404 20.52024761544817
v -9.109437717978835 -26.403506563543488 19.307288025105663
v -8.447816552527456 -26.76992088775478 19.8692020930348
v -9.974374280889151 -25.853358734078938 19.334544650804673
v -10.339700387631638 -25.73494959256459 18.16731669197634
v -9.560953418477766 -26.239959582670053 18.02818625180862
v -9.739182602942492 -26.04938000315815 18.73000642349143
v -10.06726180197711 -26.09144891267715 16.709488297784446
v -9.4385117898737 -26.438654723116997 17.217982751793897
v -10.77805750944026 -25.62710344739935 16.989879844088136
v -11.31177909669168 -25.53332523807876 15.785698260289792
v -10.647536453298017 -25.980613331144923 15.34378440778346
v -10.690883280619346 -25.794249314600165 16.2290502219912
v -11.145364328554024 -25.322284520370886 18.131210997386006
v -11.486363625859667 -25.26849875469634 17.118309980998674
v -10.922056322611752 -25.46980513528979 17.62093878025098
v -12.134575085512552 -25.01079295938871 17.085935661857548
v -12.479153998000584 -24.96951657570753 16.36756639441228
v -11.95210143136319 -25.19955864237818 16.113856952797505
v -12.009343958670797 -25.10870723820335 16.688932008310076
v -12.547202819862832 -25.0519705784518 15.030147727474287
v -11.924837578984807 -25.385698631862397 14.515673196284297
v -11.928723123593954 -25.289523573883343 15.383693744616721
v -10.634038220677212 -26.398019105006824 13.195562426442848
v -11.30473669764342 -26.184632125396092 11.50075194448982
v -10.65877514416843 -26.859603978764426 10.522439020024649
v -10.644015855997168 -26.62852608805042 11.925863767455667
v -11.281830532926506 -25.835060781908396 13.908369559664607
v -10.632639858218681 -26.18131507956423 14.33233595394995
v -12.607649175025472 -25.11872823359954 13.129626203850421
v -11.953054148593765 -25.591451829162907 12.36961319652255
v -11.936877226818979 -25.486089252808597 13.510257815280056
v -12.647316418099763 -25.20176037069359 10.694343655592093
v -11.987425440134757 -25.858959410592433 9.685186059119587
v -11.967343702605831 -25.70469148603297 11.090381342996807
v -7.498861410788777 -29.19234717340987 1.1415795704012908
v -8.086044767589556 -28.940906909117984 -1.4508377863458009
v -7.354541010385219 -29.39714404014012 -3.23977004600124
v -7.40288448426918 -29.26325776030353 -1.0640734341338884
v -7.743764541365181 -29.144624591728643 5.342624439801057
v -8.328717263133058 -28.843727342706188 2.865286833159189
v -7.6299208545442525 -29.18608164239413 3.2956148130735983
v -9.131968095368393 -28.4097893353337 4.47499774549442
v -9.665007363642417 -28.02862535852364 2.03566193344318
v -8.863156700535455 -28.491421905522657 0.32480084604856074
v -9.00509229674617 -28.459629334070996 2.445250548005788
v -9.406012208290122 -28.172012312841616 -2.1769668513228453
v -8.691397200778738 -28.720102947578198 -3.927170583443285
v -8.750239835344019 -28.573668743458256 -1.819623063614472
v -7.871373847943687 -28.88721027248903 9.079475303078198
v -8.534039870787637 -28.694508458134806 6.828607374603962
v -7.826864729689987 -29.057140820141285 7.274934319313616
v -8.609454485600054 -28.308365299237266 10.301242408905637
v -7.893021968226549 -28.65448469887815 10.754649090506973
v -9.984828274824395 -27.52164007605643 9.417397239417824
v -9.277364668775135 -28.14196859779804 8.186810573639832
v -9.30510789088521 -27.93432682828825 9.855723647839113
v -9.893975666203005 -27.869265033899865 5.961453425572927
v -9.219686131812068 -28.293743317974076 6.38739511222002
v -10.62434603919246 -27.25410840569566 7.328644807078035
v -11.21766484678028 -26.86584782974205 5.132683984027608
v -10.452788284234884 -27.49030278540522 3.6438519308821924
v -10.558533874595923 -27.39765675585295 5.5445643592861416
v -11.3219831679653 -26.5729625592503 8.566231716274615
v -10.654855875055546 -27.06792505613521 8.987065345052088
v -12.666128668952297 -25.424154201695274 7.752125809398876
v -11.95778762358259 -26.17828469201413 6.505794015938591
v -11.992479297909085 -26.035039862390477 8.15729982619996
v -12.538297141983094 -25.58194633689527 4.309493538957668
v -11.753989243052274 -26.32776614593604 2.8319393211959323
v -11.876046653203048 -26.263641410972923 4.7220700843290615
v -10.173150721479033 -27.618530575293335 -0.4370742733031818
v -10.703687752020414 -27.17942308327656 -2.8517208504192695
v -9.981371513191334 -27.84995775551033 -4.546830035119683
v -10.054949949219917 -27.717935958951784 -2.5201915142076814
v -10.963374861922603 -27.0068716599053 1.2441235159666917
v -10.31521760236501 -27.54565433161042 1.6354811004208614
v -12.280468493126136 -25.692220646329588 0.4676377823161886
v -11.47619689242947 -26.462230560122407 -1.1676259531391793
v -11.618204755433908 -26.39115616849631 0.8557875115471347
v -12.019944292863329 -25.903198732816236 -3.4925707326849533
v -11.276930844312119 -26.72854333056239 -5.117537466286649
v -11.357032562920722 -26.580909497666653 -3.1760129683511877
v -0.6404746218836976 -29.562338703910427 -18.684023062645792
v -1.610451646970887 -29.434696275051465 -19.595772247859713
v -0.6649744199580141 -29.457438635035942 -19.54806411953723
v -0.6174064967431434 -29.80426865814843 -17.21709868801736
v -1.5441700493267945 -29.669948777549507 -17.97859798240279
v -0.6243429044939433 -29.672726231321576 -17.905604907403358
v -2.4283069959942623 -29.79354426596001 -17.417901609947876
v -3.3364711460162653 -29.627858187992388 -18.24887458647845
v -2.4893513588749556 -29.519313463821163 -18.834958283568085
v -2.4501640877556383 -29.651291900303477 -18.101417807227335
v -3.458901934601272 -29.362836584266915 -19.790172331866415
v -2.5459603472909293 -29.40448875527545 -19.676786936962344
v -0.6329691884102431 -30.13000641306644 -15.92747727844744
v -1.5250860452186998 -29.942028438128546 -16.639508748083244
v -0.6182647025575534 -29.971342258555524 -16.5865986150593
v -0.6812040362698895 -30.45531538500836 -14.358193012743868
v -1.5639121329252248 -30.245948848021726 -15.230953058297928
v -0.6542637283492354 -30.287579338992145 -15.187473741854774
v -2.4947665506178964 -30.3392452787175 -14.459022052238652
v -3.326531149651373 -30.124836928422155 -15.35759218317071
v -2.430726277469944 -30.047292249864768 -16.02519523247247
v -2.4606272655959174 -30.195188652111028 -15.296419546731158
v -3.2989517322737356 -29.890417902945046 -16.85974541529231
v -2.421238701344919 -29.919394478334652 -16.735524819116108
v -4.15029762128961 -29.94929125089766 -16.258893998905478
v -4.962302371137866 -29.771659471927705 -17.15616934978334
v -4.160743184098919 -29.71589841389141 -17.7030073600954
v -4.145446712760986 -29.836844119865418 -16.998614490556065
v -4.203274299986106 -30.169447220187067 -14.623368785629282
v -4.9744654747446475 -29.966690685932917 -15.599299314794735
v -4.166676588975179 -30.05125247016076 -15.46251272763675
v -5.770691372406873 -29.943232884690588 -14.882457285590135
v -6.487212416602688 -29.744773815769804 -15.943466306558548
v -5.735361943625776 -29.77778528714225 -16.57323287156032
v -5.747471449360546 -29.865543672545755 -15.762887246851278
v -6.494825121098074 -29.584938939200583 -17.52435902822708
v -5.775481456384114 -29.584493293972628 -18.063362113653056
v -5.745658155061392 -29.688976624336647 -17.337340997199135
v -4.259510512191127 -29.45619323729079 -19.14188980986637
v -5.182684174157657 -29.214643888166393 -20.094045768343676
v -4.338491794385391 -29.29676064587329 -19.944941306195688
v -5.030990754124559 -29.539752921979016 -18.591674531394347
v -4.19884705553568 -29.59222824979406 -18.415311034654223
v -6.579608523493334 -29.3411204127533 -18.94457616962609
v -5.89272710251953 -29.289984429515243 -19.486005010428016
v -5.825346748499214 -29.457824057935795 -18.773833824991016
v -6.782691462765797 -29.01951150064997 -20.439785767317517
v -5.998369712699514 -29.12212071216345 -20.26434126330423
v -0.7468983909370763 -30.81757436858061 -12.276903331302492
v -1.6362314706290135 -30.573047627554843 -13.452195059863698
v -0.7132150642167403 -30.634231104013452 -13.403671521218712
v -0.8225299566864805 -31.139472347858828 -9.46687710863307
v -1.7144598231661803 -30.904253569864522 -11.03049746437864
v -0.7822794603645207 -30.98916464359536 -10.966373933862087
v -2.6584631839766644 -30.907197237262153 -9.595398181259043
v -3.4978392830589655 -30.65226166904722 -11.209089187258542
v -2.5789242430241757 -30.64333190223624 -12.394487426921842
v -2.627538416272955 -30.790794703720167 -11.122000474143533
v -3.409544918935353 -30.394599233815825 -13.582322261980153
v -2.537953186546474 -30.491723395685767 -13.50909793324081
v -0.9009440951058423 -31.335544203693644 -5.724203950675019
v -1.7920448506833964 -31.13018365597236 -7.75102494524117
v -0.8751235460983366 -31.26690761190912 -7.765771586723531
v -1.8409562211213597 -31.16960760084112 -3.520521721826981
v -0.9184735350918913 -31.34831856393066 -3.472669361028693
v -3.585052957504786 -30.77996672912741 -3.8448328097922513
v -2.7156427789514055 -31.004670688635088 -5.840460746182998
v -2.7275156109367344 -30.978840127665535 -3.644653188957591
v -3.5429325578952557 -30.810908961306268 -7.9516387690614465
v -2.684228403720226 -30.97861850949812 -7.823453134803003
v -4.398445530904155 -30.627633145746586 -6.22389811587891
v -5.153510069531876 -30.4232626530993 -8.32248364995121
v -4.350716926990117 -30.581517295779122 -9.833805731526354
v -4.366904387672321 -30.626587686130733 -8.12351931569765
v -5.187703102981686 -30.34169994081094 -4.380745586451667
v -4.404972426823861 -30.568147938940456 -4.094967152899244
v -6.6484763690177715 -29.829730658469998 -5.008313434254433
v -5.9269996294424345 -30.17959347802571 -6.72385665710317
v -5.929768049865288 -30.09315275716108 -4.681174004649847
v -6.6300344854830655 -29.953747703177214 -8.776827993201096
v -5.897958616161759 -30.181727757333647 -10.179345190147615
v -5.907636344287766 -30.200119656336028 -8.543352049382065
v -4.287139311877809 -30.39292746198771 -12.58028535358244
v -5.047884622715401 -30.163453894094346 -13.800015138050185
v -4.246685866310145 -30.284732027319478 -13.678374466409878
v -5.124213111356767 -30.327388706760757 -11.460478864794823
v -4.331411756382067 -30.497208445329306 -11.324996693263529
v -6.6018685026297135 -29.943608672017945 -11.795882303373219
v -5.852787052298936 -30.09441019937185 -12.872508178465068
v -5.880542921097913 -30.143551619103164 -11.618991259038921
v -6.539963562680441 -29.871496047455366 -14.106269765380603
v -5.8115293375394685 -30.027305663614243 -13.943599621604335
v -7.267666688758254 -29.722214531662758 -13.205676164224315
v -7.905648181536435 -29.48599847191508 -14.440796366861832
v -7.208654829451007 -29.648056756837832 -15.232838017167524
v -7.237515777970657 -29.694213557988405 -14.274400869869169
v -7.312405254082023 -29.710114661500484 -10.582333738661873
v -7.9590370820687895 -29.480768764942695 -12.15677544454411
v -7.293038355587669 -29.72512447455665 -11.978164450519216
v -8.6277078732478 -29.14309494459485 -10.970800274977591
v -9.235604699799296 -28.874874330800594 -12.504849660955188
v -8.578953683086183 -29.236097490329485 -13.540535192956668
v -8.604795686298075 -29.200771072664793 -12.332177792927723
v -9.183069149656149 -28.961698065671953 -14.800834350973673
v -8.53345752087489 -29.235798787582098 -15.59543304133058
v -8.553401951495744 -29.24548012904779 -14.617485064173707
v -7.338853093914622 -29.646845083596418 -7.281320897208843
v -7.994978369703404 -29.390052258782816 -9.23609671621989
v -7.324390099597622 -29.683850499768596 -9.011985344420737
v -8.012418755921772 -29.224004846846583 -5.642514169274364
v -7.341016882163331 -29.541752303272006 -5.334084311452898
v -9.31026834218028 -28.460378499832586 -6.198590886940565
v -8.661990035743202 -28.99311003201001 -7.785677475054399
v -8.66746846093065 -28.870039682300558 -5.9328496263942725
v -9.28325441246352 -28.69935274220734 -9.653079127115234
v -8.646223830246072 -29.065865831036717 -9.449902241010932
v -9.934563708673977 -28.16559020377281 -8.232739132166898
v -10.546337648708686 -27.820200698748522 -10.061261249205018
v -9.888925421768363 -28.402632513862045 -11.341084485992724
v -9.914088719342544 -28.295877597282015 -9.8620861368031
v -10.592853374934748 -27.49471587760854 -6.704959492768012
v -9.95095682860665 -28.007887197618402 -6.456956718964193
v -11.904785952619932 -26.289888710452942 -7.203653967325408
v -11.216153266344918 -27.113188157936747 -8.672959532806999
v -11.24212474756223 -26.924032234261176 -6.952339567699255
v -11.837374282989003 -26.683648789408835 -10.49660484571541
v -11.151137240925891 -27.426339446281418 -11.734112261438895
v -11.186011991129817 -27.28261524692607 -10.270044834055625
v -9.827799758744732 -28.574776834295335 -13.893917405366665
v -10.421396793488384 -28.233044029033408 -15.238080973052092
v -9.785775413748524 -28.643492919552955 -16.021074820783724
v -9.802213700427274 -28.6239134362404 -14.997945644191532
v -10.481413161228375 -28.059105083222676 -12.867420596187003
v -9.85897746022647 -28.49669015478503 -12.681332397904953
v -11.747252773430773 -26.99678562439476 -13.323984132227451
v -11.070199636403231 -27.69339656469674 -14.3438432364037
v -11.108257738870634 -27.559835485431904 -13.074743187357853
v -11.72633514998779 -27.32884672376349 -16.024367777684347
v -11.060459277055998 -27.891951989342488 -16.733338748606002
v -11.061118109325434 -27.80095846047334 -15.57859969617948
v -7.397989613441041 -29.066660765767665 -19.83439479183835
v -8.227724418905837 -28.745837152822787 -20.773672807674302
v -7.527971077523489 -28.89906684444577 -20.606926816732084
v -7.2443010276779205 -29.34475543247754 -18.421123693762638
v -8.00098072914534 -29.07562425708238 -19.31793292382099
v -7.306095760766766 -29.218009111860738 -19.122103161745144
v -8.595392571988214 -29.01796740015743 -18.84016269716267
v -9.288820762249998 -28.71064322427992 -19.751202463351547
v -8.754548742919724 -28.75397921158219 -20.212439252052718
v -8.66205447363427 -28.907565419387538 -19.527965519756435
v -9.495209305111985 -28.402473526915855 -21.07441829642994
v -8.883687094408742 -28.58089542283051 -20.921554756561818
v -7.191261416648558 -29.52826009288401 -16.93984592945435
v -7.893051477167319 -29.295801906409906 -17.894411985502302
v -7.211270887383762 -29.458580450376758 -17.709182557618988
v -7.870059796744499 -29.415232418608866 -16.300146293655416
v -7.194414657747984 -29.59885029699217 -16.121653335393603
v -9.155826375092602 -28.945295912390065 -16.71128292316189
v -8.526860767054586 -29.16077140233938 -17.330079388876584
v -8.521980951808473 -29.1962206735534 -16.49269032551001
v -9.190591520659382 -28.876179950873848 -18.36741501266806
v -8.55178317531636 -29.107915469410727 -18.110943775086525
v -9.796066807397892 -28.65183009865541 -17.873773793661712
v -10.424512696744387 -28.31727338601013 -18.997882565568943
v -9.841260653522113 -28.567473070343112 -19.362080708106078
v -9.814374997364212 -28.61787434117832 -18.662925976665065
v -10.418336294774235 -28.31754559093315 -17.337271139298537
v -9.78528279510465 -28.652429913043306 -16.98895603357505
v -11.708920057147225 -27.477554922992567 -18.226309280138594
v -11.046506968081303 -27.95439290801187 -18.62990366527356
v -11.0581840775003 -27.931108547074473 -17.75149356089696
v -11.6300914385547 -27.568683349876665 -19.822432228584148
v -11.003693710586958 -27.952892167595564 -20.020198740731757
v -11.025030481433532 -27.969607476983583 -19.373469954796747
v -9.948575637753493 -28.35726582965617 -20.60580427253626
v -10.570637358097883 -28.001359097252134 -21.42238772599012
v -10.05870902694005 -28.20195485437398 -21.24799109048581
v -10.445421889061436 -28.213760839575116 -20.266603213947747
v -9.881534335440392 -28.471452181524 -19.996903539775303
v -11.526827008111468 -27.610896792983112 -21.002910304041507
v -10.994553165627622 -27.868323156688348 -21.13406249018226
v -10.991204804185145 -27.92908989463649 -20.596990132595238
v -11.425123540412642 -27.569309662088926 -21.887166792030257
v -11.025010005841978 -27.791419243701966 -21.62169472529058
v 17.12800336692999 6.488992588621386 -28.04329310875619
v 18.022108614456556 6.913416070377025 -27.514384489966687
v 17.79065854975488 6.328442873017593 -27.933013981535623
v 15.29807806964709 6.776380765003978 -28.47902574150612
v 16.455306713117352 7.3462333402235345 -27.739305249855533
v 16.286698647790217 6.596044401278959 -28.19785010049054
v 15.599518524069026 8.217773281410246 -27.427021163035533
v 16.803217124795992 8.636275101643605 -26.516558326749873
v 17.540857537233933 7.816039163990354 -27.04804205228902
v 16.641013101839235 8.030699243617164 -27.18219571926238
v 18.54168879462304 8.085975511912238 -26.351370889658938
v 18.311307074021897 7.539388628708366 -26.995855791648864
v 13.090597317454012 7.201575092559324 -29.311250138014657
v 14.372418731088146 7.74789278195658 -28.36693271776312
v 14.235340667862147 7.014475159165158 -28.886617684780504
v 10.62295369896674 7.319778273711563 -30.00654823156401
v 11.990346223047709 7.952435510462237 -29.067385842598014
v 11.882854185171709 7.301529101626784 -29.685748707550374
v 10.796483132946378 8.572812812289612 -28.683897283923216
v 12.167092733794561 9.195341857900075 -27.676300650195117
v 13.334383323844122 8.517708177629629 -28.07505195570411
v 12.081191604989726 8.56989805160947 -28.388754880574197
v 14.64581123841981 9.021641392508627 -27.057121170473692
v 14.509296856184847 8.40165794470704 -27.7493238363586
v 13.525804811502894 9.760198388780282 -26.63176364040919
v 14.808094754849662 10.250973627192252 -25.528466500647482
v 15.884730265514008 9.439222413345306 -26.008826287414195
v 14.75933153133883 9.607007841670566 -26.303503774390265
v 10.950472830350009 10.180624312396503 -27.339968583317386
v 12.310925333340492 10.817380280797806 -26.26301991654691
v 12.24952746539384 9.979819583796143 -26.986511695220543
v 11.039471795712416 11.70760239260835 -25.74617503452282
v 12.387800339609385 12.194458964130718 -24.554466699320983
v 13.63732933646861 11.349731207861623 -25.11933527466681
v 12.360307642384214 11.571602309055379 -25.463255354885405
v 14.912343218134083 11.808397707599397 -23.865176385223094
v 16.026553848194453 10.632183372971667 -24.320763115101727
v 14.8643400004039 11.028546260948133 -24.73080972046955
v 17.922352736848552 8.970383157944525 -25.63220066524991
v 18.926800947263473 9.15111217124877 -24.73987438529548
v 18.77466850645851 8.655696802456532 -25.60504280416899
v 17.054530922198865 9.769703278824636 -24.918845508842423
v 16.935945931486458 9.204519740702835 -25.75923364414848
v 17.189351852567597 10.932763852548305 -23.016410119631473
v 18.13833288990736 10.024443726696518 -23.812267456645714
v 17.118854390844717 10.305696452292068 -24.000987370665825
v 19.175243344062437 10.217350296966288 -22.67483871020886
v 19.058979321875086 9.683051177588368 -23.761974586001088
v 8.0103236211271 7.209355215126834 -30.550628059248993
v 9.408198881023509 7.89820169066661 -29.639399194949874
v 9.330462695462757 7.281402197351781 -30.289272790858377
v 5.335289360238221 7.098836403040423 -31.06219987422446
v 6.729629569475037 7.835226599946964 -30.190845417808305
v 6.676913352347583 7.129450423531125 -30.814040522367577
v 5.44440318541001 8.74283188676418 -29.917019309714306
v 6.877424798210086 9.502814180704718 -28.99418439834335
v 8.15532935162446 8.583442053199633 -29.296539027705876
v 6.80543743608996 8.656458614907024 -29.616618292675412
v 9.563167191258799 9.392003290327011 -28.342340327859347
v 9.485290085450288 8.568938107699523 -28.983105898865688
v 2.6777225856153564 7.152572184182645 -31.569888553483906
v 4.034455757622254 7.987236187202598 -30.76177717714745
v 4.0013825583635025 7.139367836522979 -31.329432841837843
v 0.05319864972911503 7.073461122871322 -31.86888518583146
v 1.3722715865479813 7.972472081245087 -31.13949643679007
v 1.3638737334499638 7.129102338474695 -31.748156280238618
v 0.06486146575492668 8.706266695810427 -30.538903976414076
v 1.4055191294465885 9.439578327304389 -29.730081976606016
v 2.725786025673642 8.783651182975063 -30.34006671127281
v 1.3874182548447607 8.74365271709621 -30.454602352643633
v 4.137961077377895 9.516874889869996 -29.48328364936424
v 4.080748661234338 8.788578573860377 -30.15582974735662
v 2.787532580900006 10.116397199475614 -28.850927524254075
v 4.16967385424482 10.833303064348001 -27.838635957827137
v 5.554475750045185 10.263628747219627 -28.512188973145385
v 4.170813561804152 10.186058775284437 -28.711674230537028
v 0.07174278889499064 10.007737450657714 -29.028626752231503
v 1.4226537367940182 10.639755728507225 -28.1032167341109
v 1.4225129671020795 10.051422125239696 -28.95994439147762
v 0.06897261826072665 11.229445538603613 -27.1801770668244
v 1.3896241987231406 11.928641221227736 -25.951511493312864
v 2.766090722090894 11.372435025556115 -26.964894288325013
v 1.4091366846956817 11.284993409598428 -27.077512450769063
v 4.1499221350738935 12.133964431105596 -25.70579957687005
v 5.568202225289497 11.646044333268947 -26.590981079818448
v 4.161874460532317 11.495681224463624 -26.80778868766538
v 8.278484614816534 10.361652630671415 -27.954120703088847
v 9.6603846977373 11.12204624311289 -26.869779143320557
v 9.619557572623762 10.316081190549994 -27.656350197341453
v 6.943070749181061 11.101440571329476 -27.34290743292877
v 6.924922148384212 10.331636617898766 -28.244975276676996
v 6.976919913137408 12.321387156178389 -25.390639271659893
v 8.331554939233229 11.797381839342961 -26.185395744516427
v 6.958359391616341 11.758773304796705 -26.384122200573984
v 9.73136032474531 12.341647151798497 -25.022936189627217
v 9.693833985435049 11.779470514518835 -25.979392022331012
v 8.401553157856142 12.861079185037852 -24.201279607254037
v 9.797350145209748 13.305377841737027 -22.98866207973515
v 11.101358668963258 12.790991235146066 -23.812479439240633
v 9.76754069502249 12.840590344570955 -24.021383468747445
v 5.572017309774765 12.790939443943898 -24.487793355432586
v 7.011095482112069 13.335623903803025 -23.280564521832275
v 7.0014556940527655 12.842977557656923 -24.355593300782857
v 5.540165118218283 13.740716620461171 -22.203673668496776
v 7.0022307554154395 14.211386634636256 -21.002315307439858
v 8.44708123790133 13.788427157676779 -22.081287444434565
v 7.013533884176923 13.798624002271026 -22.169190363425514
v 9.892410487895631 14.17530864231685 -20.84482428388037
v 11.190737034992708 13.684202783323599 -21.715581334801755
v 9.830595881438512 13.748752687923115 -21.930924335629243
v 2.7322596248329774 12.586051039274935 -24.736357401334317
v 4.130813590367097 13.185437848642323 -23.453821750888892
v 4.1426475789508 12.691821923013777 -24.606332577175635
v 0.04342608084608557 12.42407827005809 -24.982331887127657
v 1.3318071504054387 12.960975982893615 -23.7409714468522
v 1.3607486462889256 12.48936168261389 -24.868422557969097
v 0.005230161580390469 13.154161984765778 -22.575965691930833
v 1.2720983682062297 13.118606722254299 -21.000549588779904
v 2.6823976449459224 13.363898286846961 -22.351386994865607
v 1.3049350442713603 13.206879406339795 -22.460813373920246
v 4.052094576411719 13.7976411738764 -20.991969111471917
v 4.101007151296244 13.574449999250646 -22.266538552355996
v 2.603089054398424 13.471186773253976 -19.624687396474656
v 4.082249702762283 13.954657645490443 -18.402572807814067
v 5.466094063545825 14.22623505185311 -19.66859067810765
v 4.009117514184936 13.825954099210321 -19.6217413201839
v -0.03411108403489749 13.145891050224236 -19.740355217613796
v 1.2921067850506915 13.696382146958967 -18.515484855219256
v 1.2549916136855472 13.242747824957405 -19.66860994925264
v -0.028172266206413 14.03260340475299 -17.603506825158547
v 1.436622757464761 14.304590322946751 -16.81724892724378
v 2.8085619167616187 14.136354431607288 -17.52583206637246
v 1.3732845261066586 14.06851879678652 -17.556493662502362
v 4.408966672735232 14.322858163953242 -16.607074206614016
v 5.73285187699048 14.279000651289607 -17.498992179183915
v 4.272595017417871 14.203926292630968 -17.479564456138178
v 8.506397822188774 14.599491836983361 -19.862097062765315
v 10.31216794366992 14.95452052784367 -18.651099515872374
v 11.835426692898181 14.49723673275912 -19.505476093549987
v 10.038178030843483 14.576118347000374 -19.76185699763937
v 7.093155630830552 14.663908048014491 -18.73247072115737
v 7.001602034310054 14.512681351024185 -19.824070275908525
v 7.275541962604166 14.332832185933512 -16.272588556315895
v 8.780621999871528 15.055356794017825 -17.592824588599797
v 7.2347491642176465 14.647867228701216 -17.612459476454205
v 10.993218638836879 15.577327800609964 -16.094390687461782
v 13.646609597229144 15.442736919534582 -16.98216054607201
v 10.73018075859909 15.323808661551993 -17.413300624080875
v 18.462792727023043 11.179071970039331 -21.599708757747067
v 19.82101700387375 11.482573232528921 -20.08724666750095
v 19.43073897992872 10.830257018992597 -21.459593080291597
v 16.20590919019469 12.164275533285945 -22.430018084221956
v 17.75798793675949 12.368171473987786 -20.759029146372995
v 17.384522782374006 11.67077282563423 -21.95804847220643
v 17.10317249660693 13.261040959341699 -19.936588469287926
v 19.25241946197184 13.426098316203934 -17.962216304712456
v 19.470085840217507 12.559850713210835 -18.938393745423127
v 18.384645825184634 12.953166351385335 -19.418397016007475
v 20.97588493208241 13.027586695560785 -17.092564935735027
v 20.349490817454353 12.214632239598359 -18.62444270456126
v 13.691217480100931 12.612735552856975 -23.25552889559367
v 15.173310654731722 12.975375141542827 -21.7325592135403
v 14.963509312536189 12.457697986944368 -22.873386908175235
v 12.43465451531938 13.17658275751819 -22.51871352905073
v 12.408122966450719 12.713841615061028 -23.567622679856868
v 13.046775938187238 14.02769046722642 -20.226227756294975
v 14.100019892170167 13.530832171452857 -20.984475044962892
v 12.631917568804056 13.605888463413066 -21.402726340311347
v 16.556170681562435 13.863925481525257 -19.09252556752108
v 15.652876711214049 13.438825703025032 -20.456342089759346
v 16.16590108874334 14.385612238728754 -18.245811678871178
v 19.753388533861653 14.29129443734837 -16.385423519141114
v 19.320311705781023 13.963540438885502 -17.167657361092097
v 17.931790780108713 14.185529575842338 -17.73681858398504
v 15.448714587821996 14.959715305865757 -17.42941250574131
v 14.019743528810068 14.490212400409291 -18.859725318223354
v 19.70342688602159 15.317897237825491 -14.67624037636324
v 20.312290280939123 14.60737734862505 -15.509300658785833
v 17.29200924194356 15.276311311377867 -16.12917751306668
v 24.191511545635876 13.053263087370397 -13.172888719912407
v 22.76063143882311 13.618246085139617 -14.391553773619307
v 21.929633168914734 14.014790844546951 -14.923702353660701
v 21.07906023348005 13.661741059388078 -16.142224078226718
v 22.816313003386313 13.545604708536302 -14.404865317022995
v 21.754571678908178 13.461570471902633 -15.710827453100137
v 21.598998134275462 13.941217226304616 -15.347007506783484
v 20.30569954935163 13.807629649215414 -16.619131921146618
v 24.977911568244963 12.836012243188634 -12.506861086713798
v 23.737890472546496 13.303265242467205 -13.468492426294688
v 23.275551615241056 13.442053619811304 -13.916874156839185
v 25.734426862756663 12.488080151471877 -11.807444990368822
v 24.34551449195169 13.018702697719164 -13.08220834714939
v -2.5710869092449684 6.939099086642727 -31.819365569879665
v -1.2511553008296232 7.852823564218397 -31.27019334213037
v -1.2579982134160446 7.013858482525393 -31.88125966980988
v -5.21794615393128 6.766150195905993 -31.516849544677825
v -3.90081940044729 7.6553322681102145 -31.119748330958828
v -3.8911187878366036 6.8375160636001056 -31.688724069081218
v -5.277049551177242 8.324363188811276 -30.364088193506177
v -3.964090182797918 9.213349538449165 -29.874950400195303
v -2.5795222507422295 8.561408510016918 -30.601525562067764
v -3.924774035896462 8.473390566379294 -30.521779155194963
v -1.2596268510016557 9.336023625239704 -29.87576942385749
v -1.251769719132085 8.628932795401397 -30.597326861352485
v -7.867672583658532 6.810028786384464 -31.124448081443916
v -6.5797548637506225 7.408409280649266 -30.719171084461777
v -6.54905231643761 6.7742729835204045 -31.3537433912461
v -10.43891305984016 6.874321541642985 -30.607714008503535
v -9.234715216013228 7.468935129285001 -30.275515602226733
v -9.16712709496096 6.8580488663665164 -30.87981534912069
v -10.60827269982201 8.092820983947604 -29.385615077648254
v -9.38045927225312 8.716768867608153 -28.996186188529464
v -7.975388648595072 8.040397447334726 -29.878804629193837
v -9.304704401286926 8.053586137189086 -29.633258926376584
v -6.697911071486942 8.970064581828865 -29.54664958299327
v -6.629127537221848 8.1432258681225 -30.12578362341992
v -8.106459534592886 9.70672818810499 -28.622988421280752
v -6.787444811122896 10.614706853356438 -28.05894850516961
v -5.385579821989722 9.862496250857475 -29.0610432270023
v -6.754548966620405 9.8075500009204 -28.878188967739334
v -10.756736396398992 9.433029751346567 -28.042642707612686
v -9.488698669220867 10.502961914669868 -27.62162359406466
v -9.441087498846628 9.578484138188287 -28.33811994710595
v -10.864631923873276 11.155963458299993 -26.56735947384368
v -9.570110825688971 11.922790019829336 -25.85869684124191
v -8.173613452659538 11.352783275449838 -26.965609729582866
v -9.52614370838819 11.288047886079767 -26.789382335304254
v -6.830690464933014 11.971060624696293 -26.10886039217803
v -5.421103166667308 11.280516481727318 -27.239746584889872
v -6.805801781174978 11.344085966825332 -27.104019910706484
v -2.625287606760139 9.914943274178313 -29.156854542119618
v -1.2740882644825433 10.542990491712771 -28.273181006266896
v -1.2711509204293634 9.959106716268707 -29.113188536459347
v -4.015860307150888 10.546992867638437 -28.303944980354572
v -4.00489081008709 9.9001189458927 -29.145335215200248
v -4.017176165019919 11.855834835445421 -26.233937349859843
v -2.620172924434428 11.159838162890082 -27.340833375948932
v -4.01417468418731 11.197883016445303 -27.340363641789736
v -1.2679091525076274 11.83162184620869 -26.146311453578164
v -1.2684872868574075 11.17762663416488 -27.27691098800824
v -12.862431778527025 6.703804428515014 -29.918238209635092
v -11.77831183692615 7.4918768251754955 -29.73567542644014
v -11.675116059936954 6.829779301108829 -30.29173467963119
v -15.038879965049091 6.292545547682494 -29.11709576110661
v -14.11922720149505 7.253634886310465 -29.04284644834297
v -13.984095523913311 6.499612796182191 -29.496706001851635
v -15.353309171196088 7.753947534823965 -28.166315280603158
v -14.407081498697153 8.53042532665495 -27.83619574909244
v -13.104476155188422 8.036828069948115 -28.807131438365104
v -14.267387377538398 7.920452636453774 -28.481911595468773
v -11.966804110546036 8.67885288983507 -28.435986048058112
v -11.874472441546459 8.093310591475074 -29.11110243501389
v -16.831814299518555 6.021716102634855 -28.7105613219137
v -16.16457981086478 6.86063421091194 -28.435345282487106
v -15.994032586572757 6.121570744860946 -28.856949757064285
v -17.966292151878406 5.538639084424176 -28.5224026799915
v -17.687508541735042 6.390692886906891 -28.187041397042776
v -17.476252228092562 5.83201516688996 -28.587433158769272
v -18.537090217649165 6.480979405644121 -27.640702027607404
v -18.23262419346338 7.5959626881740405 -27.09478662336187
v -17.232303621416577 7.320959835788926 -27.7771995475905
v -17.94277171941485 6.97037976830552 -27.688419791502383
v -16.51950371487419 8.159099871586932 -27.296757858457568
v -16.3471341629338 7.539076677048797 -27.917332087297837
v -17.645927433073666 8.514612749965181 -26.438948608078135
v -16.829647500153442 9.337168451696925 -25.77060602858728
v -15.640996050326066 8.966370544223082 -26.829704797308295
v -16.67898448415417 8.745459386939274 -26.57871981381686
v -19.131786912103962 7.577552722473229 -26.355138398505005
v -18.6755919367115 8.733452861385558 -25.551281127425682
v -18.45556484320423 8.150560947685335 -26.37600904853207
v -19.619987645989568 8.740062261894764 -24.610326521975367
v -18.95582570051556 9.834255592317277 -23.51424401712029
v -17.93499822130343 9.63154181591608 -24.672088132783756
v -18.82230316354071 9.255554550429679 -24.594136351288398
v -16.991844296430827 10.450286648725523 -23.87503598477997
v -15.82378286058156 10.116915111497292 -25.170187008516223
v -16.920997545204955 9.89003291038216 -24.868328611137258
v -13.303389300463095 9.206348692807296 -27.421870949536242
v -12.116477071471309 10.106906160566723 -27.027742309932364
v -12.049123215275358 9.297025452230628 -27.729409516901796
v -14.608879293487917 9.69500290082351 -26.347191460088652
v -14.520975170050406 9.115998940625559 -27.123666843026513
v -14.732996307259782 11.195800528339532 -24.689889852970737
v -13.445043056178292 10.677990884619248 -25.91447235263695
v -14.665988127227138 10.385757219717561 -25.538788607684182
v -12.225016977856285 11.698248660607533 -25.411107636535235
v -12.17385690568699 10.956905779437875 -26.266503176004335
v -13.550924749000842 12.160287610719024 -24.13470021019748
v -12.310766346394303 12.803182643247055 -23.400537034984154
v -10.960457692349337 12.391929182424064 -24.688745628736797
v -12.269209326664168 12.294212432845598 -24.4478466807559
v -15.983231109804365 11.618334835662608 -23.288219984180614
v -14.870731998308656 12.575501291838009 -22.675513200283604
v -14.796252636251666 11.955895438033622 -23.74803191259889
v -16.5795670560301 12.894284572306788 -20.891258107740214
v -15.876664086888013 13.523083966719241 -20.064529600894275
v -13.757925752939627 13.181168085579884 -21.93081111765241
v -15.18289443602589 13.076312581228194 -21.445021685784013
v -12.645015925166263 13.698495950675351 -21.151490831935007
v -11.06805210818311 13.348247708219787 -22.560820980859717
v -12.375681198302118 13.264862668283058 -22.309414441071567
v -18.166212214478946 10.7700949132186 -22.472751848243206
v -17.37754060565385 11.905944630212616 -21.64799502041933
v -17.098428181599047 11.157678590204341 -22.81959150692819
v -20.01200729966331 9.948365461828416 -22.2721199577245
v -19.469452301325873 11.078115259208971 -20.932283966536488
v -19.14536945598411 10.453409778660898 -22.305020620013238
v -20.814915466851744 11.420109429374861 -19.250571840945668
v -20.672713687950818 12.66696214597323 -17.79633751529491
v -19.03915774480356 12.196745003705473 -19.790231349747955
v -20.00073488428916 11.831107547526699 -19.408062864505155
v -18.70653537333692 13.09164036817674 -18.847816955064445
v -17.887318999698437 12.567127979338693 -20.31402227509534
v -20.70450144161623 13.322407511677739 -16.7217411326601
v -21.09535157767823 13.703548604003117 -15.937972825789075
v -18.57084844589008 13.726231946106054 -18.00788891834509
v -19.794231316780497 13.490201371128933 -17.317376090986727
v -22.209772985886957 12.709090073373773 -15.897863550826514
v -22.524025138389334 13.296421577101682 -14.822781776227202
v -21.46917324824608 13.093135086360235 -16.242435236635174
v -24.92506045310256 12.356662987087475 -13.073913323676607
v -25.451887788232852 12.371490928712774 -12.096362813885207
v -23.348406178885853 13.147545959800482 -13.903230186184373
v -24.016734305017962 12.856473381384603 -13.431910975312348
v -24.60980379216744 12.689249225157255 -12.91002307553299
v -22.09652610233752 13.565791232916126 -15.047202690792801
v -22.776566266838927 13.32690250624728 -14.456666154763298
v -15.24035617260779 14.058424330150046 -19.229699986472042
v -14.577778074362868 14.620959892505198 -18.324737857635228
v -11.48445457805883 14.210035245593645 -20.31454741379639
v -13.270612696170247 14.129846806832575 -19.87545919292461
v -18.828660232495167 14.118544280294373 -17.188620753504438
v -17.046880277636774 13.913493275339533 -18.646769530481833
v -23.40803832817255 13.135419591813843 -13.815653672211738
v -19.19830126904617 14.523334680865446 -16.270931237846526
v -21.03242165370466 13.979722178446536 -15.671205978995204
v -18.935618700544183 15.158933176120627 -15.32646687511442
v -13.084811156169962 15.131356167636113 -17.70191733595675
v -16.406510969549345 15.046375236004678 -16.85951054821271
v -2.6183159689473996 12.411779666213079 -25.09549445941775
v -1.2618404732268687 12.883490322217767 -23.937267329747556
v -1.2632184353717548 12.397361236418874 -25.05914907996157
v -5.445018055379933 12.495804267274252 -25.120342191992677
v -4.028395283633699 12.966700717403 -23.969334515015362
v -4.0196516038165555 12.446541198440173 -25.12150568737161
v -5.47259145052476 13.500692100684319 -22.827543263130792
v -4.024395015489517 13.705605798731085 -21.51234302192279
v -2.6174430463015597 13.274122453452037 -22.715486372784653
v -4.034331097403083 13.39832016514356 -22.76862896399507
v -1.287176533604793 13.122301964306644 -21.197457330528778
v -1.2712966584633705 13.176235876908322 -22.6588894288343
v -8.257487497900456 12.513222973454504 -24.98042163488026
v -6.89769984941222 13.040327331294066 -23.974296834850975
v -6.861839259697263 12.523074141885445 -25.06726945868286
v -9.679149975173914 12.959362024500479 -23.813638116833317
v -9.6249125420386 12.469547332221737 -24.859967343103563
v -9.804755082673182 13.864551793737519 -21.65163967571607
v -8.359375848146556 13.478897640144169 -22.848054988082367
v -9.735771008055508 13.418267004657537 -22.74455207721985
v -6.954523831539518 13.963068295833182 -21.705938535626046
v -6.929499045319972 13.518202344803285 -22.866090370902384
v -8.461052818021017 14.35778711425246 -20.568601327127908
v -7.044399031775811 14.582170690974635 -19.28114430802998
v -5.459586438771112 14.153222705708686 -20.284197769326056
v -6.975252356872261 14.340093794256063 -20.48188358355401
v -10.13383638124742 14.714589954898656 -19.36678286748429
v -9.923744767430435 14.30218263426923 -20.513637612715684
v -10.992335779506902 15.491638654400049 -16.71998866291233
v -8.737888235850278 14.991471743920556 -18.243216096529977
v -10.552127423332422 15.119456235603138 -18.12682560745361
v -7.3152019789990845 14.483477135234352 -16.841532978827672
v -5.700549222419795 14.27161739386429 -17.883367210528377
v -7.206079722701361 14.671868235343027 -18.15009912837195
v -2.6256841707906915 13.448867174012776 -19.9902718570047
v -1.3503988369812987 13.647461140948508 -18.65703141519043
v -1.3059722233170987 13.204174219361448 -19.8450071704965
v -4.073057667712419 13.885791004412567 -18.79448044795754
v -4.015855188252999 13.809171340814828 -20.14312937464001
v -4.429990287475675 14.318331853773088 -16.86009952258155
v -2.8270598070614597 14.092101860471303 -17.705428297685103
v -4.260379520385641 14.141509462892827 -17.748823302868914
v -1.4820437923217469 14.300819200760998 -16.890361242452855
v -1.4194976351340074 14.04927174072509 -17.648272490529962
v -2.9704157468804624 14.429728707403228 -15.927920514782272
v -1.4448060685189148 14.343269919840168 -14.70237084452674
v -0.031469876222855575 14.465927144378838 -16.00945191146002
v -1.4895872411398159 14.471197802534334 -16.015901722799754
v -5.860246792080943 14.171547155703593 -15.540913767699749
v -4.305514950851602 13.982376778669277 -14.238215681805741
v -4.441446983173819 14.252299275455698 -15.718499777700345
v -5.569942650571647 14.972771506598292 -13.088491944863563
v -4.032277214903161 15.42821370288948 -12.14022514433509
v -2.7523561168322885 14.18130196840957 -13.102922419123388
v -4.158627272601052 14.471626585510421 -13.05950573390146
v -1.347695155561155 15.048702226762543 -12.147713188611306
v -0.05263960303442161 14.239788689015768 -13.229362810313432
v -1.384662179999168 14.213352291425508 -13.201444943451861
v -8.814968600257998 14.561326538771937 -15.229670322709353
v -7.132391682035632 14.522349443577696 -14.088647507731366
v -7.258636952882625 14.233599038133434 -15.366165433799324
v -15.4505802755466 16.333411903252454 -14.895385814987094
v -11.086817385619725 15.827449195916415 -13.987605281195101
v -11.196202813491254 15.707109326563113 -15.306405613177049
v -15.061215222095598 17.4961051207747 -12.649450697407701
v -10.084738923815621 16.6821280896811 -11.760283680785506
v -8.422708057271848 15.550939580882186 -12.980326621359382
v -10.59137431455656 15.99786272664005 -12.77067944832379
v -6.862593243245101 16.210574011729477 -12.09960879736991
v -6.995152222970319 15.315054743939072 -13.066795044494938
v -8.183429089916899 17.252609386006043 -11.014786663423365
v -6.619523280336125 18.04676122668843 -10.002829933140674
v -5.31391886488791 16.855155269444367 -11.188640093528193
v -6.732388354325394 17.097800664940223 -11.112847884718576
v -11.993494646360887 17.658203152433998 -10.427353986184244
v -9.989970057197752 18.383914726121475 -9.610989742004676
v -9.899962367839635 17.51560992840041 -10.736575165396971
v -11.930995914256528 19.15697188971626 -7.89587168879234
v -10.039876902719243 20.304386702599004 -6.735606033315889
v -8.082645819391473 19.219722351152086 -8.537388232230114
v -10.077208121686454 19.301663259660927 -8.30702397610412
v -6.305071189704449 20.222327758327083 -7.106496080951729
v -5.028613778834369 18.86888874766737 -8.826397593685215
v -6.479230549236036 19.13806689647845 -8.5941808987468
v -2.598392013918101 16.03091153585592 -11.112615426532102
v -1.216243212782274 16.913713052397725 -10.070715552493766
v -0.04617765313167865 15.964609161508633 -11.194829744410526
v -1.308135861009987 15.96940285882556 -11.148745210053676
v -3.815926995638165 17.439797243999237 -10.183687220003776
v -3.9220167566043074 16.387089268736418 -11.230253722246744
v -3.404251075183538 19.769086085904746 -7.527108693785067
v -2.2810551232145144 18.221071142040273 -8.815158902814801
v -3.6432921643424834 18.57922416728252 -8.908785351868573
v -0.9096401240058754 19.301501863821613 -7.236917168029322
v 0.07963416750880015 17.909933688347337 -8.805664250566224
v -1.0396360414470678 17.947406429785588 -8.763673027850473
v -24.361246972945082 13.098874274228365 -12.519305428592816
v -23.12802377364278 15.126686528315076 -11.902298770469315
v -21.74152511374814 15.014833189437923 -13.524946041104158
v -25.759438400064028 12.072820701383534 -11.678062136227709
v -26.411012674518133 11.424752570871533 -10.24213058053374
v -25.503122536088995 12.201494136499605 -11.98044928564741
v -27.003935219187042 11.046798444149317 -8.49308928990149
v -27.03063539057439 10.642669284740805 -7.125662439093503
v -26.053082471889866 12.785007544625842 -9.353116528624923
v -26.826631049681964 10.941358783215037 -8.625344146869793
v -22.6137202738646 16.602897185936854 -9.674318940013563
v -23.123143356173387 15.773571892303153 -10.720523506064637
v -26.137511766995885 12.030598827151152 -11.080985455366317
v -26.669987956502155 11.586698842264013 -9.895987091961615
v -25.98638022128398 12.032404292547653 -11.374990861160768
v -26.61744277078651 11.020964269840078 -10.454411878200517
v -26.822338402134847 11.386042862814065 -9.485903148750367
v -26.363179283753198 11.80125654393305 -10.780896389986992
v -27.275044095837075 10.267720252190884 -7.906787587984127
v -27.323050926906944 10.112204520993146 -6.416715557103089
v -27.09360626573107 11.252062636145638 -8.173424354549297
v -27.152694005171725 11.030354135237758 -8.021857401405214
v -27.316652906769377 10.460806284998398 -6.695157104422833
v -27.064677868203944 11.173810947456332 -8.319798336341137
v -28.064089083096405 8.997690370399141 -4.8825415109063215
v -29.852477836240723 7.320435299311157 -2.654714645163949
v -27.57607624287448 9.772046529611089 -5.4331940034803665
v -27.844267949951245 9.237838345948603 -5.164859569485998
v -28.792263750003258 7.7068735476163965 -4.307161429301914
v -32.477448673555045 5.466561991035178 -0.9166873408403831
v -28.35990838541329 8.474835902253744 -4.628092539102454
v -33.67086491398186 2.549880820850376 3.881136033618759
v -33.69773852567414 2.7590992109098806 5.7240202725743075
v -33.730884895061536 2.976953181707586 3.303031192779372
v -33.7127676098753 2.7604274143561724 3.807133030177056
v -33.97556339635412 3.9250296796792554 4.550336179061787
v -30.3748728080227 8.09934245985778 -1.0925460239151903
v -33.76134053082933 3.565208495948582 2.2244697720623208
v -25.175486573389207 15.448642321028274 -7.465379000810572
v -14.327276073942812 18.185352074796356 -8.632659353064355
v -18.236992721143906 18.72970531185092 -9.87217217231364
v -27.091204599286357 13.087818659235381 -4.264686019068222
v -27.087559943989618 11.4520549655399 -5.744809622458433
v -24.578107576440743 17.581829195934915 -2.8961682407866647
v -18.15018343963129 20.385265289240124 -7.2351526538159305
v -25.98114328763222 15.684906558638431 -3.5800791954268334
v -13.905327127648889 19.516493166252985 -5.687723673203891
v -13.512814855331271 18.55892201603274 -7.242893029646893
v -18.162424230041324 21.75556896066155 -3.81492730499167
v -15.688452449317083 21.575222359140753 -2.122931614654135
v -12.498278200512686 21.01025020139059 -4.530386629543045
v -14.672028426735778 20.684905096051807 -4.049763671202527
v -28.377312638234798 12.540933675507404 2.5323600378239917
v -22.79512437946687 20.845770978878136 0.3344346495140087
v -22.719800700369888 20.243810267207664 -1.6463278944911508
v -28.872773775996393 12.790658807894943 5.529067949818909
v -23.88638428028753 20.226964877590945 4.850483961211012
v -20.41726743439358 22.968104585814217 0.8934168310384507
v -23.057949072663178 21.007024693497442 2.438364727010594
v -19.073814490179757 23.313364010609803 3.075617228507099
v -14.054246105026323 23.12423699365172 -0.6789250728186857
v -17.603250278040832 22.716042827096317 0.055831715764689704
v -33.91642025237161 3.7271276672934164 6.843750881228516
v -34.24992186982854 5.696814835854184 7.702365906357954
v -34.16844346879952 4.9110064976187005 6.21891953601471
v -33.70564210401426 2.9263134304530922 7.075322595032958
v -33.83625469809522 3.5811788551379777 8.413693979201526
v -33.79431345991179 3.2591411600585616 7.038468939127597
v -33.794527851399835 3.2974570140902415 9.726742476626441
v -33.833250808369485 3.4571479592952983 11.109397145318326
v -33.87268920659699 3.8862820315550834 9.977351070567238
v -33.82511597628945 3.5072098773116522 9.854263256382637
v -33.92146447457344 5.2880648172103975 11.171974166449218
v -34.09592855908522 5.494102263899549 9.517576479992385
v -33.810383185942555 4.4913300408757095 12.212024612791538
v -33.534261402701304 5.989735035296235 13.503371994284862
v -33.62352534630736 6.935472498044419 12.719848190065932
v -33.75666486927548 5.449425125350444 12.465741281085684
v -33.825896457661656 3.5561688233888162 11.980952744310343
v -33.735090822456186 4.706490869160689 12.820825376487846
v -33.82401752102487 3.8931013068777247 12.060046341146517
v -33.61833418162496 5.165410603788132 13.385278417769769
v -33.3891809965171 6.015916692438623 14.155064304502048
v -33.46789157934654 5.904996799647051 13.85458379399006
v -33.57257966562611 5.429719175148875 13.527498263369125
v -32.81763978721756 7.2295863040294535 15.482887145680252
v -32.8279859831855 7.4074113966726145 15.369696871119231
v -33.25625104725077 6.572962387363987 14.43061397562633
v -23.308905149437123 20.75117615478848 8.21577028677757
v -21.757505710733312 21.19514720202278 12.451487860470479
v -17.299728539959688 23.77699403462975 6.896848305692856
v -20.13518364067022 23.084025340731387 6.906963850144166
v -32.79894918546779 8.238324753098368 15.018640445020537
v -33.47742116054542 8.303528069957792 12.69208931015055
v -31.862277591992097 9.09468324759382 18.844861243201194
v -31.749941270043564 9.759894868246647 19.193289566901512
v -32.131437674104745 8.346544276697841 16.861819472272146
v -30.042814117547096 13.38749700833705 26.555240332536414
v -18.712653961872093 21.035765197360888 17.073016768033085
v -31.57217941084491 11.631952308493055 21.79891699242944
v -1.942709974464151 20.969588085456053 -5.957752763511053
v -0.7337130133107621 22.181336002557146 -4.385583547179749
v 0.15915666023792596 20.687222451237176 -5.725646275433064
v -0.8222096491788875 20.794736169151292 -5.7899595062831395
v -4.622481624793181 21.168003794300603 -5.8998658572927525
v -3.079334451709201 22.364770805063017 -4.447766112061572
v -3.2432159676152423 21.064891124124188 -6.031984009576263
v -4.344872651159449 23.868946302962286 -2.2128786300166894
v -3.0822546323988718 25.702436762068828 0.6758766185701575
v -1.6687781761843326 23.75887915833664 -2.585382485489845
v -2.941964009080266 23.775527018717185 -2.510766870415523
v -0.621066772206234 25.711325577696698 0.2930884643906637
v 0.2460300220715368 23.7886313973122 -2.5649650084817495
v -0.629497935779483 23.788373645747924 -2.579368081582288
v -7.705440256207567 21.417449495085748 -5.343500674674942
v -5.880189416031953 22.624603652999212 -3.844648529468259
v -6.0614574191727115 21.421221821718063 -5.477168949683801
v -10.131303430127446 22.362357094152685 -3.1707814547089583
v -10.016873177830803 21.34075997358741 -5.0208869530272295
v -12.010621876473124 24.330873239543507 1.9615731131839311
v -7.213518986891813 24.010223066903563 -1.3552727805504219
v -10.534358223202617 23.254529204947175 -1.0689744024727474
v -6.072862925891968 25.561680319042352 1.1166117695597109
v -5.749960438181006 23.93520049944709 -1.8823879784090423
v -8.954486269995414 26.14254635362522 7.607862017983734
v -7.879029912515307 26.293952513153272 13.508481256601044
v -5.255900071771066 27.753226243219615 7.397792686428147
v -7.1406776721592 26.88019760608222 7.578081474513965
v -13.253819097755695 24.922201096964272 12.039600860755854
v -13.234867131101964 25.1805669289879 6.87738565369682
v -15.985661682966565 20.74202717870321 21.635109851098605
v -10.12280605963224 24.440415245468103 16.95202047530347
v -13.645372630609927 22.595188659061023 16.605827604422302
v -9.291692162853906 22.79316594935699 21.238750576461825
v -6.368780992826942 25.236091915498037 18.030493971421492
v -8.268697884276662 24.80978769043577 17.24272810641105
v -1.7418055779107817 28.326000805798685 7.428882463310856
v -0.3282380354249881 28.1184698453726 15.120649842146122
v 0.7916300306931134 28.213647621598284 7.310414303914968
v -0.4362413608665747 28.316834967461546 7.579446112468759
v -4.094133675878311 27.89983870543074 15.168046018809036
v -3.208247872802758 28.254215790700982 7.260853736780064
v -6.581231515235686 23.138201347092036 24.955870196159594
v -2.8623744813721714 26.10787997267653 20.457869328000015
v -4.5799297322028 26.098244400180192 19.424128977196233
v -2.5939957839666477 22.619484755110534 27.04956447274344
v 0.5213545181471488 25.71952544989108 21.2678138720039
v -1.121579434126943 25.925097980207283 20.979156208944914
v 26.342633834297885 12.133904208777494 -10.834489444211613
v 26.949860386337605 11.43120358665783 -9.369025461039655
v 26.550516493120085 11.880432043135443 -10.582510792306493
v 26.142230788625966 12.063265826806855 -11.25907131069016
v 26.80400190767432 11.683156945185146 -9.684676578223844
v 26.225183432246922 12.141877645018212 -11.060994051329544
v 27.13190043972463 11.20169749870729 -8.367767227344302
v 27.485434412401446 10.654099482614583 -6.641315331983151
v 27.212791070831372 11.360957854266417 -8.122581051825819
v 27.18880090420862 11.300199547444208 -8.228472380220865
v 27.507882887424785 10.349944205641805 -6.3704118134719465
v 27.2885893018738 11.103986771361633 -7.9854530040674945
v 24.45694747897869 13.512763064129103 -12.153313865124801
v 26.62188958749357 11.579281860334959 -9.93762059404844
v 25.83637844644727 12.327590055972905 -11.545114120262951
v 15.305366175794006 16.53281044049163 -14.591741223356621
v 22.905025310466954 15.460892747010803 -11.654344174527978
v 21.98240960837029 15.261388218474167 -13.009848811041593
v 14.331596423760857 17.480841169493942 -12.537095104314176
v 21.47061376633428 16.99678975401457 -9.980380855894055
v 26.216212714252833 12.926427637708002 -9.14179276597497
v 22.64360018417574 16.059715875387155 -10.652037470100367
v 27.110025281264825 11.159457557776477 -7.1058276131097955
v 26.987007927204104 11.208242461325426 -8.477574813735828
v 24.45518416921186 16.01499718343166 -7.788278477405129
v 26.647703286211254 14.200504459948206 -4.752381788732691
v 27.56841596273989 10.39522296524865 -5.41180845254803
v 26.942110977157427 12.409246715093104 -5.893764733232729
v 11.599419002405739 17.557558393263207 -10.577450912299355
v 13.554965667216493 17.955336505950072 -9.01487782283948
v 16.654949753008623 18.679318494374456 -10.048644069244347
v 11.409912584780614 18.91451318343752 -8.380457276321977
v 13.232135446299253 19.184176724213103 -6.340129015785806
v 16.941903124182318 19.763439640421893 -7.434783649241581
v 13.017699393732983 18.468254892181903 -7.826899658640286
v 22.337723753065802 19.28718942532487 -4.092220111402867
v 29.123132447275566 10.221414099666617 -1.3056634333297552
v 24.960319421759777 16.80501536351312 -4.426407962288522
v 28.257438889701007 9.169545623657541 -4.7777992245314636
v 33.85676883193992 4.789158661169722 -0.46256107769613664
v 28.585310923926954 8.606227171037062 -4.519443931415253
v 29.731129845114992 7.767767354676835 -2.785700015455859
v 27.942052148537186 9.601860037064398 -5.1095266922025075
v 34.97190327251337 3.188258877659109 5.085302260723438
v 34.70297685303376 2.002928839782385 4.086080746164498
v 34.86359702876143 2.926681991101077 2.725452092864316
v 34.53696557449439 1.8432406045820926 6.378394885285161
v 34.62763631168491 1.7377229557329201 4.608437175656491
v 8.713041707721914 14.46693044836502 -14.752933511201263
v 10.843575789075658 15.765279277723494 -13.665195412128014
v 11.13882057038245 15.739901588661269 -14.848475030288682
v 5.7835928017561855 14.127086215312374 -15.167383573199913
v 7.038042565044634 14.628290154281785 -13.841050632418956
v 7.185787207024077 14.24998794250314 -14.952756013630278
v 5.4664066174286745 15.034448806147338 -12.95220761192195
v 6.730326944034459 16.2151171841615 -12.037037798471829
v 8.302940300035516 15.649600616565294 -12.845433424196926
v 6.882760496479932 15.402834809380693 -12.929697710123946
v 9.809627069016642 16.663331496633873 -11.763716353487325
v 10.309960193121697 16.00452211168158 -12.634042212539498
v 2.905486140502262 14.401454324359293 -15.759529249836305
v 4.211270319599862 13.957108694244198 -14.017915178928888
v 4.370050703204015 14.172943109269 -15.427792146592765
v 1.3591721762950328 14.315456839829494 -14.620079442068345
v 1.4266690605202257 14.46144539872148 -15.938535302333548
v 1.2417817707384415 15.052202348471837 -12.120886550334944
v 2.6587405077975745 14.205007885643681 -13.019881850903403
v 1.2850395442920899 14.217564241052969 -13.153123751829298
v 3.9321922222720787 15.407615257785437 -12.065103812260531
v 4.055058117177623 14.504158687151175 -12.93930798924248
v 2.5131536318340295 16.00561334026679 -11.079196852221685
v 3.7792004088450994 17.371960404731908 -10.163324846425894
v 5.196832807921965 16.782421150455775 -11.161605085996598
v 3.84176478328709 16.334519994089533 -11.189144756637688
v 1.2077462939545285 16.89641117753399 -10.062871594258468
v 1.2179091882113084 15.954395454662517 -11.136860935826007
v 1.1607904930658606 19.27193149627692 -7.306314970041058
v 2.3949643018172537 18.1756695288841 -8.848802106409039
v 1.186498200486085 17.934889821112847 -8.780123961218123
v 3.61537309303435 19.605872736728998 -7.6410487363309585
v 5.047881009375715 18.71658768434372 -8.898230184422118
v 3.71328616740243 18.485843425327403 -8.93890012925931
v 7.996314100940708 17.17432999504581 -11.049571080135138
v 9.582059537807709 18.152805519796857 -9.845658087920128
v 9.589833638142409 17.394095723649116 -10.84583653527261
v 6.457045245786503 17.905366426984074 -10.053159539405442
v 6.579348965259214 17.02685876243595 -11.111099028310491
v 6.3182098950264844 19.920460929822184 -7.358170610099933
v 7.788573566812829 18.913195518898647 -8.798402642243673
v 6.383401769643569 18.917914540528727 -8.738245354255923
v 9.617463642275652 19.868155428972386 -7.306808190908214
v 9.631779091888802 18.96774610814009 -8.68509854748254
v 7.599526645551123 21.00126743893088 -5.737009024299368
v 9.392492897854481 21.81350284029577 -4.0405601939103235
v 11.743211855215122 20.513864048669348 -5.362889855430694
v 9.54377439716336 20.804415101723862 -5.760175951696965
v 4.8790850503849015 20.85684466056955 -6.129815181578124
v 6.202732978667427 22.206405353299488 -4.120685098115246
v 6.250990936845483 21.022475333995317 -5.810365239937255
v 4.790574789215043 23.342697102181774 -2.630536584877518
v 6.05279744839163 24.806793436282533 0.21159438673686282
v 7.29583508050473 23.482326183226178 -1.7668187713321686
v 6.05263846144544 23.426485631716787 -2.237161928821479
v 8.33644499227512 24.558761755761225 1.4231606582408176
v 11.854019734476424 22.574864827773126 -1.5538038151532874
v 8.656066567551079 23.19829600385856 -1.6848588927899755
v 2.2769335070792067 20.82987228425918 -6.098435735297244
v 3.539337586019201 22.059014818609285 -4.653390132468303
v 3.568508077305296 20.815640543682093 -6.221880065664209
v 1.1164539117821732 22.093628203909248 -4.485238251276542
v 1.1454008276751892 20.761230874688408 -5.884333314428659
v 1.1404087730650758 25.500393260179408 0.10571554506515923
v 2.242021117920217 23.471662013365858 -2.7974975695310604
v 1.1007320449741087 23.603705489962522 -2.7267221817639893
v 3.527095591162606 25.01363545327513 -0.11707772934713745
v 3.493803182629563 23.369093753035486 -2.803441212203097
v 2.9480166541661674 27.923388044611784 7.165987309990669
v 5.356504481982029 26.196370661589754 15.614546403823624
v 5.204170296377924 27.000374875149646 6.659418766033923
v 4.076910692264391 27.58390514552775 7.286306101529135
v 1.952581016263366 27.877474541666743 15.279627152763169
v 1.9626366394982142 28.09047609837762 7.1868808445024115
v 3.2909286126123334 22.097598059777738 27.543715172645534
v 4.379062673492854 24.914324016448518 21.05199872812409
v 2.4100257555197686 25.56525993422474 21.081517304466615
v 7.346594071968866 22.000832822983284 26.2581780413675
v 7.259133184866187 22.546403755512074 20.577812934434405
v 5.934948976751912 23.414511023996965 20.88733883862733
v 7.905782477328103 25.621307650542803 6.773558746709114
v 10.096293781908571 24.489826461229313 13.609813754758761
v 10.35372857673974 25.181337774787607 7.226996743921063
v 8.8534741546232 25.29780293955082 7.138675881973086
v 8.101323172229058 24.519043925931328 15.090583242617868
v 6.740436466252959 26.350400105729932 6.902894627434307
v 12.79903934707363 21.152305037810947 27.3829287832923
v 10.200709663265116 21.673567829824606 19.554135734656484
v 8.792533976370123 22.208180707531938 20.378464983950835
v 23.399811958153805 16.564298286963094 31.295192834972113
v 17.542122206124077 21.694378257523567 17.89845169927139
v 12.912416310851768 20.85624243728853 18.320558428064942
v 34.78812399829076 2.9048676571926535 7.465881857250224
v 34.69381824137599 2.7380837261837314 9.066212539760272
v 34.63450406598167 2.375345824547253 7.666249371748563
v 28.145610844201656 13.171438566251709 2.1347210387150426
v 35.33755397760433 5.6701303222721435 8.02618437567935
v 35.24759386388541 4.5661598968822545 6.465072882122513
v 28.391361302934456 14.2933179075726 5.272485300930384
v 34.64631727786218 5.693697125928338 12.2071297419634
v 34.76696909887505 3.5025161490593746 10.703784107745378
v 35.02005463717069 5.68037956029184 10.434047095729511
v 34.68125345484077 3.0959121530775064 11.624473899789336
v 34.70250952776769 2.865827629665546 10.437376186026995
v 16.071318309119306 20.266179248757908 -4.112284384456643
v 21.7867304021147 21.346283565520935 -0.26055079218456
v 21.79436900221117 20.489690806169165 -2.4491288659355632
v 14.169473098723756 21.16267050492388 -3.0659081847704783
v 13.65106002727589 20.07959722738542 -4.77531957017186
v 14.608495075034625 23.76983239537185 2.3735859775642894
v 18.217333744358257 22.604814595984863 0.2255270669964915
v 14.598972720515121 22.260297110271495 -0.8876509195122253
v 22.333055318191327 22.22191862501859 4.936153234052654
v 22.068799742479314 21.997607315090136 2.322508711096134
v 18.84400849503527 23.492344769729243 7.1503132446555355
v 32.821973385947786 10.088502819322002 16.28471251540941
v 33.840547345642335 8.560139023340525 13.906247324822289
v 23.441420769086108 21.312804768882415 8.392416828459773
v 17.53620837350445 23.212643371305603 11.930305766376478
v 15.292672513476646 24.45599114840843 7.017922285225723
v 31.148609279478478 10.422814427091907 26.307608528273704
v 32.251858241377704 9.66558128242923 20.218967352418986
v 22.924188055269042 20.30731591663789 17.533674217937914
v 32.56782552578443 7.720641576267099 19.352247606373567
v 33.1199462387176 6.544779542258766 16.39986724231312
v 32.38943012769414 8.416862275882977 17.773551795234198
v 34.52521740272823 4.237004524844451 12.964161744050216
v 34.422369710795465 4.106392532986774 13.49296557598882
v 34.597250533817714 3.564306064361972 12.615859887238912
v 34.029023961456915 5.410670852770181 14.522126620963718
v 34.30289342962715 5.570486458194409 13.557514276141774
v 33.24504487643753 5.770750390288413 16.367320687313622
v 34.032085664617625 4.859484489257511 14.691809052624194
v 33.71928366577595 5.462309692447889 15.362125720030235
v 33.93746675159673 4.84297423689668 14.982096331881621
v 34.18923221646037 4.504857180214003 14.286140610509392
v -12.76032241233679 -24.82886371508539 16.748485868570242
v -13.502631259649206 -24.637518107560027 16.032801312511765
v -13.086728635096733 -24.812150814590495 15.510715883496232
v -12.953858908158509 -24.817794851180224 16.18505419797293
v -13.817409755299195 -24.51098136064502 16.646564396043686
v -14.861548093273086 -24.213059094630808 15.689947167500577
v -14.397759082306948 -24.346241977675163 15.042153650804721
v -14.138451373071803 -24.438936185089915 15.88266704855323
v -15.391998403662 -23.930659735908193 13.852607297181748
v -14.741915234051703 -24.097403317957287 13.140159089035478
v -13.86225250525058 -24.524492842178006 14.422288840989495
v -14.596330164758001 -24.23224111057789 14.131897979327732
v -13.25683623639361 -24.770896110947433 13.798540895458245
v -13.182753137255531 -24.797259037297408 14.715425840812713
v -15.272524531386807 -24.093638218004344 16.369894589616706
v -16.551772042717857 -23.675018362007904 15.293988973568958
v -15.987269619126891 -23.800685498505118 14.575983448985426
v -15.664424944850907 -23.962115062322482 15.49298402120985
v -17.107345903944406 -23.5259873711002 15.97522394905991
v -18.543666495877915 -22.83958050207184 14.856880862845173
v -17.863778091643326 -23.026467248424524 14.113808396412423
v -17.519424410662396 -23.305749499444573 15.064902033022008
v -19.15532661571251 -22.13868654979524 12.962871781782269
v -18.332381275517946 -22.292024641608805 12.050807031569093
v -17.16305878411822 -23.169025543507814 13.3272096401206
v -18.126304082092247 -22.69319447581438 13.115354716536785
v -16.43447821871996 -23.298366242019256 12.506552748393915
v -16.248811576734624 -23.579298584829303 13.574410252514099
v -17.471990896156058 -22.38856585134272 11.072801240977242
v -16.56989294124378 -22.536341808932775 10.10677487589146
v -15.664717625365483 -23.472013711761974 11.700184206232734
v -16.54391182445397 -22.95560724828647 11.362057513977561
v -19.415818295918143 -20.969458005227352 10.629160212100942
v -18.406564343720675 -21.062624355694425 9.492653469507331
v -18.443047030084927 -21.767765186548786 10.855431156585837
v -19.140416771720993 -19.013325979387446 7.6245580562267605
v -17.98113454686245 -19.240554458889164 6.3790428775355394
v -17.363735239159723 -21.18590909689192 8.350600250495518
v -18.237270948299738 -20.193250009426265 7.9928531237446805
v -16.369734398223954 -21.505422271977295 7.24982160849504
v -15.670167746058723 -22.801059892124613 9.141045406883222
v -16.507491769310946 -22.04828801752774 8.737467884000125
v -14.042257043947757 -24.336697943117542 12.405847766895022
v -13.329995525018603 -24.696620300359427 11.608637836391608
v -13.304867156394721 -24.732724790503198 12.762295295805416
v -14.871591973153954 -23.725911047040427 10.863273308151292
v -14.833472443911887 -23.93023817961148 12.055129790280262
v -14.816341600459964 -23.249668058622774 8.088014639941775
v -14.093156955659651 -24.114530548069524 9.93056012830175
v -14.866253865990984 -23.48666219084953 9.538041231528041
v -13.360963050575265 -24.687760391449046 8.891104076337797
v -13.355163640379033 -24.68238374199609 10.313400092502889
v -19.16332414088447 -22.617885250076142 15.585481903834989
v -20.51165991146081 -21.633428443697994 14.508192378687454
v -19.88275693464402 -21.920173445616456 13.790194080783294
v -19.558464515600463 -22.305757741309208 14.716536340542916
v -21.078592908213977 -21.261866314880535 15.079592667739234
v -22.20829392550877 -19.786591512237464 13.793706246958209
v -21.634560623466314 -20.261400004799725 13.254610419146957
v -21.398751666656608 -20.80227359573655 14.185162219640915
v -22.569837467823163 -18.355695747619393 11.726368874491527
v -21.862143210257273 -18.672126743952504 10.978218461353208
v -21.005707028958568 -20.6023475109032 12.53840072438743
v -21.782868946436793 -19.561227516013787 12.190265081201687
v -20.28207071669749 -20.83142842921734 11.667437713103936
v -20.13152694090786 -21.446869306810186 12.794357663286974
v -22.751528231707198 -19.246935616774863 14.193663203475808
v -23.829481406910418 -17.383914536860175 12.63399042133733
v -23.225220202306446 -17.89809759198215 12.277948790918344
v -23.01651370203581 -18.62907139269919 13.283586994536563
v -24.411486847940978 -16.82191374877857 12.815487269324876
v -26.30056251588576 -13.079670578243167 9.6587568882087
v -25.230587594709505 -14.563082621859394 10.22524905752016
v -24.777397713489336 -15.924445686450781 11.707037507170753
v -27.391692336477718 -9.787981959850185 6.82499644381096
v -26.284145909245126 -10.903232027293598 6.811451237774236
v -24.424762257947805 -15.451909984551094 10.24651958380582
v -25.820915761483775 -12.7925799001614 8.502046156760116
v -23.641551609835005 -15.922631789928346 9.774401824863162
v -23.417146353074713 -17.028631707775276 11.142900030888086
v -25.282371570197938 -11.764673888504149 6.544568161887128
v -24.203955887514894 -12.311534783300885 5.979529157352772
v -22.77442716974474 -16.147411629569433 8.98158752208792
v -23.8372814028462 -14.2842460160673 7.993099433066618
v -27.497979927791675 -7.685861977341574 4.5795108859108495
v -26.51239816832458 -8.211799828685798 3.9703246993146877
v -26.50934850962949 -9.365237476602033 5.33957116776628
v -27.056032350781607 -6.479175746917463 2.246444899586777
v -26.312698519444893 -6.929848334822964 1.2704667947821235
v -25.641332779083314 -8.657149967233636 3.1426239029815406
v -26.422532001437503 -7.396016729972416 2.638155311605715
v -24.661204753649145 -9.129761549266732 2.1085092704086037
v -22.999328658488594 -12.677985240909038 5.133620441229596
v -24.490700889433356 -10.421043890645706 3.9510279598325724
v -21.088842748456955 -18.890933733092425 10.053953269689828
v -20.19749929689715 -18.966033385128867 8.92199030175152
v -20.31676600436367 -20.034210067587992 10.399545723959818
v -21.795677031177547 -16.190935510535382 7.933764782080743
v -21.856911094391762 -17.57146252437542 9.578805725420352
v -21.764833563616776 -12.929624238883662 4.036608103628623
v -20.7613802260621 -16.08251604880661 6.67112538439369
v -21.697632672134205 -14.576312262896863 6.056511359365686
v -19.678391259782984 -16.033692602967676 5.244159126684281
v -19.946191521727087 -17.5622135792255 7.188066622142742
v -20.669982003148107 -13.219191259096988 2.724275348573201
v -19.86863600315064 -14.098444476067016 1.4251975279330509
v -18.606396481722186 -16.52399870944373 3.9505395567516643
v -19.676034157861068 -14.83357482186966 3.326631419827663
v -23.654723437437497 -9.784309000059238 1.0107319586849144
v -22.65233723953679 -10.799118462024126 -0.11658976852395142
v -22.088485217089328 -11.498792309933378 1.9056867927051826
v -24.44760338255037 -9.455385483984628 -2.386057871158414
v -23.521583914469375 -10.867062497035477 -3.5311160337867022
v -21.491142353537725 -12.216927914745611 -1.2149395499346838
v -23.175934248987687 -10.751911383471452 -1.9216991569684296
v -20.260578572244412 -14.118597275943102 -2.0828017135441996
v -18.779289967917066 -15.720964075366282 0.3716693245614806
v -20.09081664711084 -13.95525143764553 -0.39204596330333175
v -25.65218966039356 -7.566827125838245 0.06401808498394246
v -25.058855195000433 -8.384852904050149 -1.1777088269774936
v -24.844391440163236 -8.490145020280579 0.4027630535344713
v -26.761860731361594 -6.205085865026376 -0.23507317169664077
v -26.257703489422056 -6.859373155361482 -1.4716861541114667
v -26.275505209609037 -6.815511427134879 -0.11632611705346818
v -26.543627058785205 -6.392249031865049 -2.780676268845582
v -26.133744258149818 -7.073240709150468 -3.9510999255146544
v -25.774876996096282 -7.5980265073580995 -2.7167105208286557
v -26.19045923786325 -6.9528713308563965 -2.7629022509295282
v -25.29375118131611 -8.595141444880028 -3.9459313442052917
v -25.218576853592822 -8.433221671311912 -2.606246812172458
v -25.71661791589031 -8.001204153982599 -5.171233500692324
v -25.104313417145022 -9.269674277476497 -6.472009892096594
v -24.59283314010827 -9.920499988392294 -5.185774784035857
v -25.244036445021266 -8.895686995506367 -5.216558029268526
v -26.33570103988677 -6.703406358926259 -5.03212955834897
v -25.93600785716626 -7.609145958018871 -6.2456763163904725
v -26.069195557996863 -7.281240199289186 -5.089298614416293
v -26.050215889072206 -7.375544751757388 -7.367642980087112
v -25.53724691608477 -8.51740224820287 -8.914078894508748
v -25.377677017759197 -8.825631565671756 -7.654292830727172
v -25.76720226260295 -8.016224204834543 -7.478036529731071
v -24.439167438829827 -10.368156642106442 -9.245337230243877
v -24.010594036444672 -10.912007624944636 -7.823856022178006
v -24.824783050133192 -9.791177958802564 -7.796203133560084
v -21.70000784075455 -12.743267449018276 -4.317025846645038
v -20.09047458428722 -14.795909368981484 -5.364498996037582
v -18.905903799412044 -16.093760761909834 -3.1122116272899802
v -20.25046122112326 -14.408730386040588 -3.7176414461707736
v -23.172973719338188 -11.681736902688499 -6.262014031781291
v -23.44845232811531 -11.237208196695974 -4.896995471874106
v -22.04090957788867 -12.81521265550873 -9.20954168064327
v -21.130603319656075 -13.689214485468256 -7.398637003468139
v -22.69310052898254 -12.210546756859912 -7.692901967496709
v -19.578934084922366 -15.782483592415701 -8.725263226986954
v -18.702941304795786 -16.848634395757472 -6.596209410457959
v -19.832255694744163 -15.256645107912846 -7.043305996520758
v -14.037568133481727 -23.93672773768776 6.930846821022897
v -13.301024971861807 -24.78339344847518 5.680181428832384
v -13.345840019542266 -24.72524035956667 7.344473643796391
v -15.478470440137244 -22.102533881788986 6.092597782811026
v -14.67947913316857 -22.982324281925685 4.829174591523724
v -14.747645990793899 -23.067030599740974 6.515413328406339
v -15.277502509027727 -21.821016177949787 2.6138161565916107
v -14.472810556480908 -22.96995220684039 1.202101880975249
v -13.896628614577821 -23.94860117189637 3.474654288962938
v -14.584946940300142 -22.945186376631682 3.0406939993290507
v -13.091187496269413 -24.847433872178954 2.016484133059066
v -13.211650219172043 -24.805714252162943 3.888500622122365
v -16.92991406310375 -19.760539333100496 5.186169842508207
v -16.053739411546303 -20.666168725332682 3.954777401980209
v -16.199867686239486 -21.00370282987933 5.652911554221191
v -17.554547276858102 -17.592009178277294 2.835195542476413
v -17.701606588743743 -18.271604901997307 4.623628559031886
v -17.671383411162424 -17.46654800214219 -0.755155323787335
v -16.71029166364133 -19.041719602641024 1.6613428264452068
v -17.594092870829627 -17.376972106876565 1.0362049495813608
v -15.915513510746678 -20.53107799893405 0.36582723179020604
v -15.980855941184018 -20.549163968509674 2.1866018215959
v -16.708713838645053 -19.196174216417603 -1.9907621228359176
v -15.796001096181499 -20.843070609686038 -3.327358604439496
v -15.073486123669682 -21.9165769681822 -1.0471572832816491
v -15.841441251627657 -20.62037807593697 -1.4843198952123657
v -17.70854179204798 -18.005410167320406 -4.307711861380767
v -17.701833024697407 -17.689705452264207 -2.5325900871173417
v -17.59568153584496 -18.80326327228795 -7.875673119946896
v -16.697448649950275 -19.819298258629715 -5.595134854863318
v -17.672534862075736 -18.383419698584476 -6.0901654029789825
v -15.715701848336721 -21.506525545028126 -6.9635692252204535
v -14.91510742299397 -22.304570156999034 -4.770689978699011
v -15.76867461258189 -21.162677731603253 -5.150790429194785
v -13.645254594846847 -24.038207178326047 -0.2945776120088084
v -12.818965710996054 -25.012920012017275 -1.8692682431203593
v -12.953230187053123 -24.913579668473176 0.08426172647807562
v -14.223869518805259 -23.148439142869393 -2.5635612260136895
v -14.352062379743074 -23.041185585412677 -0.6689205632848143
v -14.087258780845332 -23.61029381265689 -6.2556569628268335
v -13.396809789154759 -24.27793058646239 -4.122158136260623
v -14.126926023919623 -23.338563441580845 -4.438182330767404
v -12.624450000119396 -25.329405208445678 -5.678133267453632
v -12.698439152425635 -25.132649226963622 -3.8046344057840997
v -27.818598784821006 -10.985271700420526 8.778625629694943
v -30.271032652122813 -6.949712669747441 6.637012446640256
v -28.7797254612924 -8.365084924850635 6.652755165429426
v -28.52533430292351 -9.394978273335255 7.559773284547646
v -31.48933034962829 -5.3151124714308935 6.750848304558531
v -31.991001613863773 -3.7131067048646855 6.334505454787632
v -30.987304978103566 -5.043435698226858 5.624906364983872
v -31.28505139491972 -5.140115419315407 6.224972482212252
v -31.21418175920917 -3.9766706271384464 4.8550786237335615
v -30.104628724004215 -4.972985812143179 4.239341753398094
v -29.780211042518204 -6.22595651505344 5.338767199686117
v -30.581047561619926 -5.031123243246384 4.987210928264176
v -28.586698446366427 -7.034462949862245 4.992894711590452
v -28.764503665641314 -7.638997563835801 5.841035869416373
v -32.80434992385199 -1.8919717597032104 7.549703509065694
v -33.15891731167903 -0.4147413875108441 8.291283666208074
v -32.27815130982708 -2.6767301216482338 6.131047932634374
v -32.60319771241848 -2.236134535904057 6.9728892327175345
v -31.32173883719952 5.605132965774828 13.154155962532968
v -33.41425757393881 4.111234709277824 12.073669836209774
v -33.441798449026464 1.303406601584129 8.834873284142304
v -33.711577616672 2.415949223711891 10.577278676440983
v -32.74884179959372 2.6109646293559763 8.915282738847509
v -32.64141480183207 -1.1851401117094724 5.805472175778959
v -32.4498885273224 -1.8671419432708944 5.90428798284529
v -33.09489615912025 -0.13787758990946486 7.468193792426064
v -31.260080808795465 -3.253440514480417 3.9205205328626107
v -31.803238030413922 -3.0343857104603558 5.062579171883954
v -31.25449217674759 -2.749161322326472 2.6373594735398456
v -30.190951409105764 -3.5489734596271774 1.63026614791886
v -30.182539554316463 -4.137055333563239 3.056104290867097
v -30.739005910445485 -3.4364543629128548 2.75011554511525
v -32.76069596265734 -0.8010077763472623 5.825570775559754
v -31.410128352601532 -2.213507050010435 1.5562181282869005
v -32.03435205452479 -1.8719294677991911 3.592480779452899
v -31.994212668398177 -1.5978636748393455 2.3818773876973864
v -29.74971927335355 -2.225837270577699 -1.7408284706373252
v -30.07868976284408 -2.9829751134061553 0.014239161332322503
v -30.626688859641945 -2.289214797004888 -0.2979651932424616
v -29.033427676227802 -3.6477191076812687 -0.5884091446503419
v -29.096974276841138 -4.153263269836998 1.0150960449687432
v -29.593131584715593 -3.6132752482349133 0.5606839139607871
v -28.94486712941398 -5.63039683463694 3.713279844057979
v -27.95330167942666 -6.073526575947653 3.0659241436874254
v -28.29962101719684 -6.511754821974137 4.07272795046606
v -29.05790443926162 -4.738500843216798 2.447513853651685
v -29.56405142692165 -4.868837619035048 3.393986179358535
v -28.22986669900274 -4.697339183070653 0.2762884485342738
v -28.135447724111145 -5.1862366892924 1.6920437176441965
v -28.623515968874926 -4.66775104993917 1.3887274882577003
v -27.37998029810842 -5.659072298386036 0.8217714564640346
v -27.613541757633357 -5.765333391875629 1.956591823314966
v -33.478469029054395 5.771017175201905 13.858770450239717
v -33.71630627387458 4.404180503209318 13.065980838618998
v -33.82393320976553 3.20011514850421 11.953008379624407
v -33.74810366311249 4.319305562875343 12.844459026928234
v -33.46901171464924 5.505284345781547 14.010050142878754
v -33.620538318833496 4.896091534729294 13.478937386880716
v -33.80123180096416 3.517543727702332 12.531166818335805
v -33.672861886381725 4.617992652456451 13.27828261187733
v -33.82050053706371 2.9234609998825363 11.762967187725735
v -33.72468440416014 2.574950171592718 10.103734852768866
v -33.790736253622526 2.670659710975542 11.074786168911487
v -33.810477132774395 2.7520516929637324 11.482239600831235
v -33.50114634892452 1.7729795154970134 8.647298196579413
v -33.76624985501621 2.7275782421579606 10.549475232002806
v -33.36837779549751 5.882232157401177 14.29820796061449
v -33.59046569707243 5.153475140581577 13.542056408964527
v -33.76519716872099 4.045634828387847 12.783453808560807
v -33.5909522934835 5.085051133615252 13.56675479016576
v -33.43320110946661 5.811408290659983 14.04890679341679
v -33.76013608426729 4.266025062533572 12.756230907365534
v -33.6107268971391 5.134148591047051 13.43957366434006
v -33.80728534938498 3.0884135698938735 10.890943059021083
v -33.82442944174909 3.2470665832740906 11.94194433350549
v -33.8251810164038 3.3821187673827353 11.960924002430147
v -33.78154391746102 2.8380612219591512 10.68493451904942
v -33.82344661335446 3.097906114360967 11.891453933624689
v -33.742522257743985 2.992986172118208 9.491512858613078
v -33.584450690941594 2.377522259484863 8.091600879580255
v -33.66371050140333 2.568493133573611 9.096215303620738
v -33.70963604881399 2.8187322635315013 9.320754253949417
v -33.729186625409056 3.0414524995514967 8.296830142626277
v -33.769778883442996 3.148456435458229 9.605619717007812
v -33.52009229334544 2.0272765764782434 5.915436942446831
v -33.50786475184759 2.1278002887695493 7.08965671356782
v -33.60732794894102 2.561417913356536 7.092694930020571
v -33.2594042883502 1.042709262128028 5.943492718439757
v -33.26283214326577 1.0090903732987613 6.945085186056076
v -33.3998331219118 1.619938620872631 7.050183988613298
v -33.357181260256766 1.2469623212355145 8.160536174112167
v -32.86403025100117 -0.5044997940695737 6.013009760661134
v -33.12577335118476 0.1751427148715834 7.262040718866956
v -33.310636627313215 1.1093229106336935 7.660334936905656
v -33.57084526257677 2.134389665354661 8.724970546472377
v -32.9842484712517 0.057062396678411176 5.4205461101323635
v -32.93674028105852 -0.21067388845182222 5.950021421029305
v -33.1204858307774 0.39133515163695165 6.60019131079207
v -32.369000305108784 -1.0944521358775319 3.029361662738438
v -32.61687540757703 -0.8442979194022655 4.656023353764567
v -32.540915780695286 -0.6392330633119627 2.6237459151607254
v -30.88854517780237 -1.1719880069194346 -1.4260517816571792
v -30.33473342189609 -1.7147791520609417 -1.5189981700708586
v -31.9140784297324 -1.2261839619262673 0.9873808262412354
v -33.084935386052166 0.43279901495330364 4.050724518447396
v -32.55162331063184 0.027179752838161875 0.9774543046222561
v -32.86569961393616 -0.07266631711591387 3.573462267126615
v -31.842592117382083 1.557494841642665 -2.0663007956442243
v -29.218922082354766 1.5550058528222053 -5.039855480821188
v -30.32899543847452 -0.10810088561311204 -3.0209425812697646
v -31.335363536709337 0.6771753130756792 -2.3399906507208925
v -28.470510304312484 -0.705330531187883 -5.680269353431413
v -28.64747241099394 -1.6194414855541481 -4.6921422972670825
v -29.301135195786628 -0.9097165310846549 -3.7653498756048975
v -33.39876839115095 1.4324056889394114 4.344111440932238
v -33.14357748026487 1.1736343348139258 1.987831403238829
v -33.24807044620138 0.9175510043032773 4.305801910245009
v -33.4983833485112 2.8500045140683596 1.3073847380227335
v -33.54395719752574 1.9854569873975834 4.198303850136199
v -27.88930461579912 7.3596581016040545 -5.972132048791991
v -31.45263086288287 4.266301483019561 -2.533801760358756
v -29.91586544990787 6.194846262579176 -3.3762464881694996
v -29.078912396196756 4.356118267597594 -5.260724482475325
v -31.982951093043084 2.6900043272084986 -2.10796455945092
v -27.395414076354427 6.669456623681981 -7.4680721433232975
v -27.488269679608493 5.507415011749799 -8.582952445672163
v -28.133689232130564 3.538996125418862 -7.0956458240975735
v -27.88811944038207 5.116049974782527 -7.269819636987904
v -27.220877725048922 9.255132994132964 -9.060750976824693
v -27.06968836590204 8.384042913737176 -7.728938406409725
v -26.491891261159253 10.16553982365349 -11.24347011437203
v -27.152188137615667 7.834111282430513 -9.897348718800004
v -26.949566501376466 9.691505790230622 -10.152296933703838
v -27.258878014081347 6.25697041180274 -10.78316556730988
v -27.607437622456928 3.9409422254336732 -9.530556800591512
v -27.34786975276438 5.85724832236474 -9.649733174565881
v -28.118289178388295 0.6233304918806368 -7.123855167027159
v -27.642985658289035 -0.6525019241406085 -8.189772307735893
v -27.791807075494944 -1.7760890954085653 -6.871597685742927
v -27.98504848190896 -0.6586728308233205 -7.048284576384958
v -27.830631205975806 2.1444892508890234 -8.381965243417653
v -28.174382663675715 2.0262136523872414 -7.091481450109313
v -27.711590934462947 2.319943992698086 -10.83986127587832
v -27.685529119753483 0.6796667860671732 -9.528589939355697
v -27.685625475478446 2.1927839446872213 -9.524494821044755
v -27.78083456731474 -0.6979155064844917 -10.736694405606613
v -27.42904222436664 -1.9250594123207065 -8.992951475400787
v -27.595467832523354 -0.703906649517819 -9.335864638293515
v -27.567953455260067 -5.229148109181551 -0.58060448148413
v -27.005221568115303 -5.786222108601123 -1.6128722834489508
v -27.185900596887222 -5.692177716590322 -0.3777993929779484
v -28.24506681461571 -4.269155118036679 -1.2348187146074565
v -27.616904572434578 -4.849059100928116 -1.9828041938446859
v -27.914725664937578 -4.768015505107996 -0.8630534107105632
v -27.591644919135433 -4.47299204085698 -3.36869099488581
v -27.119012861510782 -5.1440003617012735 -4.1756042480046744
v -27.09822652274306 -5.443172241023603 -2.9163553673897695
v -27.345983589448224 -4.978736743365289 -3.095578521379821
v -26.682940574830354 -6.041821929095022 -3.9575982158285115
v -26.83937409430837 -5.901351542127031 -2.819498893768241
v -28.883425901391092 -3.023492695753248 -2.258905200382742
v -28.189905570967312 -3.766335715115929 -2.7328377591827575
v -28.570305928657035 -3.695334493618475 -1.7012559271739747
v -28.72271177883158 -2.3403644808225863 -3.7721336197539586
v -29.13820007376671 -2.26323940133625 -2.834231985226779
v -27.973401483654015 -2.603100195529123 -5.540213898304046
v -28.098170103015946 -3.234004360308745 -4.162650425229913
v -28.33153644219783 -2.4699692542427556 -4.629827845486716
v -27.542985278028937 -4.079025399315697 -4.723843330780028
v -27.842632311519992 -3.8984174328909376 -3.7297030751547027
v -27.46528161252536 -3.561959200235833 -6.086923032833965
v -27.06259899343786 -4.446618575599587 -6.7585549558857565
v -27.107729606117573 -4.827637115487278 -5.4541604070091125
v -27.287170463823713 -4.248827071185815 -5.7414895655101645
v -27.364722369060473 -2.8915386493138158 -7.451067164537108
v -27.637459657462387 -2.767387911038213 -6.44938737454504
v -27.344933312046123 -3.1198532385028557 -10.015036396823689
v -27.068411652546274 -3.9140481381498375 -8.220594697481829
v -27.238975739090165 -3.0122985694056297 -8.594831902113583
v -26.840193117970557 -4.879642106919846 -9.264946222497201
v -26.786515752486594 -5.277329585002917 -7.620292508727289
v -26.926874728147595 -4.658593341616324 -7.89381328961781
v -26.74114906828072 -5.78046906959753 -5.107648357789003
v -26.429989934549667 -6.46894036003323 -6.1157785613440865
v -26.547211491753842 -6.229054953834293 -5.047469389763137
v -26.75745727473077 -5.540818530478191 -6.276219274534014
v -26.92632309162218 -5.3266125272052705 -5.2411727014336975
v -26.50159187376994 -6.110568727739974 -8.779495842336019
v -26.474658039749556 -6.303923352130823 -7.314947840774494
v -26.638272469630465 -5.809667865377833 -7.42300416186481
v -26.118122586240133 -7.189362004420218 -8.658561578604349
v -26.28284992474437 -6.810188375553935 -7.29785192627287
v -26.162764193615658 -7.013913887067247 -10.383804811840491
v -25.840969796741774 -8.054503925469362 -12.374791112292769
v -25.648701583149887 -8.293289671957154 -10.443369512119716
v -25.932601682288805 -7.625553531310288 -10.36159120389675
v -26.659106986260667 -5.767665802643023 -10.738717875830844
v -26.64099451886068 -6.663567482216877 -12.680995152867581
v -26.385822879119587 -6.411143185083802 -10.495332950145894
v -27.616307166939805 -6.1613813170761205 -15.477226246838654
v -27.367560045160644 -7.268591703717902 -17.701482530747853
v -26.76443102032499 -7.713909924431846 -15.004677296026784
v -27.256312542904197 -6.9463612971885595 -15.234801265063652
v -26.687139275545633 -8.977445430361058 -17.42443452810039
v -25.589948679853478 -9.313252358537738 -14.759391753666932
v -26.191629959921556 -8.495221762539586 -14.83543810070114
v -27.37395806529821 -4.176217612416394 -11.453615928284307
v -27.528209127605805 -5.138756201370143 -13.367529693231518
v -27.007488336545066 -5.0221763130718955 -11.093994682682933
v -27.937511384998288 -2.015166468520192 -12.155781776130425
v -28.027158342611074 -3.2408389923250525 -13.93637655557177
v -27.714272032510053 -3.1721192937277465 -11.840169803459503
v -27.85079364142439 -2.150140815269765 -16.22431313366269
v -27.448404907298027 -3.435477255639398 -18.397199771700798
v -27.928333502195528 -4.399085995363521 -15.930889475557706
v -27.923590391634207 -3.3484803815747455 -16.115969552067327
v -27.513647368670718 -5.516980726345537 -18.05019269494369
v -27.83589463745193 -5.321497844879559 -15.720458207810225
v -26.946948034550587 -4.5865222704601365 -20.491750409790257
v -26.416459181871687 -5.7200907656656454 -22.269034165632547
v -26.98258279053516 -6.595716791814084 -20.165103297717906
v -26.9711742726995 -5.629039423361519 -20.33120972753568
v -26.797538847422402 -2.1686849262064243 -20.81540928994218
v -26.35255124728974 -3.430565522559391 -22.5492968361541
v -26.892244480595764 -3.444429003600135 -20.65272469280717
v -25.774178417090297 -2.071803159207093 -24.043819899305163
v -25.3534122373203 -3.449903514336256 -25.17385334385108
v -25.878536485011864 -4.6704721958344635 -23.897400148543966
v -25.8447830745572 -3.4273189368514068 -23.98357830005807
v -25.347888645386774 -5.922547392725846 -25.02184014325576
v -25.886032960414013 -6.919930319607829 -23.699543302904203
v -25.884852602783212 -5.825779144814987 -23.802670426439363
v -26.842729682430218 -8.449208892753177 -19.87782472597246
v -26.167859002573095 -9.754886779441676 -21.841576080763843
v -26.238687687100537 -10.391045944571488 -19.649366506530896
v -26.61803294960191 -9.399308258725796 -19.759530006881505
v -26.421606986477855 -7.742003038268194 -22.02171069968972
v -26.957551982082805 -7.523327936026817 -20.01434994822648
v -25.246768129823977 -8.18571814060806 -24.85479304067303
v -25.74571493593612 -9.032412758112969 -23.534030665241517
v -25.8391221757156 -7.980823111483005 -23.608407649340734
v -24.96516852361856 -10.437890484708987 -24.77693520600951
v -25.381711913742038 -11.205037429023832 -23.42800323438496
v -25.598468934833363 -10.097389226056748 -23.46926757360052
v -27.93350057794669 0.7673967916985589 -12.388507349741303
v -27.997957740160928 -0.7279915910294221 -14.152424157638052
v -28.00860504776938 -0.7210300404566397 -12.324924615731106
v -27.42018954213563 4.485210549005615 -12.178135099875362
v -27.55300868231825 2.6605577165480554 -13.964285991307406
v -27.7265694319085 2.4945943147595244 -12.330532518923974
v -26.540322057418962 5.202149235046818 -15.732638775892156
v -26.470269036477475 3.0842497981288943 -18.395326857296823
v -27.45897031254026 0.9014348318019643 -16.15418784592748
v -27.100209041784183 2.8761370900133443 -15.975290193620822
v -27.207219301035366 -0.7369562115127906 -18.58170171386064
v -27.705241092187862 -0.7595992799338092 -16.23967825845466
v -26.478095530237624 8.8750036369197 -12.165907558377512
v -26.50408748704649 7.178371429541585 -13.662725092229266
v -27.01434404637621 6.702017632040224 -12.119346063182093
v -24.66558412134873 11.730431472745295 -14.206885617833905
v -25.790587797051558 10.879337011949247 -12.570330602747163
v -22.178240574892698 11.731002380415703 -17.48837136939983
v -24.446444704957685 9.855988023859481 -15.55454569388894
v -23.23674193811894 12.034522914050285 -15.819697377843113
v -24.72413708651584 7.821467604645477 -17.731301014284327
v -25.66734882482342 7.634118350812969 -15.533662999396256
v -22.56680467137994 9.575357394913226 -19.487790000232962
v -23.56283380032619 7.149821228234941 -21.76130935297624
v -25.105146894165955 5.4729756689780515 -20.33757402316951
v -24.000074400171798 7.663111788454444 -19.90670855897679
v -21.16743047773707 10.014687709543978 -20.95715337914953
v -21.576564112610868 10.929780438414127 -19.324921122773958
v -20.7224621487494 8.53196460936124 -23.691810755975894
v -22.0368819085852 8.101722446264375 -22.781232292820278
v -20.942013485864663 9.185449738286025 -22.424280100800388
v -22.820147961239854 6.111037859675889 -24.41453168884982
v -24.108932280449153 4.821185196366059 -23.635890710993408
v -23.176025786926402 6.623273926930324 -23.23872445716006
v -26.340215305601305 1.0854293255696348 -20.857090367668206
v -26.091668121951443 -0.5977694258293411 -22.697190829507235
v -26.633577536931625 -0.6581011703738113 -20.870678933781164
v -25.283643465767454 3.040624442540093 -22.486759561759754
v -25.82714756799578 3.158026666728574 -20.700758021701404
v -24.43667905223265 2.6376831685533944 -24.982069317777132
v -25.332953508017454 1.0430670580348647 -24.01596586811138
v -24.83375858591353 2.8505522361424482 -23.873335306234367
v -25.17633691266201 -0.6297147361606505 -25.206946717589744
v -25.61757145730735 -0.5937125863356982 -24.080280905631298
v -24.522095993519542 0.8044789913390673 -26.092619634735456
v -24.34822690560941 -0.8023747479172698 -27.018713778503297
v -24.854889396397994 -2.122677476429544 -26.18123317719801
v -24.75301007950111 -0.7021568144969024 -26.170034233064143
v -23.357302221193095 4.08843513808165 -25.72392649762878
v -23.697910073366074 2.1665915980815953 -26.786344721074784
v -24.066779059670807 2.403564200826054 -25.937402606285104
v -22.56258669951967 3.4284077565434927 -27.30322332760261
v -22.90184316265004 1.689682249603493 -28.266009731436498
v -23.754157727813435 0.4684999025819252 -27.711270551677444
v -23.312491991298884 1.9291351089308364 -27.558862292609774
v -23.52990423131996 -1.0692876338567885 -28.50904777651158
v -23.98589565524344 -2.2800034908100315 -27.80840916690613
v -23.945382890682595 -0.9269276207887742 -27.78852616305994
v -21.484045754394174 6.918151352035693 -25.04376588847117
v -22.059597770745313 5.1955121322666855 -26.220016356495762
v -22.464429122499496 5.627603723059565 -25.38683803831009
v -20.186733953525618 7.376799785075036 -25.658233573241887
v -20.499357694276114 7.974711749627204 -24.761629099099082
v -19.46447191479183 6.30488269381749 -27.091835729284867
v -20.682997252697533 5.900932996946722 -26.631691373615467
v -19.83520417992804 6.829494449496906 -26.426306736962943
v -21.12858225832497 4.391300753898122 -27.5750982322661
v -21.61587243060967 4.800370854215771 -26.946960079016208
v -19.729677798841294 4.993700185228818 -27.81274999231573
v -19.985963551652276 3.6607090638528916 -28.58918442407048
v -21.589875656014556 2.8035812291159345 -28.540267031399708
v -20.58201645293593 4.003181399303912 -28.119238282279184
v -18.722465383566487 5.382899928389179 -28.164725411141262
v -19.095525843907126 5.821328714768242 -27.670336230819885
v -18.753797856431447 4.274036739952635 -28.718903318802404
v -18.342951498546427 5.012198376640299 -28.572488385827455
v -20.283525688144437 2.2880723794407913 -29.48133726371998
v -19.356169284379575 3.376798726918196 -29.004275251640138
v -22.916303748073915 0.09825659570120848 -29.10778057139578
v -22.624516932846745 -1.3941452394495855 -29.854730151311742
v -23.09295751643549 -2.5341390053961277 -29.21392844690854
v -23.091521816133536 -1.226407311485616 -29.194312830199124
v -21.92605114483922 1.2355029908105166 -29.496221814333694
v -22.44755723505841 1.4529478261666782 -28.91086319407441
v -21.913907914600713 -0.27341111979494315 -30.35548362726695
v -21.318106742648524 1.0304047113281172 -30.02704550315684
v -22.11158409325617 -2.857307976908942 -30.543439922166726
v -22.11905166194083 -1.567063115687347 -30.496972373803146
v -24.50886394358895 -9.54775569527419 -25.87668163730632
v -23.627035619869275 -11.131125361297563 -26.891839786550918
v -24.00583888141773 -12.075957080231092 -25.97543180203502
v -24.28795880853795 -10.795770100581649 -25.91285116756444
v -24.748083893062358 -7.19447728896921 -25.966075661141076
v -24.06881457436066 -8.53958574498256 -26.818142110312692
v -24.656054540149853 -8.359123516591808 -25.89900244099408
v -23.652699967213266 -7.448549268999159 -27.667074589529875
v -22.874311923134883 -8.991936729172266 -28.48384352775429
v -23.243303762988944 -10.10083514767075 -27.720188274022803
v -23.47118023474104 -8.756277123736254 -27.6775894080165
v -22.366827999790985 -11.737152284561489 -28.582232358514375
v -22.7017580908705 -12.775994671002081 -27.818018241578102
v -22.985841265886847 -11.448747555280534 -27.773851186148022
v -24.85732237845332 -4.772817332439217 -26.109872127290146
v -24.287636016859324 -6.090467719066055 -26.91981667129403
v -24.811184848447738 -6.00511521567023 -26.04128130447498
v -24.410540152943213 -3.5310648448078155 -27.019007663464436
v -24.877494449474398 -3.4805958238534913 -26.161104466253164
v -23.483511358643227 -3.7115288798684105 -28.511890270398
v -23.870897506392794 -4.912016426060973 -27.757555024163594
v -23.948345829225218 -3.606018758810251 -27.791732399808097
v -23.260072068025693 -6.303234408697335 -28.448468932227115
v -23.775861854861432 -6.183418473598522 -27.707353691457683
v -22.887409075050527 -5.141498123968631 -29.177467440582404
v -22.185305858425636 -6.646600443497391 -29.88025719174766
v -22.525453612011916 -7.828408227959244 -29.1965410563389
v -22.73013003408596 -6.4606718343848115 -29.169722849188474
v -22.515957755316776 -3.9912384083063444 -29.879375536864245
v -23.00914730686236 -3.841457047190488 -29.201503376174514
v -21.837401468979806 -5.475409253256657 -30.556751465570414
v -22.003576552251616 -4.150913093482814 -30.55003065375422
v -21.36365650273183 -8.293157785058611 -30.655070438429902
v -21.61898712941911 -6.8567312018276425 -30.59376651731509
v -22.02442311334744 -10.635506441036341 -29.304293254672302
v -21.15934382351952 -12.25334435654895 -30.07244350297333
v -21.46851321153008 -13.340872881920404 -29.36137679503372
v -21.769121393377645 -11.991330255888897 -29.336806085168064
v -21.691610439323995 -9.482160331058822 -29.98965466408481
v -22.280905190948033 -9.237566743248863 -29.25069297376831
v -20.829067713955737 -11.126733949132358 -30.76115086493519
v -21.103211795942116 -9.723099025776264 -30.708755030593238
v -20.07378697717013 -13.98255503676046 -30.908579941915377
v -20.494715757226004 -12.550908901934235 -30.832591408316148
v -13.300434793046406 -24.775634403722506 -7.729780314556592
v -12.550278976382288 -25.806431087128658 -9.156105204471714
v -12.591858880597101 -25.56466252872997 -7.4595265949656095
v -14.804295930392982 -22.96662070764978 -8.371646147497358
v -13.973962514986852 -24.201595172253292 -9.744210565115736
v -14.036757540945473 -23.910099833094137 -8.03264382259158
v -14.682326444841237 -23.612435318644202 -11.854136565792942
v -13.885320065806809 -24.755011869687223 -13.060887234108122
v -13.193726849882296 -25.272550512931048 -11.036759382054697
v -13.915819061650836 -24.47045414272543 -11.39538816368895
v -12.452179212797091 -26.204175475311786 -12.231983496771136
v -12.507223625128972 -26.00772060547024 -10.747928278690779
v -16.539169918339212 -20.601870550064632 -9.170635045572908
v -15.555167188314954 -22.21911708231528 -10.511561663122848
v -15.6382438899318 -21.860008930949334 -8.743332936533989
v -18.407695319042432 -17.788666395141263 -10.04238154934501
v -17.348459243413345 -19.661742194955877 -11.406649739044042
v -17.47046486236195 -19.220577508211136 -9.617293213087123
v -18.10133710930768 -18.76003929851595 -13.613121165018129
v -17.198379179550102 -20.589050420858257 -15.200167404172134
v -16.386879695034622 -21.42529525999089 -12.870867722247567
v -17.263739676685873 -20.12979133341196 -13.302900295158906
v -15.483026861481449 -22.967878149860553 -14.193740288055778
v -15.506572587322808 -22.622883703308617 -12.373485492219515
v -16.33769130188739 -22.233105524686835 -16.649324987563887
v -15.505663230168466 -23.610214319183797 -17.790580260728348
v -14.671039576108342 -24.225628698952278 -15.370990446726864
v -15.492538375981894 -23.287817699028892 -16.025727597852892
v -17.948261586844637 -19.76222194494767 -17.444344029770946
v -17.131140950224108 -21.485746432939777 -18.93229081469326
v -17.170028916372758 -21.039395399298883 -17.13529388197003
v -17.972803389992805 -20.84582156563374 -21.12802339512018
v -17.100414313979854 -22.436312521955188 -22.06919239205854
v -16.287209333132523 -22.989649725916024 -19.99438985980032
v -17.13102532335415 -21.966910790009933 -20.62086708124116
v -15.422308301395788 -24.183723594165713 -20.59457883057803
v -14.681789261674567 -24.736564566142988 -18.575799925706633
v -15.482016330815895 -23.90665029814045 -19.312740554692027
v -13.134608999277589 -25.76034896166493 -14.185912589849067
v -12.411611043694393 -26.64316493156548 -15.187848324735569
v -12.4208286732337 -26.39818772752551 -13.692780851738462
v -13.891769877146544 -25.299845680920043 -16.36295938631247
v -13.88195845545215 -25.067862046391383 -14.764897278902026
v -13.860762604853335 -25.67204375752226 -19.080046296691762
v -13.131673763005892 -26.205444961988178 -17.145833993834458
v -13.890513639382334 -25.499316484952942 -17.82590065616023
v -12.406735444011247 -26.89395238582074 -17.74675647256845
v -12.41854624699863 -26.794780664795326 -16.553729268381176
v -20.283453421350714 -14.851954676406422 -10.646843896524842
v -19.099779949164258 -16.83724876240649 -12.038795086005848
v -19.35111663105181 -16.326494766646647 -10.398173859325652
v -22.65726101708242 -12.128827466518487 -10.866149526541449
v -20.8337650555477 -14.052361146156727 -12.411482167912254
v -21.349940265283294 -13.428958876788784 -10.796532515255421
v -21.24870894063679 -13.34816098806732 -14.096812450975449
v -20.04555836309555 -15.144229292491218 -15.611351007094527
v -19.654048190317553 -15.970278491476165 -13.902759247578615
v -20.403474112365075 -14.623672306162916 -13.995482361710856
v -18.7517876351194 -17.901520629111474 -15.673862988111068
v -18.89546124771914 -17.366625910908624 -13.805889223933264
v -24.738096622169905 -9.937429689268356 -10.734725135477674
v -23.19123072032562 -11.589566629528235 -12.617361832101778
v -23.91014319317037 -10.956386662969635 -10.851511887472952
v -24.97180020638916 -9.623565368558957 -12.511073036341259
v -25.270300606753153 -9.059197240759659 -10.586972062372297
v -25.16431653597283 -10.800970900836546 -17.13274768193787
v -23.8794298058383 -11.150527790965498 -14.645859416282292
v -24.87930111931746 -10.191019890673488 -14.737098652250097
v -22.113956852983392 -12.743833538902436 -16.09843521901712
v -22.532133472645 -12.196773910422962 -14.389657974730653
v -24.299552811144167 -12.378686292474413 -18.996201158168333
v -23.150636053398557 -14.092304207493726 -20.81279564090255
v -20.516704133662643 -14.39461668122658 -17.40651958993658
v -22.12345270967853 -13.289421333683094 -17.986193222423026
v -25.53083685148158 -11.888942662542831 -21.598140568323288
v -25.564860057966143 -11.401619970200954 -19.464793502023895
v -24.354287680709604 -12.911316651140623 -24.882854236675485
v -24.50467006065992 -13.62726618544275 -23.428692177818448
v -25.03402191578425 -12.392642214788793 -23.43938043661001
v -23.122215932320614 -15.438411751930289 -24.77083588861933
v -21.799986540976533 -15.963626333114007 -22.494646277848005
v -23.532619053870803 -14.85241959277937 -23.210557269860146
v -19.280934734328184 -17.04388843237666 -17.554814663994875
v -18.667935269916597 -18.985962157944414 -19.540812146787175
v -18.654097383365297 -18.43044370125972 -17.57384010188889
v -19.947270705846677 -16.344996270286174 -19.611344537460354
v -19.849332338100794 -15.686827650904888 -17.45193083866525
v -20.394096291433016 -17.779641477051882 -23.649561179472585
v -19.460139520508164 -18.374192433472672 -21.64605345256132
v -20.235229789899677 -17.102579908898406 -21.806374925541604
v -18.694021173557303 -20.21074098240024 -23.010016917280154
v -18.75900708781228 -19.638393998350693 -21.464222972876087
v -19.14896232007868 -19.45876886032056 -24.423793882911923
v -18.081857595059773 -21.03338280206117 -25.028758484308128
v -17.7409004533838 -21.804541757874176 -23.790356164789046
v -18.447869634119343 -20.666057916248974 -24.1564766040392
v -21.47926651043599 -17.106754520682443 -25.51932234234846
v -19.713511717085566 -18.637296558271373 -25.78952788407696
v -20.15638190016216 -18.256528844380227 -24.877850965656762
v -20.33929156396698 -17.803094460507964 -27.163729144573153
v -18.656313565039454 -19.316685117182715 -27.31681912039494
v -18.298295437812158 -20.17952172751211 -26.093667503244433
v -19.177340285526952 -18.98311123293206 -26.56153717916277
v -17.2702087591706 -21.626599231691216 -26.427742437264897
v -17.09627704003924 -22.419288874247286 -25.376927851997607
v -17.671821829711007 -21.340940640571716 -25.752447792217936
v -23.20551063876519 -14.64435385807974 -26.035309658420374
v -21.91010186346466 -16.276105540277058 -26.80300462592095
v -22.52271951831608 -15.909650264882657 -25.91332331061676
v -23.002094067795042 -13.746265505772499 -26.985355426520982
v -23.66271132703696 -13.36254087557154 -26.030898975110176
v -21.740272489323615 -14.378604768630794 -28.604305046210357
v -21.920392654890748 -15.358609940515635 -27.777519930376002
v -22.36201262243594 -14.081947171506727 -27.8316308966223
v -20.630509880416867 -16.925853873743108 -28.332830017805463
v -21.29081157465953 -16.600508768404325 -27.583818425375284
v -20.585066111631022 -16.00104126111728 -29.28555206616693
v -19.18530769953486 -17.60740200534019 -29.80318947402884
v -19.061085898912097 -18.472548744175583 -28.631243698016988
v -19.91906015847053 -17.261728250927263 -29.06189838406135
v -20.374620390524797 -15.014640477987996 -30.124901968536506
v -21.09316912050781 -14.67576943775748 -29.35616876809945
v -18.99233608915074 -16.731701905728187 -30.872988546007036
v -19.56982365112708 -15.37734028900195 -30.93388536418388
v -17.851667381461994 -19.178791643634213 -30.322168635360867
v -18.424956242723056 -17.98746391354598 -30.6794652990975
v -17.44438738984718 -20.80391164306093 -27.556682244332478
v -16.525399480795386 -22.206891949710553 -27.795545677623522
v -16.380079389745333 -22.932758897004533 -26.640756038441396
v -16.893341043247347 -21.913585122922086 -27.10513281932981
v -17.702714679580822 -19.981599841757998 -28.88222145482905
v -18.159713020830168 -19.64190255118592 -28.06744226232513
v -16.697072862622917 -21.46421815508984 -29.203681015558686
v -17.28022373233398 -20.32664487506554 -29.812311952289747
v -15.646638882469233 -23.51344185570997 -27.934411139547592
v -16.16053287041632 -22.535113273439492 -28.55311606732357
v -13.066982938158617 -26.444546875698506 -19.40229717881266
v -12.3213931784112 -27.063834755610515 -19.63305468674116
v -12.373649296951953 -26.983197058281803 -18.767963352447623
v -14.544858140929136 -25.175992440945265 -20.87734674994863
v -13.692606206986966 -25.994057363670436 -20.97753743276553
v -13.79483963117309 -25.84181050044208 -20.121939546274007
v -14.300278404254641 -25.579641026175523 -22.549990597373835
v -13.424607211360126 -26.270037022217366 -22.350069330326733
v -12.89338966851119 -26.663081659915406 -20.992397894448004
v -13.567549724896708 -26.12931671258775 -21.713182077250167
v -12.167013240321467 -27.19567829407788 -20.98680444461388
v -12.251900225121062 -27.142627240806178 -20.36391767837449
v -16.16760538062863 -23.703171095949074 -22.518400372944598
v -15.224085304001164 -24.731317996918733 -22.637818840677937
v -15.338785954550985 -24.468910042232892 -21.68841142925521
v -16.75945596785732 -23.14144130834393 -24.151417928478622
v -16.97875798453424 -22.826353269927495 -23.242952064592828
v -16.165857728667106 -23.62620696063459 -25.5063335906234
v -15.792001129148957 -24.24228137711907 -24.21668206988943
v -16.47436828440823 -23.392163722484838 -24.86866103838838
v -14.849542169942652 -25.17651517075319 -24.082029762039383
v -15.059839744121746 -24.96528655938164 -23.42830916381172
v -15.245711142022628 -24.688456561561907 -25.43030410584106
v -14.33346211148546 -25.599261460671187 -25.21501891844855
v -13.934343449775042 -25.944959304015356 -23.807627928488728
v -14.605573087675111 -25.38175527381827 -24.65835262419023
v -15.484055458845432 -24.115523012036647 -26.672490796458078
v -15.836622260932927 -23.862577189542208 -26.095115248012007
v -14.581037306759754 -25.190166368087375 -26.530289017557152
v -15.112034435887836 -24.39662397736538 -27.262009575142656
v -13.434910047251833 -26.35169127244444 -24.824667423263236
v -14.026236700226036 -25.844284433680514 -25.736274483782836
v -12.63190793323156 -26.83015044253625 -22.132054867024635
v -11.951517274780599 -27.269151943255565 -21.95959979937834
v -12.065125492298648 -27.231484081474264 -21.51223221283908
v -13.071123825438917 -26.56593822690047 -23.4250667936667
v -13.261959952068537 -26.411964187302146 -22.91909083741848
v -12.29465085139418 -27.041407960625293 -23.018647981343747
v -12.843897754830323 -26.73397779345032 -23.87556112348102
v -11.822097082796063 -27.317228632226033 -22.337213067723496
v 12.95002033696528 -24.692609493307828 17.47454673176071
v 12.05747002995031 -24.95097291643833 18.013956920124656
v 12.49831553835611 -24.83651917743373 17.439959844285113
v 14.162767944712868 -24.370224917618543 17.34917588911776
v 13.03113981291881 -24.627824721628713 18.18104858723018
v 13.508657105799102 -24.53951229080667 17.44833917901724
v 13.087834317040688 -24.60613504793946 18.997647698489345
v 11.87267420282933 -24.975194336800996 19.76958954456768
v 11.963064303970896 -24.959953270004917 18.859815651715508
v 12.485666440561545 -24.786912841329467 18.96729684957245
v 10.954675144404973 -25.343058814672986 19.312764643623268
v 11.538027156691896 -25.1204746811145 18.64183611736371
v 15.76724132117306 -23.942492218933694 17.00507032412861
v 14.377756838251116 -24.28548005751327 18.06196013785484
v 14.91175183487212 -24.173909763578195 17.201101228780317
v 17.772460566648988 -23.3062722292525 16.46053160230349
v 16.186617569610462 -23.816374619422277 17.630503290400156
v 16.73428664805033 -23.668490261641637 16.74976980860538
v 16.631122186671746 -23.679000262342015 18.259016026530844
v 14.8709114608464 -24.13389323100091 19.581852458942194
v 14.602536677892203 -24.217727529505282 18.83776223516452
v 15.569253190858035 -23.972870770121517 18.575978183797815
v 13.117664845042782 -24.590012326259966 19.896535803313782
v 13.783758722802304 -24.417603027583027 18.95738786770653
v 13.141730891798943 -24.523921934507598 20.796836723955494
v 11.536614340874621 -24.862340102830785 21.732361684304124
v 11.726285767678746 -24.961709353092374 20.75024391314946
v 12.367217552310649 -24.7454774707021 20.833524166235293
v 15.159676319649407 -24.02039582256657 20.314537778223894
v 13.17992750562098 -24.386716199946022 21.63681775632358
v 14.086056743176414 -24.281262085652997 20.608685308712666
v 13.18730594526005 -24.161448559447308 22.491223240718682
v 11.137601670461663 -24.388713172345888 23.50899985678916
v 11.332713582386532 -24.664820502228395 22.660785227722954
v 12.187147973499123 -24.41344046026461 22.609234914867557
v 9.747919056080264 -25.008326252829647 23.342882586952328
v 10.110933829870191 -25.236812174542138 22.365377846130286
v 10.655764027763325 -24.939754701159472 22.568074158056334
v 10.727658647498174 -25.38322951641021 20.306906404806796
v 9.675002463437522 -25.871572374990137 20.60526708936959
v 10.332271361236963 -25.594306367514946 19.96930244235955
v 10.449514598479254 -25.36186022550646 21.33073175151185
v 11.192064335104078 -25.1724850925566 20.56376667862787
v 8.87644837057087 -25.73966861419467 22.72435591726753
v 9.308225600811056 -25.858304191662683 21.660261104207166
v 9.670130477094062 -25.548084526250022 22.055729088388034
v 8.251506818496637 -26.42565151803319 21.79932891315366
v 8.983699519134461 -26.159124356105167 21.21389802610065
v 19.802080695025325 -22.3529864999 16.120729524880517
v 18.279424169078084 -23.100863503668734 17.11450272541606
v 18.796153424232216 -22.864319834456182 16.271904430668656
v 21.739128265089676 -20.828658202124643 15.422199901205204
v 20.308009677857626 -22.040427799263853 16.733448353243148
v 20.79873974952352 -21.66826103827225 15.822849414495977
v 20.71997857993847 -21.689008834749984 17.326032448428123
v 19.051861042693417 -22.6638902909599 18.78366933561665
v 18.70651248885224 -22.882128781322535 17.902110807926874
v 19.71123169974362 -22.36059137549273 17.710603804562197
v 17.015842894179514 -23.539474763701946 19.01491584884934
v 17.68397951330826 -23.324093220584473 18.02359731040724
v 23.45539475809892 -18.705583860552906 14.311017249801807
v 22.196150695270262 -20.34808643276301 15.820452565837513
v 22.602104591220268 -19.80609511541661 14.90751700075998
v 25.41097514741341 -16.10043460031011 12.586782138338094
v 23.915763140828858 -18.2158028927779 14.555596986476303
v 24.336750938766272 -17.55078940358453 13.615617982741242
v 24.23491498194562 -17.875191427265236 14.945246289315946
v 22.739681295322953 -19.577446593418244 16.75994617760807
v 22.557735188767765 -19.900314152178908 16.21489917933377
v 23.404702011195695 -18.876494827706665 15.564693156174144
v 20.98542414885378 -21.355675839811738 17.987749367381184
v 21.67306918894792 -20.873817721521846 16.834109974665807
v 21.06309890763987 -21.11301839985026 18.835518351219434
v 19.253949109105633 -22.28894848508935 21.012360391767288
v 19.265149257686062 -22.471537766108668 19.802228841952456
v 20.185882409806254 -21.86171201838806 19.417323854120696
v 22.624102603229403 -19.449304319236035 17.6488963938491
v 20.905557297324776 -21.054573834873736 20.074037502055035
v 21.857031539047966 -20.298395785399407 18.230681421158806
v 20.432204980656024 -21.12224205162238 21.793003159809814
v 18.084832578068017 -21.721179602422126 24.033346032001646
v 18.92902315117044 -22.072586522470374 22.4042670167255
v 19.695460676460243 -21.637427206283974 22.179936435652053
v 16.61077547089917 -22.37592638912065 24.057969737516032
v 17.250895458548257 -22.845489516905218 22.55362079931183
v 18.116477002592546 -22.470077976875473 22.521505436181542
v 17.310131344916044 -23.373639334360632 20.05368596849621
v 15.338838950199715 -23.85321863975514 21.255181636461202
v 16.245963060615395 -23.719575658124086 20.08807894007532
v 17.42621590456565 -23.15864803192926 21.241409994470814
v 18.320636717091475 -22.958081181524904 19.971877549109195
v 14.972219870072877 -23.08095400199818 23.827339900923107
v 15.322422343559083 -23.552993471914306 22.476678344035463
v 16.32087000120191 -23.20694874796027 22.53067127451868
v 13.05567198049448 -23.790279080209075 23.54016129824231
v 14.265636112237189 -23.879066062976563 22.42360320183252
v 12.61994657442392 -23.22251019754185 24.829976623708717
v 10.409760635252496 -23.481827542349492 25.57926282995504
v 10.882267430434695 -24.016471735667437 24.407989135124808
v 11.755811570700644 -23.629996149518774 24.587417948365328
v 14.103458587104797 -22.39885423387568 25.386445388730863
v 11.67206399234874 -22.489527379959327 26.383389897064262
v 13.40214307853148 -22.80650880837129 25.111674994532223
v 10.13101677184568 -21.64665085805609 28.184107365217642
v 8.171698382625891 -22.31399374690045 28.68607010552114
v 9.53418338918982 -22.844306750381293 27.01972310472229
v 9.906595857280081 -22.25320532891419 27.581139736221303
v 7.624158782191444 -23.71152754619652 27.44628267245571
v 8.436621823956557 -24.03617407252932 26.132679527388973
v 9.024058716758645 -23.433078772197405 26.528891859545183
v 15.343174957823067 -21.662862708781176 25.79740255569959
v 12.55688054798884 -21.48954766628958 27.212863337625095
v 14.743521965765467 -22.01410823299011 25.617549777269232
v 16.5356830455421 -21.065259684772172 25.972803699636643
v 13.357400297644745 -20.663706836559868 27.81175993724173
v 15.933565755818563 -21.35014983898509 25.916370560418727
v 10.941429845562197 -19.631168523425004 29.82904171503651
v 8.329766336088596 -19.97418165538238 30.931028416938716
v 10.462338341025315 -20.504883695102762 29.20005081362069
v 10.672980386921154 -20.039951664349246 29.562261619330457
v 8.20764268137691 -21.016457918971355 30.021770027215098
v 10.294907019989296 -21.0517096609492 28.7358065218541
v 6.339040798317001 -21.035998859993924 31.501849367194154
v 4.249372384366779 -22.170681468269322 31.796098071194137
v 6.4343426325385735 -22.17020209853763 30.366571762317108
v 6.363337496589793 -21.56903391270498 31.000592432576013
v 6.369769241231097 -20.17570604080356 32.24578542181189
v 4.115357830971334 -21.222386965469923 32.658209604693184
v 6.333474448530524 -20.586499403039852 31.908114010357167
v 1.8018582296034538 -21.27747112453835 33.37446506842207
v -0.12515124756937013 -21.859630734728853 33.20238819699625
v 1.7492452937686949 -22.170387583308184 32.769483604773995
v 1.7657760217210807 -21.711117655842827 33.10092320971671
v -0.13358945903695485 -22.82330120233928 32.475095184972815
v 1.9376011638154296 -23.235754291938065 31.783126181720945
v 1.8099376571416315 -22.671627655674456 32.34174849719602
v 6.405565393054985 -23.485055459135765 28.943985474530564
v 4.29193541808786 -24.58339750574123 29.104246725182747
v 5.712450961122613 -24.769217112439947 27.76294371808217
v 6.118687902014699 -24.15047364237398 28.31452483895555
v 4.5309247160446375 -23.35463316761161 30.486308203942826
v 6.494510760545381 -22.82536562374662 29.64274032971298
v -0.2927266034766802 -24.010160435682337 31.325205234405075
v 2.0143491009720265 -24.430584552628716 30.44380087587524
v 2.025240760676752 -23.832398576483683 31.132770807187626
v -0.3512340819665951 -25.119397905888036 29.931499166283174
v 1.817676677970212 -25.5046232765053 29.070914871024797
v 1.936035985508056 -25.001135706854257 29.747630763014968
v 7.752030055897194 -26.309176717697483 22.8870164254713
v 6.6361145317282535 -26.859950859374294 22.899150020137313
v 7.473502390648264 -26.658463811796537 22.360957527247592
v 8.411875264892842 -25.52469658290829 23.7505732948448
v 7.190739891287194 -26.122937963595177 23.96236799610051
v 8.057509019641657 -25.92869445764154 23.35718177653689
v 6.542492298237448 -25.93882144433519 25.014548423769156
v 5.262920790781209 -26.53495986132475 25.041918267445
v 6.008746019831506 -26.677149595760056 23.984313012460916
v 6.258581359079471 -26.313580174328308 24.531917050786433
v 4.859255042187442 -27.19294179148892 23.81117381916738
v 5.769322518889112 -27.024981718412164 23.38552963082111
v 9.362605760863971 -24.714361798218306 24.27195653151466
v 7.903519924461307 -25.272124138848085 24.742755421471884
v 8.834757055049067 -25.109242012476898 24.060113652396467
v 8.962377803869913 -24.388029046698648 25.151857740735068
v 10.06251327140626 -24.36621170167382 24.337319437543556
v 6.574064455968255 -24.93111159263026 26.70970578633205
v 7.293190115854486 -25.077560250108945 25.729968001583984
v 7.8234633725987806 -24.5807838567016 25.93705813456836
v 5.75090653095549 -25.803846344806516 26.042199092755254
v 6.877418173753995 -25.526185278858975 25.417361123085357
v 4.8483102362781665 -25.680978342119488 27.00769068356749
v 3.107716331608799 -26.299815759017292 27.072699482307144
v 4.301552923885765 -26.406951280710928 26.090258919473854
v 4.533437492684698 -26.060265791185884 26.58938398367718
v 3.6556262993610744 -25.606492957829687 27.97552130960321
v 5.250620982489636 -25.281383924017064 27.365307730089626
v -0.2638381785198334 -25.96180228473895 28.61090782226347
v 1.5712630208491873 -26.22034637485376 27.940103353999802
v 1.6874871457441714 -25.91111194672885 28.460643478076236
v -0.15978613412241316 -26.55809246199533 27.511669667415845
v 1.4184277854752736 -26.785214950199588 26.829369961164048
v 1.4789602585670991 -26.50408748704649 27.406258913199053
v 4.004814929953682 -27.046449773934 24.86844664690034
v 2.7017922457112036 -27.509663059443483 24.521146889628653
v 3.850735200169538 -27.363573327040285 24.190444405981907
v 2.8755568478820805 -26.911385545359735 25.901736534689917
v 4.142833364832995 -26.723829126718556 25.504261942536687
v -0.11588496968064277 -27.08939070276392 26.286378953171152
v 1.3605694848628218 -27.34822867783987 25.50645162638648
v 1.384717584541022 -27.071680520515656 26.1958551584612
v -0.10056152062166746 -27.627029150235103 24.848016824314982
v 1.3206651163716288 -27.61170377217968 24.771917481632045
v 30.30513053429422 -9.210728662730162 8.347030270885625
v 26.16617518627936 -15.144083554457211 12.283662685408672
v 27.446391072646293 -13.1006881707508 10.294604703902223
v 33.145687670641564 -4.677150550909346 7.987746270321622
v 31.92743815099857 -7.838642410396915 8.656600739601345
v 32.22205782453966 -6.689177629465576 7.799264836720795
v 32.84190456765646 -7.203833429863153 9.564873892037212
v 26.07824817835717 -15.618046525532918 14.5639233255597
v 26.772891052976775 -14.52610972574439 12.436449140696823
v 30.574594136940505 -10.21702750528766 10.25387995674646
v 24.28802866643855 -17.78222260603434 15.71687497928815
v 25.128807042430708 -16.78799894248459 14.250078275995293
v 34.35513750370228 -0.2217189457179103 10.267317967039162
v 33.662238667704514 -3.024818791418056 8.552087900296556
v 33.67506602359026 -2.677405515057899 8.32268419030379
v 31.024563328053773 9.028662713742051 22.22748798592147
v 34.61489567595163 1.802480025141108 12.247366688261536
v 33.941345069526506 4.40279538966297 13.76368421195275
v 34.40086311298364 3.2180406255754406 13.864796296389613
v 34.52873679558252 -1.2202321139620267 12.16262664594251
v 34.10783090001132 -2.2662137821212127 10.059030614172116
v 34.56080879863657 0.4221966482571986 11.757054559552671
v 30.762699783213975 -11.062169591174097 13.705099931175027
v 33.64951971200935 -3.8356480014217595 9.059897626435486
v 27.43569076938911 -13.188582658615815 17.292489816121815
v 23.167529620877758 -17.054824807160003 20.241003906718106
v 24.559082138546728 -16.764514643417897 17.657450373332722
v 24.74460545139118 -16.086495540247597 18.27995292111882
v 34.11715572529465 2.270595859825562 15.285441016318146
v 24.669163736531118 -13.595109871129353 21.926342620907235
v 32.76410695532104 -8.264865335316244 15.997907291162846
v 32.64219287431115 -0.4818603766271963 19.030624240911493
v 19.296505819482263 -16.53528076039038 29.016825584816615
v 22.067951812099636 -17.562038934474003 24.232310968478487
v 22.41965743489527 -16.06910333189171 25.998403006866283
v 20.68107254709139 -18.94273697972585 25.10938413717122
v 22.068211972557037 -18.57339825926192 21.57019018140454
v 22.155755966472498 -18.077175911273116 22.434050571311673
v 23.91903200879824 -17.93839476060839 17.057203589120036
v 22.132339116413277 -19.53537768389924 19.08206735802287
v 23.338691112916422 -18.64769454544148 17.221154059591754
v 22.989649725916024 -18.16879093456828 18.990178925358123
v 24.335895781707222 -17.319432081268133 17.19434910135351
v 20.57792133462499 -20.03102430643139 23.68611613263056
v 21.515826281380214 -19.840914461078683 21.15786958092758
v 21.86099175934396 -19.181937658054267 21.191618173595998
v 19.461604127527607 -21.025086574141824 23.791984576540926
v 21.049189958741408 -20.511655093674563 21.402540855540792
v 33.77793298666802 4.902581393917217 15.396500624910914
v 33.75131230875377 4.95959146303835 15.445570982295067
v 33.43732031670879 5.633145983914801 15.974363974214612
v 33.62001077123932 5.003412541193484 15.754595836718181
v 33.334860456569004 5.3057924639338125 16.319019971282614
v 33.732951725362 4.867620525784105 15.52213403690439
v 32.695706435062675 6.328095390184444 18.05892372807193
v 32.68004140307676 7.4096474517150455 20.52975069882268
v 33.052923605326214 5.6128805682851635 16.884697934718133
v 32.799635720008155 6.031820204843825 17.530413781094467
v 33.247783787919616 5.088303139332766 16.5940649792974
v 33.71697353726995 4.735509299068326 15.606027353290301
v 33.55987998107594 5.166792706218075 15.84339486395129
v 33.03674307021174 5.722238293885766 16.88711405452159
v 33.543263436306006 5.127576528381269 15.895549808980832
v 33.277557706933294 5.569030884524182 16.36054206206245
v 33.71101634457409 5.063465644553617 15.512422584274645
v 32.664923189830006 7.576351889250873 20.361855665860276
v 32.65818551576194 6.740430444020149 18.776653434392756
v 32.73650104011904 6.354020500209117 17.640560419193207
v 32.38121821103414 8.639704161005739 23.096778020930287
v 32.664084895022825 6.622456107714697 18.639680158017654
v 29.920998801155292 10.745290540719907 28.09085188570498
v 28.282139679795364 12.09895960067297 30.072575992095153
v 30.645993729138354 10.450387822236735 27.117659063575047
v 30.1434552633782 10.63491626222094 27.805161978974866
v 29.84159927489236 10.921273432346425 28.1927649271056
v 31.841259999484464 9.555927865197646 24.98304251059926
v 23.967792823415948 16.09149881126632 31.404939596812255
v 25.915409412062218 15.048034963367172 30.954286280051747
v 27.622009016964512 13.408270098192588 30.503683550046844
v 23.082642636078162 16.524769555243438 31.511706557857906
v 26.129514241823927 14.858096149426274 30.94029783768019
v 25.828732619671428 15.109305159978248 30.96962370257279
v 31.81376007557992 9.390029804635105 25.09395999449771
v 32.63024476441569 7.671984344053726 21.456227856597252
v 32.709514210449925 6.032347150214719 18.349981853129066
v 28.86595901734836 11.417528300392405 29.377138182744602
v 31.02247240882207 10.21874986387138 26.548760410032628
v 23.76473517752129 16.26782015237677 31.379369196300104
v 27.567086253735397 13.295490539909224 30.598777015013184
v 26.520084946283532 14.493800446717614 30.89811089239811
v 28.660109464322886 9.653505501198197 29.696636904471234
v 30.717246378855634 10.355213659350738 26.936363358163362
v 22.319086146964764 16.445575989342615 31.951495766628796
v 13.783017988166648 -2.1072721532335663 36.27855194313088
v 16.87887925337691 -13.77709090663484 32.450799088923304
v 26.13818625707063 7.8584254451784545 31.852054249573484
v 20.90149590351757 17.164536640049846 31.8701594902941
v 18.842825728511343 17.826058438659857 32.227321256015784
v 21.324750469884748 17.023859690496465 31.8137480311143
v 16.129017321673928 18.095920713118176 33.27021299179796
v 13.802987712165304 17.651047535408907 34.349919841195515
v 16.47467662272811 18.326742056714465 32.93060001248523
v 16.363376124822935 18.159574509475533 33.12838459133127
v 8.991800024487475 -2.0124746810098486 37.70811438540477
v 9.65104782798835 -13.026429222414663 34.768633644023794
v 11.01556232700932 -2.0496810892020676 37.17167315781626
v 20.700194340710368 17.220789112283455 31.910229018520113
v 18.35797576496134 17.957384065105543 32.358719149255194
v 20.69372405377908 17.23303110714005 31.899567257552917
v 18.18022956356799 18.519924445246943 31.822644073421543
v 21.171422013643678 17.071282364983745 31.83665178693809
v 13.228820809360514 18.92829807434009 33.353329440151356
v 16.067142492888706 18.106919719122743 33.2831391123018
v 15.603563055624363 19.293651281130224 32.223216502132345
v 13.45184215702102 17.581220950421084 34.526246000092215
v 16.01516821484347 18.084678408908076 33.32007226168025
v 11.018566216735053 17.32795474514114 35.547154177224
v 7.817006936802954 17.083700209038398 36.50630556133365
v 10.823553069428272 17.31435774790225 35.61518372794126
v 10.80890097700103 17.31349777305695 35.62011473216626
v 8.31787784629796 17.283422742402763 36.2602804887847
v 11.191545218635838 17.642311684494416 35.249612516323396
v -0.16148466724757782 16.205730932103506 37.27667680909508
v 4.207831323553592 16.350746298173362 37.32081014002142
v 4.375682996439764 16.495265432259657 37.21287004802434
v -0.054292051963980015 15.794212493036866 37.52544801980548
v 4.045801343125049 16.309771026132694 37.35135008704856
v 4.075525879829684 16.318194925387616 37.34543625442893
v 11.713637874330743 17.4427842714731 35.24041777126877
v 5.536368702654727 -1.9238904969322448 38.322305047466216
v 5.39376524082536 -14.118344342165074 35.84848261811567
v 7.346421233887213 -1.9677075100802313 38.033507668606035
v 7.971011689788611 17.100026482186877 36.46567957879597
v 11.138759143607786 17.338076914048543 35.502989530687046
v -0.03381134856868151 15.714626277556818 37.569116434358875
v 4.236869927941143 16.332847017814856 37.3190877814377
v 4.162434227072026 16.338689788087322 37.33002174732792
v 0.08166564542072052 -1.634094782427951 38.51893094871957
v 1.6451105001285669 -14.720144862442794 36.15221031655892
v 2.905594540692846 -1.856258564136283 38.51222459026212
v 17.728852374423695 -20.459232761508247 26.029340421258894
v 14.297767133172783 -20.02698338821574 28.112690910767924
v 17.148770434552716 -20.78572690886722 25.98452778247156
v 18.39711305154833 -19.52048951994584 26.660610135570096
v 15.15440566149391 -19.30069127128536 28.50130318511765
v 18.204269112499787 -20.0453981717028 26.20861988312572
v 11.813728588082995 -17.883938118198785 30.9807070198367
v 8.877686541636649 -18.16055733787016 32.14814575681339
v 11.596319961401605 -18.853448947188554 30.26531634873936
v 11.833982561470293 -18.408381853582796 30.554499150499396
v 8.618320416743245 -19.0871115802247 31.531630512887205
v 11.272233502720155 -19.247520977804015 30.040778602857245
v 16.500750481903196 -17.538789502486907 29.461709602544943
v 14.580771124069543 -17.975459194662108 29.85550099711145
v 17.93013707497903 -18.80530962699686 27.655254150969995
v 11.889618357064137 -15.198704001599253 33.264417194941416
v 15.1878314624837 -15.868116129637201 31.49177778504236
v 7.156808222741347 -15.84140150489111 35.02678508455938
v 9.566232507759196 -16.417051081413774 33.087524946160556
v 9.365048980715073 -15.16787739629035 34.32288001587767
v 8.076740417897781 -17.46447153626923 33.1705161320715
v 11.041416976910114 -17.246653397756745 31.77907683237936
v 5.197209197472603 -17.809016724253524 34.530692816799274
v 3.85529583707671 -18.818916259808248 34.27991981590276
v 6.47475603025805 -18.50936988002377 33.49503498706872
v 5.936356974782939 -18.35335912128903 33.9110484207049
v 2.9050781342293703 -16.266341091998584 35.298373330941104
v 5.079588968456392 -16.46837134497582 35.353712832680685
v -0.030545905744210344 -15.671667282028466 34.96144867635485
v 1.4393646800632496 -17.604480017980677 34.631302647019766
v 1.1596291807463217 -15.79318269122632 35.03207742275299
v -0.12842557318723635 -18.677941811954042 34.398085659211574
v 1.952625731341982 -19.285246653020295 34.23809420458929
v 1.7348873874142328 -18.766972092927062 34.390548232626315
v 6.553711115739588 -19.300823760407184 32.84161790937469
v 4.210364575785206 -20.420271324119312 33.23761585004286
v 6.460185840197028 -19.752546625714785 32.5420672316086
v 4.412415304353999 -19.529439762348375 33.75799216938685
v 6.600883867565244 -18.85343569827637 33.1566336809974
v -0.1146146267180228 -19.83139210655918 34.13817572669541
v 1.9265883066753986 -20.327355498537145 33.84963369050638
v 1.9895960680080407 -19.791121435757304 34.06073222164923
v -0.1262078389061827 -20.97173922701586 33.708771256182445
v 1.8545247633102235 -20.824948506713554 33.62031429177296
v -2.2492334944895447 -20.289728587938953 33.826349329568984
v -4.581223006698792 -20.33559873080776 33.177162268200846
v -2.0890049144503564 -21.220864545015502 33.342234078421825
v -2.1629177349557267 -20.776293683393305 33.591723139283204
v -2.3075920920927047 -19.276116948080016 34.22870915697786
v -4.829049329081272 -19.420562610926027 33.69540912602315
v -2.3349751846807294 -19.767015642264596 34.04463840668723
v -6.654340217105073 -18.384818061043006 33.454857058652124
v -8.928131172548092 -18.075741415417724 32.17014376882253
v -6.766351338481854 -19.174003968550096 32.81165850559046
v -6.804952044125457 -18.72115735460011 33.12172159295005
v -8.683659233840899 -19.023189192284008 31.564639575366527
v -6.542146622074142 -20.106844217511934 32.2287328673865
v -6.656629267796234 -19.65163327496066 32.52020893540066
v -1.6887335973800646 -17.600380081883486 34.63494489342338
v -4.223548748964959 -18.749391990907498 34.23866029447345
v -2.063949414843478 -18.76564358836913 34.390386836787
v -1.648163621607523 -14.657111356064888 36.14655905328982
v -3.030436932406701 -16.193556386254386 35.25318249593329
v -1.23845418599916 -15.742894638367943 35.01599083447036
v -5.491393463581517 -13.570999259850396 35.779947199842354
v -7.091138785062412 -15.633308067920552 34.89684938944629
v -5.367593219255468 -17.710272581757636 34.46866381885411
v -5.106292753183425 -16.316625531517275 35.25092536307602
v -7.988700794222041 -17.44049461855866 33.1908206922144
v -6.109348623372625 -18.248973351096538 33.860300269259824
v -9.211347748263051 -16.429314756308486 33.12395945466233
v -14.389500192231026 -17.878973389470048 29.902910422686546
v -11.696014412234945 -17.789610681245904 31.043321378811015
v -10.721913437397234 -17.166755230617127 31.89715595553571
v -10.031340989934051 -11.116222743985418 35.32552637423578
v -11.581578739928773 -14.653369140596624 33.40389210682588
v -9.21076298945718 -14.806195342621322 34.26233971388319
v -18.43935178803258 -9.62023447159163 33.23427471527975
v -18.611857442434484 -15.375802210742222 30.148099609321434
v -16.13271135927971 -17.464923203729995 29.48494819451298
v -14.968283738708124 -14.94848625056784 32.09317722461492
v -20.595366538629605 -18.885743772856586 25.216734050352898
v -18.27482800099733 -19.386934462913814 26.786547068097207
v -17.776782120913595 -18.699915735031936 27.709536148628104
v -11.568656232764624 -18.771033486734268 30.33786016517115
v -14.261964959116085 -19.94894729546104 28.184663819529305
v -10.93841752471053 -19.578395697309134 29.885800054826177
v -11.26147177268831 -19.18139204376166 30.10773378724116
v -15.10848613631606 -19.192377800854047 28.56857393450082
v -11.772583489077078 -18.308611522616047 30.628199235630746
v -20.438494600603008 -19.949822928111644 23.916558075559806
v -17.643976229643158 -20.3455546860896 26.148493910748584
v -18.092840943259034 -19.92084273938235 26.349034263328576
v -19.329926802685804 -20.9315251652024 23.97288522348026
v -16.462063658330408 -20.97695929841575 26.05499513303039
v -17.07319623057083 -20.683760871817867 26.080204199573927
v -4.167885853323469 16.743592202188665 36.59851799012358
v -4.692826422914322 -1.57638432763099 37.99639867002952
v -2.6847622746588513 -1.2102945264902587 38.41133773733236
v -3.8538438767461685 16.87861547957982 36.5669133123356
v -7.259822730522956 17.731027604914743 35.38343375604563
v -3.9202937957973063 16.873824191156018 36.56047674990805
v -9.620073075752316 18.338414348347214 34.20145975795822
v -12.106752369929382 18.804474945529364 32.764186448794135
v -10.480924155924185 18.03973448544548 34.09869396839167
v -9.849028129400722 18.394789674130152 34.06672554774195
v -7.202588634341282 -0.9025829704872308 37.523055988933265
v -6.014441847623402 -1.629716920286569 37.66926857488579
v -4.127124069435922 16.93939185310046 36.49220871877151
v -7.200624784221873 17.731708117222297 35.398498973643655
v -3.9339281308796217 16.90091098988978 36.54267262082794
v -7.8314934178279145 17.710384595287906 35.23961801875157
v -4.501920137272464 16.887777704577275 36.464696750401345
v -12.614362760162294 18.848387862734853 32.514572125490304
v -9.786017507507495 18.386818646782558 34.09812787850751
v -10.253759512090255 18.42258227854927 33.883134167183016
v -11.767421231112166 18.835949543088645 32.87645773062832
v -9.616324838051241 18.337115954953333 34.20393128230353
v -14.550993591716178 18.727579463668917 32.002345091585084
v -17.253223653752684 18.070467143922542 31.720673218585944
v -14.55843827591616 18.728167233591194 31.99943514869119
v -14.428543531986179 18.745271579218752 32.02230758890437
v -17.345020548478715 18.883202390610677 30.84417095756362
v -15.064776770579556 19.149582610058133 31.37824665210428
v -24.823817083990434 16.095310884635182 31.030783090100158
v -20.531528461948255 16.904670067609914 32.128005001402926
v -20.447564083215184 17.542753336122587 31.157808842319355
v -24.231034255122722 15.887790764228157 31.587899847372682
v -20.91716093550349 16.73083109086383 32.254312903471146
v -20.57819353954801 16.838007563740575 32.202495203478975
v -15.323285931744067 17.556169666377173 32.75531931320438
v -14.58923958784726 6.457922685106951 37.442377340421444
v -8.8836852877389 1.0035574469043809 37.517416770129785
v -17.81844031415494 17.75798071008012 31.804830308768942
v -14.945793108055113 18.596473046497522 32.013062257094134
v -25.08067254002526 15.579210350586436 31.213765020698702
v -22.596359381119328 15.687108286953844 32.54450021366392
v -21.555746458232534 16.50402657655195 32.318859194730976
v -27.822662587521336 12.971408899014023 29.867685178533065
v -23.7641763143165 12.284096286171007 33.21462055628035
v -27.785902878447814 14.363839458226721 29.440164462443136
v -31.552038655434444 11.359511313945404 23.053364949048046
v -32.54972269395694 3.643198819733925 20.05288260263933
v -30.179858456269358 12.447510777922616 26.590236731843106
v -26.6939973942699 14.975582684874098 30.206710387923522
v -29.16138085229977 13.352127230596125 28.163434244426753
v -27.02392421433069 14.803640711463231 29.99364860888454
v -30.429660673236867 12.455651632235458 26.18367579482583
v -31.894833782564092 9.896825988992077 20.564106332558367
v -30.809620203484883 12.204578724144994 25.40540096872428
v -30.5889366866013 12.34362485305337 25.870107767970694
v -32.41511615507625 7.442672774222956 16.457178423074765
v -33.092920866758504 5.1429097353393445 15.590267170025982
v -31.40103718995124 11.501232518668075 23.23819931845901
v -26.527145412030222 15.117146107097142 30.272986264446445
v -28.57351216540519 13.858778881365652 28.757467288825865
v -26.470415978958044 15.09342814539741 30.342834529472384
v -29.843490255994766 12.969116837206457 27.15816460145652
v -27.58827487765484 14.806932463917292 29.37035955749343
v -31.882213591487016 9.730934552885628 20.12205276425084
v -30.162090460586114 12.663645100141366 26.66633366563292
v -30.991503678818844 12.154968774701047 24.91698584335063
v -31.558284915305194 11.466415581899128 23.08718821740331
v -30.169888047628774 12.633494189353769 26.661776039842152
v -31.957517999439006 8.394545687758182 18.29410396377625
v -32.56617543399443 7.270218911023221 16.13668723738101
v -32.06940867615958 7.897117086537492 17.522733025368325
v -31.978564498664127 8.250702850416474 18.15969134079205
v -32.83369024210333 7.0847750916518635 15.506793001043661
v -32.171882989658116 7.893377279962351 16.991122832940164
v -33.08982543909406 6.588785804072813 14.986093890021039
v -33.215136059408906 6.395002396705877 14.657894246330216
v -33.1284978093081 6.414045901298323 14.941106606482208
v -33.068012911855476 6.5740192892221785 15.060959879424445
v -32.53111640346651 7.241327249116239 16.243733630029055
v -33.28645134034741 6.114164000727669 14.522775817660659
v -33.659514209581175 4.2398217253530674 13.526015589651252
v -33.134982549598135 6.332571113608992 14.95626095312582
v -32.84262723559368 6.886626167720806 15.574385337658896
v -32.19915888650212 7.653228099966327 17.044824287355368
v -33.291726816289156 6.091567378777199 14.512718688867608
v -33.222030311530034 6.203356279763284 14.718559810767147
v -30.71432439149612 9.29397760020538 21.115993382858505
v -33.093168982750285 6.8200768818282995 14.869025297530243
v -21.397698980361383 -19.80726824636804 21.401396631306852
v -21.954608572825236 -19.514987608050433 19.312597225551144
v -20.291629204613855 -21.07568055642696 22.024480926782417
v -20.921265689386928 -20.473669258000882 21.652641775255688
v -22.021130156446816 -18.517879294984596 21.69553693511625
v -22.791099119056526 -18.11321777019566 19.10747274935602
v -21.758965499966507 -19.148234834355208 21.399014236007133
v -24.273021262275506 -16.703808127797856 17.702774901908924
v -25.47160457845348 -15.829713555453054 14.965364160241734
v -23.620565332937986 -17.905090608721366 17.205675716822952
v -24.027371977053917 -17.278521849341814 17.304131996590513
v -23.969411599595333 -17.781903427695397 15.899634087272716
v -22.37019322348533 -19.41542082855267 17.853471642411932
v -23.05102591382456 -18.61348946752605 17.405695748488142
v -22.013067591160507 -17.62451357764712 24.221627527473174
v -23.108492468192708 -16.977156070606725 20.1822160744714
v -22.138354122544115 -18.02960268096558 22.46386544150846
v -26.657170236188904 -11.402878616858288 20.798713251699155
v -22.389411372829272 -15.056620258461408 26.781416125742908
v -33.859787175024394 -0.3956633679966046 12.518606849586831
v -27.87391660652247 -11.890928794923639 16.77516797325916
v -33.96836321480623 -2.195873350118859 14.011600265604102
v -31.5499838695996 -10.14458968015333 12.821816636008407
v -24.50446530474437 -16.0195271069515 18.22458571710831
v -33.36231942929044 -1.1888214273484436 9.922186815802434
v -32.91393288095969 -2.181616316163968 8.253586897709283
v -32.191093912322685 -6.31541136343958 8.948079216508631
v -32.938631262160925 -2.957948821628406 8.751164248080386
v -33.81983327366834 2.142214653556607 12.038583103410929
v -33.80216404260318 0.9337280766338836 11.887635838023016
v -33.48823949956568 0.38093652460460703 9.88898865521287
v -33.579172806106726 4.044677594482664 12.772144055343233
v -32.386643038349575 -3.67110102879019 7.3539797382873076
v -32.88330139599384 -1.8670005713556748 7.889140036957087
v -26.017035795181073 -14.845297700258016 12.900842783837106
v -25.59636115334979 -15.320254339747407 12.624188635215432
v -23.927641392823716 -17.88752255116742 15.145998624490858
v -24.715910716497092 -16.844277912542566 14.485731859198495
v -31.34217829535737 -7.22884677384036 8.280184088915576
v -29.99078202606688 -10.171095935644189 10.177001337137881
v -29.912122029993043 -8.70641604718412 8.155999023912955
v -31.563654338078777 -5.816504906287264 7.325159138727486
v -24.987800074519328 -16.155063478578086 12.810144344375658
v -26.71299633433955 -13.088381135779855 10.469120579616174
v -1.5320170329599705 -27.289767250611476 25.47256572680999
v -2.7586896990787864 -27.4800987141316 24.483946353113424
v -1.4762249604247017 -27.565026650114305 24.735735906908303
v -1.6381673173658555 -26.720112204628094 26.797143788950052
v -2.9666521524857217 -26.874987170254826 25.870225803733774
v -1.5738099736604454 -27.00721854051517 26.163877102238985
v -4.369975726405528 -26.412445965926963 26.059398589661214
v -5.291828712716779 -26.54723317179196 24.996821379269022
v -4.027371805167604 -27.05027268732192 24.828921528520368
v -4.181777939970061 -26.729179278347146 25.4747072327973
v -4.8694058167006915 -27.226500081600534 23.73557552625425
v -3.859815221689132 -27.370833730916274 24.145212619790982
v -1.9092847756976425 -26.129613006442014 27.89916662424912
v -3.2625693160857736 -26.281732198334794 27.039892766850244
v -1.7448773683114496 -26.430165783747725 27.371956275112098
v -2.3547458738850082 -25.388878370786188 28.9988504243247
v -3.865807343335291 -25.54185512863114 27.962896300739885
v -2.128675469752693 -25.80690323018098 28.419689886073684
v -5.847531449725466 -24.71311880936628 27.776737040110675
v -6.660361245468721 -24.920734081051705 26.689150701304243
v -4.929131009484308 -25.66155061907375 27.001564868352943
v -5.362874799848669 -25.239358374574294 27.360227374490933
v -5.798887466424276 -25.809432567961267 26.02032634318857
v -4.610364591267398 -26.058707237334602 26.571840015054477
v -7.320727377602452 -25.084868831847416 25.71851130588584
v -7.908023350156782 -25.29573851814348 24.71493029699559
v -6.570461354077906 -25.97303254448343 24.968651783075984
v -6.9093600965793485 -25.546634372589324 25.386312899609038
v -8.471109946814067 -23.988458717527465 26.18189321391401
v -8.96010561543062 -24.383201624877984 25.163680588188072
v -7.858467600808126 -24.56904050272169 25.937079814606477
v -10.849628133049919 -23.980938153194074 24.45354853078061
v -11.078116463655533 -24.36764499308265 23.548992300435202
v -9.340861284856146 -24.71835815191116 24.27207938506399
v -10.031991993300835 -24.349616836942005 24.363542648092334
v -9.705149158662152 -25.01828461700461 23.339936510661573
v -8.390086826585502 -25.561152771448178 23.71503007679894
v -8.814630150774065 -25.129541754833554 24.043872894953893
v -6.030542287041499 -26.737918742601323 23.898951475715876
v -6.631579188198884 -26.927363733451784 22.789164777877886
v -5.779492865658995 -27.088046540400683 23.284765631440678
v -7.19145111698208 -26.169181484898218 23.89633541778312
v -6.288861747872488 -26.36286130986082 24.46221331934794
v -8.839068973741178 -25.78535809007917 22.67224915010047
v -7.7305065958335035 -26.372402935525315 22.805530797762913
v -8.036060837488094 -25.980013516757026 23.29923585243705
v -8.219989463084403 -26.49655006046123 21.685884500368047
v -7.450616701522904 -26.73239033288155 22.253537756165315
v -2.618275619987571 -24.308299502077716 30.363917162094367
v -4.5672481143510595 -24.494723740950576 29.080203562911265
v -2.5264844463827103 -24.85569637559456 29.671196584187783
v -2.3019113198828336 -23.170463652702892 31.73572880061147
v -4.763696961959795 -23.29144308318064 30.449594263838662
v -2.5320667550861344 -23.744271630432195 31.063652436778284
v -6.570358373896852 -22.11295234455065 30.349133784991864
v -8.27292549170943 -22.24195098023847 28.695493695422556
v -6.557480431255499 -23.403061554978194 28.94433717292668
v -6.645786839844732 -22.74630334252106 29.63293131691171
v -7.708502561591558 -23.623537907053105 27.491403649562926
v -6.25951239627193 -24.06884588997127 28.329421434034884
v -1.9820773103444935 -22.106318252886922 32.73569646981559
v -4.416396903576469 -22.156572581241562 31.771404507779152
v -2.071729989078449 -22.611451096541714 32.30512368613745
v -4.348485388622294 -21.183401439149748 32.62152457130651
v -2.0123500207906773 -21.65023047323848 33.06825139227476
v -8.38593269039302 -19.94534479579397 30.957687637142953
v -6.4590940093885365 -21.00345471388755 31.493358018931758
v -6.472798804594731 -20.546150443211445 31.897413707099986
v -8.266239006620253 -20.991012780901656 30.042084222930498
v -6.480877027686347 -21.52542572047969 30.988943025427943
v -10.483346297960452 -20.472686429606256 29.236114352581353
v -12.525314412490843 -21.431727004632194 27.264245027961806
v -10.176214833532867 -21.60426397464471 28.20765188661244
v -10.324366578450281 -21.013367309093155 28.765219106899167
v -13.317138057968805 -20.605257453797094 27.87260616866297
v -10.681522321939156 -20.000704773125108 29.608331700328563
v -17.979853015720437 -21.639380818607606 24.138217194158642
v -15.26688169924364 -21.59065131960051 25.864249339892922
v -15.856982225617685 -21.27288700092322 25.991833955316906
v -16.515219498453007 -22.29958374823218 24.12962708127816
v -14.039143549584878 -22.325243277789923 25.443743320580325
v -14.667822499341128 -21.940574361484323 25.677851598844427
v -9.580134229978285 -22.7857754652523 27.074180951578455
v -10.40264356051739 -23.422378468940224 25.654422704319586
v -9.063423643745864 -23.374342731152865 26.59433185015405
v -11.664253156393897 -22.423058791986477 26.436530079381555
v -9.955205513854253 -22.199371385377162 27.615709761445032
v -14.89491126304165 -23.006524022250233 23.897588042207644
v -12.573109260965794 -23.146952855811833 24.903965776014957
v -13.350438596516142 -22.731083955763097 25.17182023805435
v -12.984923993886696 -23.733732723014327 23.622415362857282
v -11.714366564500779 -23.568217676458517 24.66334385074333
v -15.229640211545302 -23.499434142193422 22.578001206620684
v -15.237155958092444 -23.833624703083842 21.387042037180436
v -13.101686656950733 -24.131510835701192 22.567312947829123
v -14.171230386257776 -23.837264540594333 22.526814636627023
v -17.15689442661369 -22.784717961170827 22.637924831975397
v -17.33429495184373 -23.12089826778174 21.35576015107108
v -16.228608190102932 -23.146914313521847 22.62164071445659
v -19.167857677743996 -22.45695191824234 19.959993274881526
v -18.96472656060905 -22.659660274634007 18.940597882631664
v -17.21916431387126 -23.36694261147568 20.197360785542514
v -18.23622307979076 -22.943341164498634 20.112756845685
v -16.91359862997433 -23.547559009026372 19.197726748036075
v -15.051417049313386 -24.0254496803409 20.45805481277057
v -16.14515570115873 -23.719086652819897 20.25473700641851
v -18.812828986883687 -22.00950724712311 22.529471645742888
v -19.14622581748972 -22.256917433218405 21.15795630108005
v -18.014404974245736 -22.408087521220295 22.619149918966286
v -20.7632904783095 -21.05747895998138 20.33587575351703
v -19.55946661514008 -21.580011238671432 22.35698044469973
v -22.49924967260813 -19.562505433816114 16.968645451199336
v -20.904157730419684 -21.11087689386295 19.063681481253298
v -21.65862305688279 -20.272796478169766 18.448065958908956
v -20.823924727135818 -21.33957961595661 18.176292227756676
v -20.05230446828955 -21.858587684006125 19.618040055898746
v -22.34961404952628 -19.88819501087164 16.41264762478295
v -22.023782347776432 -20.33662010149237 15.99552610030969
v -20.566240611866306 -21.66832126060035 17.48958063374812
v -21.494317274675268 -20.85075738764499 17.007987493701876
v -23.652011023779778 -18.21235094893109 14.736771042785222
v -23.155171999151207 -18.869505424307135 15.755134224331414
v -23.239423036166045 -18.693427381402216 14.472920161118054
v -24.0464142771998 -17.539744628610606 13.776764501616526
v -21.5934408178382 -20.824755795263627 15.572661774628614
v -22.431723580553808 -19.79334243521771 15.062982145202113
v -18.616433134923682 -22.880452191708173 18.06341751819491
v -18.180893213623676 -23.112153985741315 17.28392258772601
v -16.516255322496363 -23.697900437793578 18.429572886395363
v -17.583356434175585 -23.339052446885034 18.209530135082787
v -20.183336209774097 -22.03033935486019 16.88572894097524
v -19.599619250178876 -22.350153641586076 17.869290843557792
v -19.709651465854222 -22.354701631804346 16.276181420410467
v -20.674845558365632 -21.67189605799649 15.97615016846612
v -17.668471059375406 -23.332890498273628 16.624479663882084
v -18.705548931602607 -22.879751203809064 16.427644188926934
v -9.264260290180118 -25.91096982203453 21.578262382263347
v -9.635811578978519 -25.925659252305195 20.46468408664805
v -8.947381841949209 -26.221603817064533 21.089165540135582
v -10.053752729337248 -25.25793575834723 22.348792616970968
v -10.386736434772502 -25.39728540778924 21.287802867147548
v -9.619157094141883 -25.5864702381823 22.008425654110397
v -11.641554156485654 -24.988012057114247 20.758173989313946
v -11.797838324589975 -25.0116023474784 19.721279192964175
v -10.670543791526143 -25.426165627453884 20.209799105188722
v -11.121989634124475 -25.207688656671962 20.520103081860725
v -10.897749386543182 -25.38852667239007 19.162477414951354
v -10.284655975299756 -25.64371999216928 19.82211425469177
v -11.260013187901677 -24.65764440961175 22.695256488328596
v -11.455305766810852 -24.870084694224715 21.762333132553977
v -10.59362181184133 -24.945312017596734 22.57860102100858
v -13.079264679751759 -24.377593721685116 21.722280466579832
v -12.104920406708516 -24.39313830901483 22.669045322245438
v -14.75765012393822 -24.156269439230527 19.70928531409936
v -13.036818778458837 -24.535857999937434 20.880280781773763
v -13.977192840666248 -24.290680857768166 20.71761304689062
v -13.01807518106034 -24.61828550485734 19.95519475977835
v -12.27293829322025 -24.762067517647665 20.8817646599382
v -14.485616232328539 -24.248260249853047 18.938886364067002
v -14.270816436900532 -24.31504440282515 18.10812777902447
v -12.996419231874825 -24.64300556609669 19.00380242042138
v -13.678714120340373 -24.452120057158027 19.01817146790654
v -16.06664866979827 -23.84426960179917 17.76346094193741
v -15.442881453122027 -23.998679651052953 18.717444045849334
v -15.650715934081745 -23.971767497070687 17.083004038925537
v -16.61863689360962 -23.695320513257684 16.865517123217614
v -14.063379423306287 -24.400550473157637 17.328375096991294
v -14.805005349418025 -24.203584917973785 17.229393678522683
v -11.889225707484911 -25.000391358878915 18.75851928695465
v -11.981129797954964 -24.99576387518755 17.871096308954293
v -11.46805724256319 -25.16581486749601 18.501447030538657
v -12.943069475855737 -24.664721737610307 18.123925300132214
v -12.403872474533273 -24.825134748529308 18.917312317247706
v -12.860643175382393 -24.732585074702 17.370837860536085
v -13.416474788173218 -24.57272129141529 17.377697183706914
v -12.419187012569637 -24.882288146791325 17.29121189831949
#MRGB ff696257ff696257ff696257ff696257ff696257ff696257ff696257ff696257ff696257ff696257ff696257ff696257ff696257ff696257ff696257ff696257ff696257ff696257ff696257ff696257ff696257ff696257ff696257ff696257ff696257ff696257ff696257ff696257ff696257ff696257ff696257ff696257ff696257ff696257ff696257ff696257ff696257ff696257ff696257ff696257ff696257ff696257ff696257ff696257ff696257ff696257ff696257ff696257ff696257ff696257ff696257ff696257ff696257ff696257ff696257ff696257ff696257ff696257ff696257ff696257ff696257ff696257ff696257ff696257
#MRGB ff696257ff696257ff696257ff696257ff696257ff696257ff696257ff696257ff696257ff696257ff696257ff696257ff696257ff696257ff696257ff696257ff696257ff696257ff696257ff696257ff696257ff696257ff696257ff696257ff696257ff696257ff696257ff696257ff696257ff696257ff696257ff696257ff696257ff696257ff696257ff696257ff696257ff696257ff696257ff696257ff696257ff696257ff696257ff696257ff696257ff696257ff696257ff696257ff696257ff696257ff696257ff696257ff696257ff696257ff696257ff696257ff696257ff696257ff696257ff696257ff696257ff696257ff696257ff696257
#MRGB ff696257ff696257ff696257ff696257ff696257ff696257ff696257ff696257ff696257ff696257ff696257ff696257ff696257ff696257ff696257ff696257ff696257ff696257ff696257ff696257ff696257ff696257ff696257ff696257ff696257ff696257ff696257ff696257ff696257ff696257ff696257ff696257ff696257ff696257ff696257ff696257ff696257ff696257ff696257ff696257ff696257ff696257ff696257ff696257ff696257ff696257ff696257ff696257ff696257ff696257ff696257ff696257ff696257ff696257ff696257ff696257ff696257ff696257ff696257ff696257ff696257ff696257ff696257ff696257
#MRGB ff696257ff696257ff696257ff696257ff696257ff696257ff696257ff696257ff696257ff696257ff696257ff696257ff696257ff696257ff696257ff696257ff696257ff696257ff696257ff696257ff696257ff696257ff696257ff696257ff696257ff696257ff696257ff696257ff696257ff696257ff696257ff696257ff696257ff696257ff696257ff696257ff696257ff696257ff696257ff696257ff696257ff696257ff696257ff696257ff696257ff696257ff696257ff696257ff696257ff696257ff696257ff696257ff696257ff696257ff696257ff696257ff696257ff696257ff696257ff696257ff696257ff696257ff696257ff696257
#MRGB ff696257ff696257ff696257ff696257ff696257ff696257ff696257ff696257ff696257ff696257ff696257ff696257ff696257ff696257ff696257ff696257ff696257ff696257ff696257ff696257ff696257ff696257ff696257ff696257ff696257ff696257ff696257ff696257ff696257ff696257ff696257ff696257ff696257ff696257ff696257ff696257ff696257ff696257ff696257ff696257ff696257ff696257ff696257ff696257ff696257ff696257ff696257ff696257ff696257ff696257ff696257ff696257ff696257ff696257ff696257ff696257ff696257ff696257ff696257ff696257ff696257ff696257ff696257ff696257
#MRGB ff696257ff696257ff696257ff696257ff696257ff696257ff696257ff696257ff696257ff696257ff696257ff696257ff696257ff696257ff696257ff696257ff696257ff696257ff696257ff696257ff696257ff696257ff696257ff696257ff696257ff696257ff696257ff696257ff696257ff696257ff696257ff696257ff696257ff696257ff696257ff696257ff696257ff696257ff696257ff696257ff696257ff696257ff696257ff696257ff696257ff696257ff696257ff696257ff696257ff696257ff696257ff696257ff696257ff696257ff696257ff696257ff696257ff696257ff696257ff696257ff696257ff696257ff696257ff696257
#MRGB ff696257ff696257ff696257ff696257ff696257ff696257ff696257ff696257ff696257ff696257ff696257ff696257ff696257ff696257ff696257ff696257ff696257ff696257ff696257ff696257ff696257ff696257ff696257ff696257ff696257ff696257ff696257ff696257ff696257ff696257ff696257ff696257ff696257ff696257ff696257ff696257ff696257ff696257ff696257ff696257ff696257ff696257ff696257ff696257ff696257ff696257ff696257ff696257ff696257ff696257ff696257ff696257ff696257ff696257ff696257ff696257ff696257ff696257ff696257ff696257ff696257ff696257ff696257ff696257
#MRGB ff696257ff696257ff696257ff696257ff696257ff696257ff696257ff696257ff696257ff696257ff696257ff696257ff696257ff696257ff696257ff696257ff696257ff696257ff696257ff696257ff696257ff696257ff696257ff696257ff696257ff696257ff696257ff696257ff696257ff696257ff696257ff696257ff696257ff696257ff696257ff696257ff696257ff696257ff696257ff696257ff696257ff696257ff696257ff696257ff696257ff696257ff696257ff696257ff696257ff696257ff696257ff696257ff696257ff696257ff696257ff696257ff696257ff696257ff696257ff696257ff696257ff696257ff696257ff696257
#MRGB ff696257ff696257ff696257ff696257ff696257ff696257ff696257ff696257ff696257ff696257ff696257ff696257ff696257ff696257ff696257ff696257ff696257ff696257ff696257ff696257ff696257ff696257ff696257ff696257ff696257ff696257ff696257ff696257ff696257ff696257ff696257ff696257ff696257ff696257ff696257ff696257ff696257ff696257ff696257ff696257ff696257ff696257ff696257ff696257ff696257ff696257ff696257ff696257ff696257ff696257ff696257ff696257ff696257ff696257ff696257ff696257ff696257ff696257ff696257ff696257ff696257ff696257ff696257ff696257
#MRGB ff696257ff696257ff696257ff696257ff696257ff696257ff696257ff696257ff696257ff696257ff696257ff696257ff696257ff696257ff696257ff696257ff696257ff696257ff696257ff696257ff696257ff696257ff696257ff696257ff696257ff696257ff696257ff696257ff696257ff696257ff696257ff696257ff696257ff696257ff696257ff696257ff696257ff696257ff696257ff696257ff696257ff696257ff696257ff696257ff696257ff696257ff696257ff696257ff696257ff696257ff696257ff696257ff696257ff696257ff696257ff696257ff696257ff696257ff696257ff696257ff696257ff696257ff696257ff696257
#MRGB ff696257ff696257ff696257ff696257ff696257ff696257ff696257ff696257ff696257ff696257ff696257ff696257ff696257ff696257ff696257ff696257ff696257ff696257ff696257ff696257ff696257ff696257ff696257ff696257ff696257ff696257ff696257ff696257ff696257ff696257ff696257ff696257ff696257ff696257ff696257ff696257ff696257ff696257ff696257ff696257ff696257ff696257ff696257ff696257ff696257ff696257ff696257ff696257ff696257ff696257ff696257ff696257ff696257ff696257ff696257ff696257ff696257ff696257ff696257ff696257ff696257ff696257ff696257ff696257
#MRGB ff696257ff696257ff696257ff696257ff696257ff696257ff696257ff696257ff696257ff696257ff696257ff696257ff696257ff696257ff696257ff696257ff696257ff696257ff696257ff696257ff696257ff696257ff696257ff696257ff696257ff696257ff696257ff696257ff696257ff696257ff696257ff696257ff696257ff696257ff696257ff696257ff696257ff696257ff696257ff696257ff696257ff696257ff696257ff696257ff696257ff696257ff696257ff696257ff696257ff696257ff696257ff696257ff696257ff696257ff696257ff696257ff696257ff696257ff696257ff696257ff696257ff696257ff696257ff696257
#MRGB ff696257ff696257ff696257ff696257ff696257ff696257ff696257ff696257ff696257ff696257ff696257ff696257ff696257ff696257ff696257ff696257ff696257ff696257ff696257ff696257ff696257ff696257ff696257ff696257ff696257ff696257ff696257ff696257ff696257ff696257ff696257ff696257ff696257ff696257ff696257ff696257ff696257ff696257ff696257ff696257ff696257ff696257ff696257ff696257ff696257ff696257ff696257ff696257ff696257ff696257ff696257ff696257ff696257ff696257ff696257ff696257ff696257ff696257ff696257ff696257ff696257ff696257ff696257ff696257
#MRGB ff696257ff696257ff696257ff696257ff696257ff696257ff696257ff696257ff696257ff696257ff696257ff696257ff696257ff696257ff696257ff696257ff696257ff696257ff696257ff696257ff696257ff696257ff696257ff696257ff696257ff696257ff696257ff696257ff696257ff696257ff696257ff696257ff696257ff696257ff696257ff696257ff696257ff696257ff696257ff696257ff696257ff696257ff696257ff696257ff696257ff696257ff696257ff696257ff696257ff696257ff696257ff696257ff696257ff696257ff696257ff696257ff696257ff696257ff696257ff696257ff696257ff696257ff696257ff696257
#MRGB ff696257ff696257ff696257ff696257ff696257ff696257ff696257ff696257ff696257ff696257ff696257ff696257ff696257ff696257ff696257ff696257ff696257ff696257ff696257ff696257ff696257ff696257ff696257ff696257ff696257ff696257ff696257ff696257ff696257ff696257ff696257ff696257ff696257ff696257ff696257ff696257ff696257ff696257ff696257ff696257ff696257ff696257ff696257ff696257ff696257ff696257ff696257ff696257ff696257ff696257ff696257ff696257ff696257ff696257ff696257ff696257ff696257ff696257ff696257ff696257ff696257ff696257ff696257ff696257
#MRGB ff696257ff696257ff696257ff696257ff696257ff696257ff696257ff696257ff696257ff696257ff696257ff696257ff696257ff696257ff696257ff696257ff696257ff696257ff696257ff696257ff696257ff696257ff696257ff696257ff696257ff696257ff696257ff696257ff696257ff696257ff696257ff696257ff696257ff696257ff696257ff696257ff696257ff696257ff696257ff696257ff696257ff696257ff696257ff696257ff696257ff696257ff696257ff696257ff696257ff696257ff696257ff696257ff696257ff696257ff696257ff696257ff696257ff696257ff696257ff696257ff696257ff696257ff696257ff696257
#MRGB ff696257ff696257ff696257ff696257ff696257ff696257ff696257ff696257ff696257ff696257ff696257ff696257ff696257ff696257ff696257ff696257ff696257ff696257ff696257ff696257ff696257ff696257ff696257ff696257ff696257ff696257ff696257ff696257ff696257ff696257ff696257ff696257ff696257ff696257ff696257ff696257ff696257ff696257ff696257ff696257ff696257ff696257ff696257ff696257ff696257ff696257ff696257ff696257ff696257ff696257ff696257ff696257ff696257ff696257ff696257ff696257ff696257ff696257ff696257ff696257ff696257ff696257ff696257ff696257
#MRGB ff696257ff696257ff696257ff696257ff696257ff696257ff696257ff696257ff696257ff696257ff696257ff696257ff696257ff696257ff696257ff696257ff696257ff696257ff696257ff696257ff696257ff696257ff696257ff696257ff696257ff696257ff696257ff696257ff696257ff696257ff696257ff696257ff696257ff696257ff696257ff696257ff696257ff696257ff696257ff696257ff696257ff696257ff696257ff696257ff696257ff696257ff696257ff696257ff696257ff696257ff696257ff696257ff696257ff696257ff696257ff696257ff696257ff696257ff696257ff696257ff696257ff696257ff696257ff696257
#MRGB ff696257ff696257ff696257ff696257ff696257ff696257ff696257ff696257ff696257ff696257ff696257ff696257ff696257ff696257ff696257ff696257ff696257ff696257ff696257ff696257ff696257ff696257ff696257ff696257ff696257ff696257ff696257ff696257ff696257ff696257ff696257ff696257ff696257ff696257ff696257ff696257ff696257ff696257ff696257ff696257ff696257ff696257ff696257ff696257ff696257ff696257ff696257ff696257ff696257ff696257ff696257ff696257ff696257ff696257ff696257ff696257ff696257ff696257ff696257ff696257ff696257ff696257ff696257ff696257
#MRGB ff696257ff696257ff696257ff696257ff696257ff696257ff696257ff696257ff696257ff696257ff696257ff696257ff696257ff696257ff696257ff696257ff696257ff696257ff696257ff696257ff696257ff696257ff696257ff696257ff696257ff696257ff696257ff696257ff696257ff696257ff696257ff696257ff696257ff696257ff696257ff696257ff696257ff696257ff696257ff696257ff696257ff696257ff696257ff696257ff696257ff696257ff696257ff696257ff696257ff696257ff696257ff696257ff696257ff696257ff696257ff696257ff696257ff696257ff696257ff696257ff696257ff696257ff696257ff696257
#MRGB ff696257ff696257ff696257ff696257ff696257ff696257ff696257ff696257ff696257ff696257ff696257ff696257ff696257ff696257ff696257ff696257ff696257ff696257ff696257ff696257ff696257ff696257ff696257ff696257ff696257ff696257ff696257ff696257ff696257ff696257ff696257ff696257ff696257ff696257ff696257ff696257ff696257ff696257ff696257ff696257ff696257ff696257ff696257ff696257ff696257ff696257ff696257ff696257ff696257ff696257ff696257ff696257ff696257ff696257ff696257ff696257ff696257ff696257ff696257ff696257ff696257ff696257ff696257ff696257
#MRGB ff696257ff696257ff696257ff696257ff696257ff696257ff696257ff696257ff696257ff696257ff696257ff696257ff696257ff696257ff696257ff696257ff696257ff696257ff696257ff696257ff696257ff696257ff696257ff696257ff696257ff696257ff696257ff696257ff696257ff696257ff696257ff696257ff696257ff696257ff696257ff696257ff696257ff696257ff696257ff696257ff696257ff696257ff696257ff696257ff696257ff696257ff696257ff696257ff696257ff696257ff696257ff696257ff696257ff696257ff696257ff696257ff696257ff696257ff696257ff696257ff696257ff696257ff696257ff696257
#MRGB ff696257ff696257ff696257ff696257ff696257ff696257ff696257ff696257ff696257ff696257ff696257ff696257ff696257ff696257ff696257ff696257ff696257ff696257ff696257ff696257ff696257ff696257ff696257ff696257ff696257ff696257ff696257ff696257ff696257ff696257ff696257ff696257ff696257ff696257ff696257ff696257ff696257ff696257ff696257ff696257ff696257ff696257ff696257ff696257ff696257ff696257ff696257ff696257ff696257ff696257ff696257ff696257ff696257ff696257ff696257ff696257ff696257ff696257ff696257ff696257ff696257ff696257ff696257ff696257
#MRGB ff696257ff696257ff696257ff696257ff696257ff696257ff696257ff696257ff696257ff696257ff696257ff696257ff696257ff696257ff696257ff696257ff696257ff696257ff696257ff696257ff696257ff696257ff696257ff696257ff696257ff696257ff696257ff696257ff696257ff696257ff696257ff696257ff696257ff696257ff696257ff696257ff696257ff696257ff696257ff696257ff696257ff696257ff696257ff696257ff696257ff696257ff696257ff696257ff696257ff696257ff696257ff696257ff696257ff696257ff696257ff696257ff696257ff696257ff696257ff696257ff696257ff696257ff696257ff696257
#MRGB ff696257ff696257ff696257ff696257ff696257ff696257ff696257ff696257ff696257ff696257ff696257ff696257ff696257ff696257ff696257ff696257ff696257ff696257ff696257ff696257ff696257ff696257ff696257ff696257ff696257ff696257ff696257ff696257ff696257ff696257ff696257ff696257ff696257ff696257ff696257ff696257ff696257ff696257ff696257ff696257ff696257ff696257ff696257ff696257ff696257ff696257ff696257ff696257ff696257ff696257ff696257ff696257ff696257ff696257ff696257ff696257ff696257ff696257ff696257ff696257ff696257ff696257ff696257ff696257
#MRGB ff696257ff696257ff696257ff696257ff696257ff696257ff696257ff696257ff696257ff696257ff696257ff696257ff696257ff696257ff696257ff696257ff696257ff696257ff696257ff696257ff696257ff696257ff696257ff696257ff696257ff696257ff696257ff696257ff696257ff696257ff696257ff696257ff696257ff696257ff696257ff696257ff696257ff696257ff696257ff696257ff696257ff696257ff696257ff696257ff696257ff696257ff696257ff696257ff696257ff696257ff696257ff696257ff696257ff696257ff696257ff696257ff696257ff696257ff696257ff696257ff696257ff696257ff696257ff696257
#MRGB ff696257ff696257ff696257ff696257ff696257ff696257ff696257ff696257ff696257ff696257ff696257ff696257ff696257ff696257ff696257ff696257ff696257ff696257ff696257ff696257ff696257ff696257ff696257ff696257ff696257ff696257ff696257ff696257ff696257ff696257ff696257ff696257ff696257ff696257ff696257ff696257ff696257ff696257ff696257ff696257ff696257ff696257ff696257ff696257ff696257ff696257ff696257ff696257ff696257ff696257ff696257ff696257ff696257ff696257ff696257ff696257ff696257ff696257ff696257ff696257ff696257ff696257ff696257ff696257
#MRGB ff696257ff696257ff696257ff696257ff696257ff696257ff696257ff696257ff696257ff696257ff696257ff696257ff696257ff696257ff696257ff696257ff696257ff696257ff696257ff696257ff696257ff696257ff696257ff696257ff696257ff696257ff696257ff696257ff696257ff696257ff696257ff696257ff696257ff696257ff696257ff696257ff696257ff696257ff696257ff696257ff696257ff696257ff696257ff696257ff696257ff696257ff696257ff696257ff696257ff696257ff696257ff696257ff696257ff696257ff696257ff696257ff696257ff696257ff696257ff696257ff696257ff696257ff696257ff696257
#MRGB ff696257ff696257ff696257ff696257ff696257ff696257ff696257ff696257ff696257ff696257ff696257ff696257ff696257ff696257ff696257ff696257ff696257ff696257ff696257ff696257ff696257ff696257ff696257ff696257ff696257ff696257ff696257ff696257ff696257ff696257ff696257ff696257ff696257ff696257ff696257ff696257ff696257ff696257ff696257ff696257ff696257ff696257ff696257ff696257ff696257ff696257ff696257ff696257ff696257ff696257ff696257ff696257ff696257ff696257ff696257ff696257ff696257ff696257ff696257ff696257ff696257ff696257ff696257ff696257
#MRGB ff696257ff696257ff696257ff696257ff696257ff696257ff696257ff696257ff696257ff696257ff696257ff696257ff696257ff696257ff696257ff696257ff696257ff696257ff696257ff696257ff696257ff696257ff696257ff696257ff696257ff696257ff696257ff696257ff696257ff696257ff696257ff696257ff696257ff696257ff696257ff696257ff696257ff696257ff696257ff696257ff696257ff696257ff696257ff696257ff696257ff696257ff696257ff696257ff696257ff696257ff696257ff696257ff696257ff696257ff696257ff696257ff696257ff696257ff696257ff696257ff696257ff696257ff696257ff696257
#MRGB ff696257ff696257ff696257ff696257ff696257ff696257ff696257ff696257ff696257ff696257ff696257ff696257ff696257ff696257ff696257ff696257ff696257ff696257ff696257ff696257ff696257ff696257ff696257ff696257ff696257ff696257ff696257ff696257ff696257ff696257ff696257ff696257ff696257ff696257ff696257ff696257ff696257ff696257ff696257ff696257ff696257ff696257ff696257ff696257ff696257ff696257ff696257ff696257ff696257ff696257ff696257ff696257ff696257ff696257ff696257ff696257ff696257ff696257ff696257ff696257ff696257ff696257ff696257ff696257
#MRGB ff696257ff696257ff696257ff696257ff696257ff696257ff696257ff696257ff696257ff696257ff696257ff696257ff696257ff696257ff696257ff696257ff696257ff696257ff696257ff696257ff696257ff696257ff696257ff696257ff696257ff696257ff696257ff696257ff696257ff696257ff696257ff696257ff696257ff696257ff696257ff696257ff696257ff696257ff696257ff696257ff696257ff696257ff696257ff696257ff696257ff696257ff696257ff696257ff696257ff696257ff696257ff696257ff696257ff696257ff696257ff696257ff696257ff696257ff696257ff696257ff696257ff696257ff696257ff696257
#MRGB ff696257ff696257ff696257ff696257ff696257ff696257ff696257ff696257ff696257ff696257ff696257ff696257ff696257ff696257ff696257ff696257ff696257ff696257ff696257ff696257ff696257ff696257ff696257ff696257ff696257ff696257ff696257ff696257ff696257ff696257ff696257ff696257ff696257ff696257ff696257ff696257ff696257ff696257ff696257ff696257ff696257ff696257ff696257ff696257ff696257ff696257ff696257ff696257ff696257ff696257ff696257ff696257ff696257ff696257ff696257ff696257ff696257ff696257ff696257ff696257ff696257ff696257ff696257ff696257
#MRGB ff696257ff696257ff696257ff696257ff696257ff696257ff696257ff696257ff696257ff696257ff696257ff696257ff696257ff696257ff696257ff696257ff696257ff696257ff696257ff696257ff696257ff696257ff696257ff696257ff696257ff696257ff696257ff696257ff696257ff696257ff696257ff696257ff696257ff696257ff696257ff696257ff696257ff696257ff696257ff696257ff696257ff696257ff696257ff696257ff696257ff696257ff696257ff696257ff696257ff696257ff696257ff696257ff696257ff696257ff696257ff696257ff696257ff696257ff696257ff696257ff696257ff696257ff696257ff696257
#MRGB ff696257ff696257ff696257ff696257ff696257ff696257ff696257ff696257ff696257ff696257ff696257ff696257ff696257ff696257ff696257ff696257ff696257ff696257ff696257ff696257ff696257ff696257ff696257ff696257ff696257ff696257ff696257ff696257ff696257ff696257ff696257ff696257ff696257ff696257ff696257ff696257ff696257ff696257ff696257ff696257ff696257ff696257ff696257ff696257ff696257ff696257ff696257ff696257ff696257ff696257ff696257ff696257ff696257ff696257ff696257ff696257ff696257ff696257ff696257ff696257ff696257ff696257ff696257ff696257
#MRGB ff696257ff696257ff696257ff696257ff696257ff696257ff696257ff696257ff696257ff696257ff696257ff696257ff696257ff696257ff696257ff696257ff696257ff696257ff696257ff696257ff696257ff696257ff696257ff696257ff696257ff696257ff696257ff696257ff696257ff696257ff696257ff696257ff696257ff696257ff696257ff696257ff696257ff696257ff696257ff696257ff696257ff696257ff696257ff696257ff696257ff696257ff696257ff696257ff696257ff696257ff696257ff696257ff696257ff696257ff696257ff696257ff696257ff696257ff696257ff696257ff696257ff696257ff696257ff696257
#MRGB ff696257ff696257ff696257ff696257ff696257ff696257ff696257ff696257ff696257ff696257ff696257ff696257ff696257ff696257ff696257ff696257ff696257ff696257ff696257ff696257ff696257ff696257ff696257ff696257ff696257ff696257ff696257ff696257ff696257ff696257ff696257ff696257ff696257ff696257ff696257ff696257ff696257ff696257ff696257ff696257ff696257ff696257ff696257ff696257ff696257ff696257ff696257ff696257ff696257ff696257ff696257ff696257ff696257ff696257ff696257ff696257ff696257ff696257ff696257ff696257ff696257ff696257ff696257ff696257
#MRGB ff696257ff696257ff696257ff696257ff696257ff696257ff696257ff696257ff696257ff696257ff696257ff696257ff696257ff696257ff696257ff696257ff696257ff696257ff696257ff696257ff696257ff696257ff696257ff696257ff696257ff696257ff696257ff696257ff696257ff696257ff696257ff696257ff696257ff696257ff696257ff696257ff696257ff696257ff696257ff696257ff696257ff696257ff696257ff696257ff696257ff696257ff696257ff696257ff696257ff696257ff696257ff696257ff696257ff696257ff696257ff696257ff696257ff696257ff696257ff696257ff696257ff696257ff696257ff696257
#MRGB ff696257ff696257ff696257ff696257ff696257ff696257ff696257ff696257ff696257ff696257ff696257ff696257ff696257ff696257ff696257ff696257ff696257ff696257ff696257ff696257ff696257ff696257ff696257ff696257ff696257ff696257ff696257ff696257ff696257ff696257ff696257ff696257ff696257ff696257ff696257ff696257ff696257ff696257ff696257ff696257ff696257ff696257ff696257ff696257ff696257ff696257ff696257ff696257ff696257ff696257ff696257ff696257ff696257ff696257ff696257ff696257ff696257ff696257ff696257ff696257ff696257ff696257ff696257ff696257
#MRGB ff696257ff696257ff696257ff696257ff696257ff696257ff696257ff696257ff696257ff696257ff696257ff696257ff696257ff696257ff696257ff696257ff696257ff696257ff696257ff696257ff696257ff696257ff696257ff696257ff696257ff696257ff696257ff696257ff696257ff696257ff696257ff696257ff696257ff696257ff696257ff696257ff696257ff696257ff696257ff696257ff696257ff696257ff696257ff696257ff696257ff696257ff696257ff696257ff696257ff696257ff696257ff696257ff696257ff696257ff696257ff696257ff696257ff696257ff696257ff696257ff696257ff696257ff696257ff696257
#MRGB ff696257ff696257ff696257ff696257ff696257ff696257ff696257ff696257ff696257ff696257ff696257ff696257ff696257ff696257ff696257ff696257ff696257ff696257ff696257ff696257ff696257ff696257ff696257ff696257ff696257ff696257ff696257ff696257ff696257ff696257ff696257ff696257ff696257ff696257ff696257ff696257ff696257ff696257ff696257ff696257ff696257ff696257ff696257ff696257ff696257ff696257ff696257ff696257ff696257ff696257ff696257ff696257ff696257ff696257ff696257ff696257ff696257ff696257ff696257ff696257ff696257ff696257ff696257ff696257
#MRGB ff696257ff696257ff696257ff696257ff696257ff696257ff696257ff696257ff696257ff696257ff696257ff696257ff696257ff696257ff696257ff696257ff696257ff696257ff696257ff696257ff696257ff696257ff696257ff696257ff696257ff696257ff696257ff696257ff696257ff696257ff696257ff696257ff696257ff696257ff696257ff696257ff696257ff696257ff696257ff696257ff696257ff696257ff696257ff696257ff696257ff696257ff696257ff696257ff696257ff696257ff696257ff696257ff696257ff696257ff696257ff696257ff696257ff696257ff696257ff696257ff696257ff696257ff696257ff696257
#MRGB ff696257ff696257ff696257ff696257ff696257ff696257ff696257ff696257ff696257ff696257ff696257ff696257ff696257ff696257ff696257ff696257ff696257ff696257ff696257ff696257ff696257ff696257ff696257ff696257ff696257ff696257ff696257ff696257ff696257ff696257ff696257ff696257ff696257ff696257ff696257ff696257ff696257ff696257ff696257ff696257ff696257ff696257ff696257ff696257ff696257ff696257ff696257ff696257ff696257ff696257ff696257ff696257ff696257ff696257ff696257ff696257ff696257ff696257ff696257ff696257ff696257ff696257ff696257ff696257
#MRGB ff696257ff696257ff696257ff696257ff696257ff696257ff696257ff696257ff696257ff696257ff696257ff696257ff696257ff696257ff696257ff696257ff696257ff696257ff696257ff696257ff696257ff696257ff696257ff696257ff696257ff696257ff696257ff696257ff696257ff696257ff696257ff696257ff696257ff696257ff696257ff696257ff696257ff696257ff696257ff696257ff696257ff696257ff696257ff696257ff696257ff696257ff696257ff696257ff696257ff696257ff696257ff696257ff696257ff696257ff696257ff696257ff696257ff696257ff696257ff696257ff696257ff696257ff696257ff696257
#MRGB ff696257ff696257ff696257ff696257ff696257ff696257ff696257ff696257ff696257ff696257ff696257ff696257ff696257ff696257ff696257ff696257ff696257ff696257ff696257ff696257ff696257ff696257ff696257ff696257ff696257ff696257ff696257ff696257ff696257ff696257ff696257ff696257ff696257ff696257ff696257ff696257ff696257ff696257ff696257ff696257ff696257ff696257ff696257ff696257ff696257ff696257ff696257ff696257ff696257ff696257ff696257ff696257ff696257ff696257ff696257ff696257ff696257ff696257ff696257ff696257ff696257ff696257ff696257ff696257
#MRGB ff696257ff696257ff696257ff696257ff696257ff696257ff696257ff696257ff696257ff696257ff696257ff696257ff696257ff696257ff696257ff696257ff696257ff696257ff696257ff696257ff696257ff696257ff696257ff696257ff696257ff696257ff696257ff696257ff696257ff696257ff696257ff696257ff696257ff696257ff696257ff696257ff696257ff696257ff696257ff696257ff696257ff696257ff696257ff696257ff696257ff696257ff696257ff696257ff696257ff696257ff696257ff696257ff696257ff696257ff696257ff696257ff696257ff696257ff696257ff696257ff696257ff696257ff696257ff696257
#MRGB ff696257ff696257ff696257ff696257ff696257ff696257ff696257ff696257ff696257ff696257ff696257ff696257ff696257ff696257ff696257ff696257ff696257ff696257ff696257ff696257ff696257ff696257ff696257ff696257ff696257ff696257ff696257ff696257ff696257ff696257ff696257ff696257ff696257ff696257ff696257ff696257ff696257ff696257ff696257ff696257ff696257ff696257ff696257ff696257ff696257ff696257ff696257ff696257ff696257ff696257ff696257ff696257ff696257ff696257ff696257ff696257ff696257ff696257ff696257ff696257ff696257ff696257ff696257ff696257
#MRGB ff696257ff696257ff696257ff696257ff696257ff696257ff696257ff696257ff696257ff696257ff696257ff696257ff696257ff696257ff696257ff696257ff696257ff696257ff696257ff696257ff696257ff696257ff696257ff696257ff696257ff696257ff696257ff696257ff696257ff696257ff696257ff696257ff696257ff696257ff696257ff696257ff696257ff696257ff696257ff696257ff696257ff696257ff696257ff696257ff696257ff696257ff696257ff696257ff696257ff696257ff696257ff696257ff696257ff696257ff696257ff696257ff696257ff696257ff696257ff696257ff696257ff696257ff696257ff696257
#MRGB ff696257ff696257ff696257ff696257ff696257ff696257ff696257ff696257ff696257ff696257ff696257ff696257ff696257ff696257ff696257ff696257ff696257ff696257ff696257ff696257ff696257ff696257ff696257ff696257ff696257ff696257ff696257ff696257ff696257ff696257ff696257ff696257ff696257ff696257ff696257ff696257ff696257ff696257ff696257ff696257ff696257ff696257ff696257ff696257ff696257ff696257ff696257ff696257ff696257ff696257ff696257ff696257ff696257ff696257ff696257ff696257ff696257ff696257ff696257ff696257ff696257ff696257ff696257ff696257
#MRGB ff696257ff696257ff696257ff696257ff696257ff696257ff696257ff696257ff696257ff696257ff696257ff696257ff696257ff696257ff696257ff696257ff696257ff696257ff696257ff696257ff696257ff696257ff696257ff696257ff696257ff696257ff696257ff696257ff696257ff696257ff696257ff696257ff696257ff696257ff696257ff696257ff696257ff696257ff696257ff696257ff696257ff696257ff696257ff696257ff696257ff696257ff696257ff696257ff696257ff696257ff696257ff696257ff696257ff696257ff696257ff696257ff696257ff696257ff696257ff696257ff696257ff696257ff696257ff696257
#MRGB ff696257ff696257ff696257ff696257ff696257ff696257ff696257ff696257ff696257ff696257ff696257ff696257ff696257ff696257ff696257ff696257ff696257ff696257ff696257ff696257ff696257ff696257ff696257ff696257ff696257ff696257ff696257ff696257ff696257ff696257ff696257ff696257ff696257ff696257ff696257ff696257ff696257ff696257ff696257ff696257ff696257ff696257ff696257ff696257ff696257ff696257ff696257ff696257ff696257ff696257ff696257ff696257ff696257ff696257ff696257ff696257ff696257ff696257ff696257ff696257ff696257ff696257ff696257ff696257
#MRGB ff696257ff696257ff696257ff696257ff696257ff696257ff696257ff696257ff696257ff696257ff696257ff696257ff696257ff696257ff696257ff696257ff696257ff696257ff696257ff696257ff696257ff696257ff696257ff696257ff696257ff696257ff696257ff696257ff696257ff696257ff696257ff696257ff696257ff696257ff696257ff696257ff696257ff696257ff696257ff696257ff696257ff696257ff696257ff696257ff696257ff696257ff696257ff696257ff696257ff696257ff696257ff696257ff696257ff696257ff696257ff696257ff696257ff696257ff696257ff696257ff696257ff696257ff696257ff696257
#MRGB ff696257ff696257ff696257ff696257ff696257ff696257ff696257ff696257ff696257ff696257ff696257ff696257ff696257ff696257ff696257ff696257ff696257ff696257ff696257ff696257ff696257ff696257ff696257ff696257ff696257ff696257ff696257ff696257ff696257ff696257ff696257ff696257ff696257ff696257ff696257ff696257ff696257ff696257ff696257ff696257ff696257ff696257ff696257ff696257ff696257ff696257ff696257ff696257ff696257ff696257ff696257ff696257ff696257ff696257ff696257ff696257ff696257ff696257ff696257ff696257ff696257ff696257ff696257ff696257
#MRGB ff696257ff696257ff696257ff696257ff696257ff696257ff696257ff696257ff696257ff696257ff696257ff696257ff696257ff696257ff696257ff696257ff696257ff696257ff696257ff696257ff696257ff696257ff696257ff696257ff696257ff696257ff696257ff696257ff696257ff696257ff696257ff696257ff696257ff696257ff696257ff696257ff696257ff696257ff696257ff696257ff696257ff696257ff696257ff696257ff696257ff696257ff696257ff696257ff696257ff696257ff696257ff696257ff696257ff696257ff696257ff696257ff696257ff696257ff696257ff696257ff696257ff696257ff696257ff696257
#MRGB ff696257ff696257ff696257ff696257ff696257ff696257ff696257ff696257ff696257ff696257ff696257ff696257ff696257ff696257ff696257ff696257ff696257ff696257ff696257ff696257ff696257ff696257ff696257ff696257ff696257ff696257ff696257ff696257ff696257ff696257ff696257ff696257ff696257ff696257ff696257ff696257ff696257ff696257ff696257ff696257ff696257ff696257ff696257ff696257ff696257ff696257ff696257ff696257ff696257ff696257ff696257ff696257ff696257ff696257ff696257ff696257ff696257ff696257ff696257ff696257ff696257ff696257ff696257ff696257
#MRGB ff696257ff696257ff696257ff696257ff696257ff696257ff696257ff696257ff696257ff696257ff696257ff696257ff696257ff696257ff696257ff696257ff696257ff696257ff696257ff696257ff696257ff696257ff696257ff696257ff696257ff696257ff696257ff696257ff696257ff696257ff696257ff696257ff696257ff696257ff696257ff696257ff696257ff696257ff696257ff696257ff696257ff696257ff696257ff696257ff696257ff696257ff696257ff696257ff696257ff696257ff696257ff696257ff696257ff696257ff696257ff696257ff696257ff696257ff696257ff696257ff696257ff696257ff696257ff696257
#MRGB ff696257ff696257ff696257ff696257ff696257ff696257ff696257ff696257ff696257ff696257ff696257ff696257ff696257ff696257ff696257ff696257ff696257ff696257ff696257ff696257ff696257ff696257ff696257ff696257ff696257ff696257ff696257ff696257ff696257ff696257ff696257ff696257ff696257ff696257ff696257ff696257ff696257ff696257ff696257ff696257ff696257ff696257ff696257ff696257ff696257ff696257ff696257ff696257ff696257ff696257ff696257ff696257ff696257ff696257ff696257ff696257ff696257ff696257ff696257ff696257ff696257ff696257ff696257ff696257
#MRGB ff696257ff696257ff696257ff696257ff696257ff696257ff696257ff696257ff696257ff696257ff696257ff696257ff696257ff696257ff696257ff696257ff696257ff696257ff696257ff696257ff696257ff696257ff696257ff696257ff696257ff696257ff696257ff696257ff696257ff696257ff696257ff696257ff696257ff696257ff696257ff696257ff696257ff696257ff696257ff696257ff696257ff696257ff696257ff696257ff696257ff696257ff696257ff696257ff696257ff696257ff696257ff696257ff696257ff696257ff696257ff696257ff696257ff696257ff696257ff696257ff696257ff696257ff696257ff696257
#MRGB ff696257ff696257ff696257ff696257ff696257ff696257ff696257ff696257ff696257ff696257ff696257ff696257ff696257ff696257ff696257ff696257ff696257ff696257ff696257ff696257ff696257ff696257ff696257ff696257ff696257ff696257ff696257ff696257ff696257ff696257ff696257ff696257ff696257ff696257ff696257ff696257ff696257ff696257ff696257ff696257ff696257ff696257ff696257ff696257ff696257ff696257ff696257ff696257ff696257ff696257ff696257ff696257ff696257ff696257ff696257ff696257ff696257ff696257ff696257ff696257ff696257ff696257ff696257ff696257
#MRGB ff696257ff696257ff696257ff696257ff696257ff696257ff696257ff696257ff696257ff696257ff696257ff696257ff696257ff696257ff696257ff696257ff696257ff696257ff696257ff696257ff696257ff696257ff696257ff696257ff696257ff696257ff696257ff696257ff696257ff696257ff696257ff696257ff696257ff696257ff696257ff696257ff696257ff696257ff696257ff696257ff696257ff696257ff696257ff696257ff696257ff696257ff696257ff696257ff696257ff696257ff696257ff696257ff696257ff696257ff696257ff696257ff696257ff696257ff696257ff696257ff696257ff696257ff696257ff696257
#MRGB ff696257ff696257ff696257ff696257ff696257ff696257ff696257ff696257ff696257ff696257ff696257ff696257ff696257ff696257ff696257ff696257ff696257ff696257ff696257ff696257ff696257ff696257ff696257ff696257ff696257ff696257ff696257ff696257ff696257ff696257ff696257ff696257ff696257ff696257ff696257ff696257ff696257ff696257ff696257ff696257ff696257ff696257ff696257ff696257ff696257ff696257ff696257ff696257ff696257ff696257ff696257ff696257ff696257ff696257ff696257ff696257ff696257ff696257ff696257ff696257ff696257ff696257ff696257ff696257
#MRGB ff696257ff696257ff696257ff696257ff696257ff696257ff696257ff696257ff696257ff696257ff696257ff696257ff696257ff696257ff696257ff696257ff696257ff696257ff696257ff696257ff696257ff696257ff696257ff696257ff696257ff696257ff696257ff696257ff696257ff696257ff696257ff696257ff696257ff696257ff696257ff696257ff696257ff696257ff696257ff696257ff696257ff696257ff696257ff696257ff696257ff696257ff696257ff696257ff696257ff696257ff696257ff696257ff696257ff696257ff696257ff696257ff696257ff696257ff696257ff696257ff696257ff696257ff696257ff696257
#MRGB ff696257ff696257ff696257ff696257ff696257ff696257ff696257ff696257ff696257ff696257ff696257ff696257ff696257ff696257ff696257ff696257ff696257ff696257ff696257ff696257ff696257ff696257ff696257ff696257ff696257ff696257ff696257ff696257ff696257ff696257ff696257ff696257ff696257ff696257ff696257ff696257ff696257ff696257ff696257ff696257ff696257ff696257ff696257ff696257ff696257ff696257ff696257ff696257ff696257ff696257ff696257ff696257ff696257ff696257ff696257ff696257ff696257ff696257ff696257ff696257ff696257ff696257ff696257ff696257
#MRGB ff696257ff696257ff696257ff696257ff696257ff696257ff696257ff696257ff696257ff696257ff696257ff696257ff696257ff696257ff696257ff696257ff696257ff696257ff696257ff696257ff696257ff696257ff696257ff696257ff696257ff696257ff696257ff696257ff696257ff696257ff696257ff696257ff696257ff696257ff696257ff696257ff696257ff696257ff696257ff696257ff696257ff696257ff696257ff696257ff696257ff696257ff696257ff696257ff696257ff696257ff696257ff696257ff696257ff696257ff696257ff696257ff696257ff696257ff696257ff696257ff696257ff696257ff696257ff696257
#MRGB ff696257ff696257ff696257ff696257ff696257ff696257ff696257ff696257ff696257ff696257ff696257ff696257ff696257ff696257ff696257ff696257ff696257ff696257ff696257ff696257ff696257ff696257ff696257ff696257ff696257ff696257ff696257ff696257ff696257ff696257ff696257ff696257ff696257ff696257ff696257ff696257ff696257ff696257ff696257ff696257ff696257ff696257ff696257ff696257ff696257ff696257ff696257ff696257ff696257ff696257ff696257ff696257ff696257ff696257ff696257ff696257ff696257ff696257ff696257ff696257ff696257ff696257ff696257ff696257
#MRGB ff696257ff696257ff696257ff696257ff696257ff696257ff696257ff696257ff696257ff696257ff696257ff696257ff696257ff696257ff696257ff696257ff696257ff696257ff696257ff696257ff696257ff696257ff696257ff696257ff696257ff696257ff696257ff696257ff696257ff696257ff696257ff696257ff696257ff696257ff696257ff696257ff696257ff696257ff696257ff696257ff696257ff696257ff696257ff696257ff696257ff696257ff696257ff696257ff696257ff696257ff696257ff696257ff696257ff696257ff696257ff696257ff696257ff696257ff696257ff696257ff696257ff696257ff696257ff696257
#MRGB ff696257ff696257ff696257ff696257ff696257ff696257ff696257ff696257ff696257ff696257ff696257ff696257ff696257ff696257ff696257ff696257ff696257ff696257ff696257ff696257ff696257ff696257ff696257ff696257ff696257ff696257ff696257ff696257ff696257ff696257ff696257ff696257ff696257ff696257ff696257ff696257ff696257ff696257ff696257ff696257ff696257ff696257ff696257ff696257ff696257ff696257ff696257ff696257ff696257ff696257ff696257ff696257ff696257ff696257ff696257ff696257ff696257ff696257ff696257ff696257ff696257ff696257ff696257ff696257
#MRGB ff696257ff696257ff696257ff696257ff696257ff696257ff696257ff696257ff696257ff696257ff696257ff696257ff696257ff696257ff696257ff696257ff696257ff696257ff696257ff696257ff696257ff696257ff696257ff696257ff696257ff696257ff696257ff696257ff696257ff696257ff696257ff696257ff696257ff696257ff696257ff696257ff696257ff696257ff696257ff696257ff696257ff696257ff696257ff696257ff696257ff696257ff696257ff696257ff696257ff696257ff696257ff696257ff696257ff696257ff696257ff696257ff696257ff696257ff696257ff696257ff696257ff696257ff696257ff696257
#MRGB ff696257ff696257ff696257ff696257ff696257ff696257ff696257ff696257ff696257ff696257ff696257ff696257ff696257ff696257ff696257ff696257ff696257ff696257ff696257ff696257ff696257ff696257ff696257ff696257ff696257ff696257ff696257ff696257ff696257ff696257ff696257ff696257ff696257ff696257ff696257ff696257ff696257ff696257ff696257ff696257ff696257ff696257ff696257ff696257ff696257ff696257ff696257ff696257ff696257ff696257ff696257ff696257ff696257ff696257ff696257ff696257ff696257ff696257ff696257ff696257ff696257ff696257ff696257ff696257
#MRGB ff696257ff696257ff696257ff696257ff696257ff696257ff696257ff696257ff696257ff696257ff696257ff696257ff696257ff696257ff696257ff696257ff696257ff696257ff696257ff696257ff696257ff696257ff696257ff696257ff696257ff696257ff696257ff696257ff696257ff696257ff696257ff696257ff696257ff696257ff696257ff696257ff696257ff696257ff696257ff696257ff696257ff696257ff696257ff696257ff696257ff696257ff696257ff696257ff696257ff696257ff696257ff696257ff696257ff696257ff696257ff696257ff696257ff696257ff696257ff696257ff696257ff696257ff696257ff696257
#MRGB ff696257ff696257ff696257ff696257ff696257ff696257ff696257ff696257ff696257ff696257ff696257ff696257ff696257ff696257ff696257ff696257ff696257ff696257ff696257ff696257ff696257ff696257ff696257ff696257ff696257ff696257ff696257ff696257ff696257ff696257ff696257ff696257ff696257ff696257ff696257ff696257ff696257ff696257ff696257ff696257ff696257ff696257ff696257ff696257ff696257ff696257ff696257ff696257ff696257ff696257ff696257ff696257ff696257ff696257ff696257ff696257ff696257ff696257ff696257ff696257ff696257ff696257ff696257ff696257
#MRGB ff696257ff696257ff696257ff696257ff696257ff696257ff696257ff696257ff696257ff696257ff696257ff696257ff696257ff696257ff696257ff696257ff696257ff696257ff696257ff696257ff696257ff696257ff696257ff696257ff696257ff696257ff696257ff696257ff696257ff696257ff696257ff696257ff696257ff696257ff696257ff696257ff696257ff696257ff696257ff696257ff696257ff696257ff696257ff696257ff696257ff696257ff696257ff696257ff696257ff696257ff696257ff696257ff696257ff696257ff696257ff696257ff696257ff696257ff696257ff696257ff696257ff696257ff696257ff696257
#MRGB ff696257ff696257ff696257ff696257ff696257ff696257ff696257ff696257ff696257ff696257ff696257ff696257ff696257ff696257ff696257ff696257ff696257ff696257ff696257ff696257ff696257ff696257ff696257ff696257ff696257ff696257ff696257ff696257ff696257ff696257ff696257ff696257ff696257ff696257ff696257ff696257ff696257ff696257ff696257ff696257ff696257ff696257ff696257ff696257ff696257ff696257ff696257ff696257ff696257ff696257ff696257ff696257ff696257ff696257ff696257ff696257ff696257ff696257ff696257ff696257ff696257ff696257ff696257ff696257
#MRGB ff696257ff696257ff696257ff696257ff696257ff696257ff696257ff696257ff696257ff696257ff696257ff696257ff696257ff696257ff696257ff696257ff696257ff696257ff696257ff696257ff696257ff696257ff696257ff696257ff696257ff696257ff696257ff696257ff696257ff696257ff696257ff696257ff696257ff696257ff696257ff696257ff696257ff696257ff696257ff696257ff696257ff696257ff696257ff696257ff696257ff696257ff696257ff696257ff696257ff696257ff696257ff696257ff696257ff696257ff696257ff696257ff696257ff696257ff696257ff696257ff696257ff696257ff696257ff696257
#MRGB ff696257ff696257ff696257ff696257ff696257ff696257ff696257ff696257ff696257ff696257ff696257ff696257ff696257ff696257ff696257ff696257ff696257ff696257ff696257ff696257ff696257ff696257ff696257ff696257ff696257ff696257ff696257ff696257ff696257ff696257ff696257ff696257ff696257ff696257ff696257ff696257ff696257ff696257ff696257ff696257ff696257ff696257ff696257ff696257ff696257ff696257ff696257ff696257ff696257ff696257ff696257ff696257ff696257ff696257ff696257ff696257ff696257ff696257ff696257ff696257ff696257ff696257ff696257ff696257
#MRGB ff696257ff696257ff696257ff696257ff696257ff696257ff696257ff696257ff696257ff696257ff696257ff696257ff696257ff696257ff696257ff696257ff696257ff696257ff696257ff696257ff696257ff696257ff696257ff696257ff696257ff696257ff696257ff696257ff696257ff696257ff696257ff696257ff696257ff696257ff696257ff696257ff696257ff696257ff696257ff696257ff696257ff696257ff696257ff696257ff696257ff696257ff696257ff696257ff696257ff696257ff696257ff696257ff696257ff696257ff696257ff696257ff696257ff696257ff696257ff696257ff696257ff696257ff696257ff696257
#MRGB ff696257ff696257ff696257ff696257ff696257ff696257ff696257ff696257ff696257ff696257ff696257ff696257ff696257ff696257ff696257ff696257ff696257ff696257ff696257ff696257ff696257ff696257ff696257ff696257ff696257ff696257ff696257ff696257ff696257ff696257ff696257ff696257ff696257ff696257ff696257ff696257ff696257ff696257ff696257ff696257ff696257ff696257ff696257ff696257ff696257ff696257ff696257ff696257ff696257ff696257ff696257ff696257ff696257ff696257ff696257ff696257ff696257ff696257ff696257ff696257ff696257ff696257ff696257ff696257
#MRGB ff696257ff696257ff696257ff696257ff696257ff696257ff696257ff696257ff696257ff696257ff696257ff696257ff696257ff696257ff696257ff696257ff696257ff696257ff696257ff696257ff696257ff696257ff696257ff696257ff696257ff696257ff696257ff696257ff696257ff696257ff696257ff696257ff696257ff696257ff696257ff696257ff696257ff696257ff696257ff696257ff696257ff696257ff696257ff696257ff696257ff696257ff696257ff696257ff696257ff696257ff696257ff696257ff696257ff696257ff696257ff696257ff696257ff696257ff696257ff696257ff696257ff696257ff696257ff696257
#MRGB ff696257ff696257ff696257ff696257ff696257ff696257ff696257ff696257ff696257ff696257ff696257ff696257ff696257ff696257ff696257ff696257ff696257ff696257ff696257ff696257ff696257ff696257ff696257ff696257ff696257ff696257ff696257ff696257ff696257ff696257ff696257ff696257ff696257ff696257ff696257ff696257ff696257ff696257ff696257ff696257ff696257ff696257ff696257ff696257ff696257ff696257ff696257ff696257ff696257ff696257ff696257ff696257ff696257ff696257ff696257ff696257ff696257ff696257ff696257ff696257ff696257ff696257ff696257ff696257
#MRGB ff696257ff696257ff696257ff696257ff696257ff696257ff696257ff696257ff696257ff696257ff696257ff696257ff696257ff696257ff696257ff696257ff696257ff696257ff696257ff696257ff696257ff696257ff696257ff696257ff696257ff696257ff696257ff696257ff696257ff696257ff696257ff696257ff696257ff696257ff696257ff696257ff696257ff696257ff696257ff696257ff696257ff696257ff696257ff696257ff696257ff696257ff696257ff696257ff696257ff696257ff696257ff696257ff696257ff696257ff696257ff696257ff696257ff696257ff696257ff696257ff696257ff696257ff696257ff696257
#MRGB ff696257ff696257ff696257ff696257ff696257ff696257ff696257ff696257ff696257ff696257ff696257ff696257ff696257ff696257ff696257ff696257ff696257ff696257ff696257ff696257ff696257ff696257ff696257ff696257ff696257ff696257ff696257ff696257ff696257ff696257ff696257ff696257ff696257ff696257ff696257ff696257ff696257ff696257ff696257ff696257ff696257ff696257ff696257ff696257ff696257ff696257ff696257ff696257ff696257ff696257ff696257ff696257ff696257ff696257ff696257ff696257ff696257ff696257ff696257ff696257ff696257ff696257ff696257ff696257
#MRGB ff696257ff696257ff696257ff696257ff696257ff696257ff696257ff696257ff696257ff696257ff696257ff696257ff696257ff696257ff696257ff696257ff696257ff696257ff696257ff696257ff696257ff696257ff696257ff696257ff696257ff696257ff696257ff696257ff696257ff696257ff696257ff696257ff696257ff696257ff696257ff696257ff696257ff696257ff696257ff696257ff696257ff696257ff696257ff696257ff696257ff696257ff696257ff696257ff696257ff696257ff696257ff696257ff696257ff696257ff696257ff696257ff696257ff696257ff696257ff696257ff696257ff696257ff696257ff696257
#MRGB ff696257ff696257ff696257ff696257ff696257ff696257ff696257ff696257ff696257ff696257ff696257ff696257ff696257ff696257ff696257ff696257ff696257ff696257ff696257ff696257ff696257ff696257ff696257ff696257ff696257ff696257ff696257ff696257ff696257ff696257ff696257ff696257ff696257ff696257ff696257ff696257ff696257ff696257ff696257ff696257ff696257ff696257ff696257ff696257ff696257ff696257ff696257ff696257ff696257ff696257ff696257ff696257ff696257ff696257ff696257ff696257ff696257ff696257ff696257ff696257ff696257ff696257ff696257ff696257
#MRGB ff696257ff696257ff696257ff696257ff696257ff696257ff696257ff696257ff696257ff696257ff696257ff696257ff696257ff696257ff696257ff696257ff696257ff696257ff696257ff696257ff696257ff696257ff696257ff696257ff696257ff696257ff696257ff696257ff696257ff696257ff696257ff696257ff696257ff696257ff696257ff696257ff696257ff696257ff696257ff696257ff696257ff696257ff696257ff696257ff696257ff696257ff696257ff696257ff696257ff696257ff696257ff696257ff696257ff696257ff696257ff696257ff696257ff696257ff696257ff696257ff696257ff696257ff696257ff696257
#MRGB ff696257ff696257ff696257ff696257ff696257ff696257ff696257ff696257ff696257ff696257ff696257ff696257ff696257ff696257ff696257ff696257ff696257ff696257ff696257ff696257ff696257ff696257ff696257ff696257ff696257ff696257ff696257ff696257ff696257ff696257ff696257ff696257ff696257ff696257ff696257ff696257ff696257ff696257ff696257ff696257ff696257ff696257ff696257ff696257ff696257ff696257ff696257ff696257ff696257ff696257ff696257ff696257ff696257ff696257ff696257ff696257ff696257ff696257ff696257ff696257ff696257ff696257ff696257ff696257
#MRGB ff696257ff696257ff696257ff696257ff696257ff696257ff696257ff696257ff696257ff696257ff696257ff696257ff696257ff696257ff696257ff696257ff696257ff696257ff696257ff696257ff696257ff696257ff696257ff696257ff696257ff696257ff696257ff696257ff696257ff696257ff696257ff696257ff696257ff696257ff696257ff696257ff696257ff696257ff696257ff696257ff696257ff696257ff696257ff696257ff696257ff696257ff696257ff696257ff696257ff696257ff696257ff696257ff696257ff696257ff696257ff696257ff696257ff696257ff696257ff696257ff696257ff696257ff696257ff696257
#MRGB ff696257ff696257ff696257ff696257ff696257ff696257ff696257ff696257ff696257ff696257ff696257ff696257ff696257ff696257ff696257ff696257ff696257ff696257ff696257ff696257ff696257ff696257ff696257ff696257ff696257ff696257ff696257ff696257ff696257ff696257ff696257ff696257ff696257ff696257ff696257ff696257ff696257ff696257ff696257ff696257ff696257ff696257ff696257ff696257ff696257ff696257ff696257ff696257ff696257ff696257ff696257ff696257ff696257ff696257ff696257ff696257ff696257ff696257ff696257ff696257ff696257ff696257ff696257ff696257
#MRGB ff696257ff696257ff696257ff696257ff696257ff696257ff696257ff696257ff696257ff696257ff696257ff696257ff696257ff696257ff696257ff696257ff696257ff696257ff696257ff696257ff696257ff696257ff696257ff696257ff696257ff696257ff696257ff696257ff696257ff696257ff696257ff696257ff696257ff696257ff696257ff696257ff696257ff696257ff696257ff696257ff696257ff696257ff696257ff696257ff696257ff696257ff696257ff696257ff696257ff696257ff696257ff696257ff696257ff696257ff696257ff696257ff696257ff696257ff696257ff696257ff696257ff696257ff696257ff696257
#MRGB ff696257ff696257ff696257ff696257ff696257ff696257ff696257ff696257ff696257ff696257ff696257ff696257ff696257ff696257ff696257ff696257ff696257ff696257ff696257ff696257ff696257ff696257ff696257ff696257ff696257ff696257ff696257ff696257ff696257ff696257ff696257ff696257ff696257ff696257ff696257ff696257ff696257ff696257ff696257ff696257ff696257ff696257ff696257ff696257ff696257ff696257ff696257ff696257ff696257ff696257ff696257ff696257ff696257ff696257ff696257ff696257ff696257ff696257ff696257ff696257ff696257ff696257ff696257ff696257
#MRGB ff696257ff696257ff696257ff696257ff696257ff696257ff696257ff696257ff696257ff696257ff696257ff696257ff696257ff696257ff696257ff696257ff696257ff696257ff696257ff696257ff696257ff696257ff696257ff696257ff696257ff696257ff696257ff696257ff696257ff696257ff696257ff696257ff696257ff696257ff696257ff696257ff696257ff696257ff696257ff696257ff696257ff696257ff696257ff696257ff696257ff696257ff696257ff696257ff696257ff696257ff696257ff696257ff696257ff696257ff696257ff696257ff696257ff696257ff696257ff696257ff696257ff696257ff696257ff696257
#MRGB ff696257ff696257ff696257ff696257ff696257ff696257ff696257ff696257ff696257ff696257ff696257ff696257ff696257ff696257ff696257ff696257ff696257ff696257ff696257ff696257ff696257ff696257ff696257ff696257ff696257ff696257ff696257ff696257ff696257ff696257ff696257ff696257ff696257ff696257ff696257ff696257ff696257ff696257ff696257ff696257ff696257ff696257ff696257ff696257ff696257ff696257ff696257ff696257ff696257ff696257ff696257ff696257ff696257ff696257ff696257ff696257ff696257ff696257ff696257ff696257ff696257ff696257ff696257ff696257
#MRGB ff696257ff696257ff696257ff696257ff696257ff696257ff696257ff696257ff696257ff696257ff696257ff696257ff696257ff696257ff696257ff696257ff696257ff696257ff696257ff696257ff696257ff696257ff696257ff696257ff696257ff696257ff696257ff696257ff696257ff696257ff696257ff696257ff696257ff696257ff696257ff696257ff696257ff696257ff696257ff696257ff696257ff696257ff696257ff696257ff696257ff696257ff696257ff696257ff696257ff696257ff696257ff696257ff696257ff696257ff696257ff696257ff696257ff696257ff696257ff696257ff696257ff696257ff696257ff696257
#MRGB ff696257ff696257ff696257ff696257ff696257ff696257ff696257ff696257ff696257ff696257ff696257ff696257ff696257ff696257ff696257ff696257ff696257ff696257ff696257ff696257ff696257ff696257ff696257ff696257ff696257ff696257ff696257ff696257ff696257ff696257ff696257ff696257ff696257ff696257ff696257ff696257ff696257ff696257ff696257ff696257ff696257ff696257ff696257ff696257ff696257ff696257ff696257ff696257ff696257ff696257ff696257ff696257ff696257ff696257ff696257ff696257ff696257ff696257ff696257ff696257ff696257ff696257ff696257ff696257
#MRGB ff696257ff696257ff696257ff696257ff696257ff696257ff696257ff696257ff696257ff696257ff696257ff696257ff696257ff696257ff696257ff696257ff696257ff696257ff696257ff696257ff696257ff696257ff696257ff696257ff696257ff696257ff696257ff696257ff696257ff696257ff696257ff696257ff696257ff696257ff696257ff696257ff696257ff696257ff696257ff696257ff696257ff696257ff696257ff696257ff696257ff696257ff696257ff696257ff696257ff696257ff696257ff696257ff696257ff696257ff696257ff696257ff696257ff696257ff696257ff696257ff696257ff696257ff696257ff696257
#MRGB ff696257ff696257ff696257ff696257ff696257ff696257ff696257ff696257ff696257ff696257ff696257ff696257ff696257ff696257ff696257ff696257ff696257ff696257ff696257ff696257ff696257ff696257ff696257ff696257ff696257ff696257ff696257ff696257ff696257ff696257ff696257ff696257ff696257ff696257ff696257ff696257ff696257ff696257ff696257ff696257ff696257ff696257ff696257ff696257ff696257ff696257ff696257ff696257ff696257ff696257ff696257ff696257ff696257ff696257ff696257ff696257ff696257ff696257ff696257ff696257ff696257ff696257ff696257ff696257
#MRGB ff696257ff696257ff696257ff696257ff696257ff696257ff696257ff696257ff696257ff696257ff696257ff696257ff696257ff696257ff696257ff696257ff696257ff696257ff696257ff696257ff696257ff696257ff696257ff696257ff696257ff696257ff696257ff696257ff696257ff696257ff696257ff696257ff696257ff696257ff696257ff696257ff696257ff696257ff696257ff696257ff696257ff696257ff696257ff696257ff696257ff696257ff696257ff696257ff696257ff696257ff696257ff696257ff696257ff696257ff696257ff696257ff696257ff696257ff696257ff696257ff696257ff696257ff696257ff696257
#MRGB ff696257ff696257
#MAT 4cf2ff4df2ff4df2ff4cf2ff4df2ff4df2ff4df2ff4df2ff4df2ff4df2ff4df2ff4df2ff4df2ff4df2ff4df2ff4df2ff4df2ff4df2ff4df2ff4df2ff4df2ff4df2ff4df2ff4df2ff4df2ff4df2ff4cf2ff4df2ff4cf2ff4df2ff4cf2ff4df2ff4df2ff4cf2ff4df2ff4df2ff4df2ff4df2ff4df2ff4cf2ff4df2ff4cf2ff4df2ff4df2ff4df2ff4df2ff
#MAT 4df2ff4df2ff4df2ff4df2ff4cf2c24df2ff4df2ff4df2ff4df2ff4df2ff4df2ff4df2ff4df2ff4df2ff4df2ff4df2ff4df2ff4df2ff4df2ff4df2ff4df2ff4df2ff4df2ff4df2ff4df2ff4df2ff4df2ff4df2ff4df2ff4df2ff4df2ff4df2ff4df2ff4df2ff4df2ff4df2ff4df2ff4df2ff4df2c94df2ff4df2ff4df2ff4df2ff4df2ff4df2ff4df2ff
#MAT 4df2ff4df2e94df2fd4df2ff4df2fc4df2ff4cf2ff4cf2ff4cf2ff4df2ff4cf2ff4df2ff4df2ff4df2ff4df2ff4df2ff4df2ff4df2ff4df2ff4cf2ff4df2ff4cf2ff4df2ff4df2ff4df2ff4df2ff4df2ff4df2ff4df2ff4df2ff4df2ff4df2ff4df2ff4df2ff4df2ff4df2ff4df2ff4df2ff4df2ff4df2ff4df2ff4df2ff4df2ff4df2ff4df2ff4df2ff
#MAT 4df2ff4df2ff4df2ff4df2ff4df2ff4cf2ff4df2ff4cf2ff4cf2ff4df2ff4df2ff4cf2ff4df2ff4cf2ff4cf2ff4cf2ff4df2ff4df2ff4df2ff4df2ff4df2ff4df2ff4df2ff4df2ff4df2ff4df2ff4df2ff4df2ff4df2ff4df2ff4df2ff4df2ff4df2ff4df2ff4cf2ff4cf2ff4df2ff4df2ff4df2ff4df2ff4df2ff4df2ff4df2ff4df2ff4df2ff4df2ff
#MAT 4df2ff4df2ff4df2ff4df2ff4df2ff4df2d74df2ff4df2ff4df2ff4df2ff4df2ff4df2ff4df2ff4df2ff4df2ff4df2ff4df2ff4df2ff4df2ff4df2ff4df2ff4df2ff4df2ff4df2ff4df2ff4df2ff4df2ff4df2ff4df2ff4df2ff4df2ff4df2ff4df2ff4df2ff4df2ff4df2ff4df2ff4df2ff4df2ff4df2ff4df2ff4df2ff4df2ff4df2ff4df2ff4df2ff
#MAT 4df2ff4df2ff4df2ff4df2ff4df2ff4df2ff4df2ff4df2ff4df2ff4df2ff4df2ff4df2ff4df2ff4df2ff4df2ff4df2ff4df2ff4df2ff4df2ff4df2ff4df2ff4df2ff4df2ff4df2ff4df2ff4df2ff4df2ff4df2ff4df2ff4df2ff4df2ff4df2ff4df2ff4df2ff4df2ff4df2ff4df2ff4df2ff4df2ff4cf2ff4df2ff4df2ff4df2ff4df2ff4df2ff4df2ff
#MAT 4df2ff4df2ff4df2ff4df2ff4df2ff4df2ff4df2ff4df2ff4df2ff4df2ff4df2ff4df2ff4df2ff4df2ff4df2ff4df2ff4df2ff4df2ff4df2ff4df2ff4df2ff4df2ff4df2ff4df2ff4df2ff4df2ff4df2ff4df2ff4df2ff4df2ff4df2ff4df2ff4df2ff4df2ff4df2ff4df2ff4df2ff4df2ff4df2ff4df2ff4df2ff4cf2b44df2ff4df2ff4df2ff4df2ff
#MAT 4df2ff4df2ff4df2ff4df2ff4df2ff4df2ff4df2ff4df2ff4df2ff4df2ff4cf2ff4df2ff4df2ff4cf2ff4df2ff4df2ff4df2ff4df2ff4df2ff4df2ff4df2ff4df2ff4df2ff4df2ff4df2ff4df2ff4df2ff4df2ff4df2ff4df2ff4df2ff4df2ff4df2ff4df2ff4df2ff4df2ff4df2ff4df2ff4df2ff4df2ff4df2ff4df2ff4df2e74df2ff4df2ff4df2ff
#MAT 4df2e24df2ff4df2ff4df2ff4df2ff4df2ff4df2ff4df2ff4df2ff4df2ff4df2ff4df2ff4df2ff4df2ff4df2ff4df2ff4df2ff4df2ff4cf2ff4cf2ff4cf2ff4cf2ff4cf2ff4df2ff4cf2ff4cf2ff4cf2ff4cf2ff4cf2ff4cf2ff4cf2ff4df2ff4df2ff4cf2ff4cf2ff4df2ff4cf2ff4cf2ff4df2ff4df2ff4df2ff4df2ff4df2ff4df2ff4df2ff4df2ff
#MAT 4cf2ff4cf2ff4df2ff4df2ff4cf2ff4df2ff4df2ff4df2ff4df2ff4df2ff4df2ff4df2ff4df2ff4cf2ff4df2ff4df2ff4cf2ff4cf2ff4df2ff4df2ff4cf2ff4cf2ff4cf2ff4cf2ff4cf2ff4cf2ff4df2ff4cf2ff4df2ff4df2ff4df2ff4df2ff4df2ff4df2ff4df2ff4df2ff4df2ff4df2ff4df2ff4df2ff4df2ff4df2ff4df2ff4df2ff4df2ff4df2ff
#MAT 4df2ff4df2ff4df2ff4df2ff4df2ff4df2ff4df2ff4df2ff4df2ff4df2ff4df2ff4cf2ff4df2ff4df2ff4df2ff4df2ff4df2ff4df2ff4df2ff4df2ff4df2ff4cf2ff4cf2ff4cf2ff4df2ff4df2ff4df2ff4df2ff4df2ff4cf2ff4df2ff4cf2ff4df2ff4df2ff4df2ff4df2ff4df2ff4df2ff4cf2ff4df2ff4cf2ff4df2ff4df2ff4df2ff4df2ff4df2ff
#MAT 4df2ff4df2ff4df2ff4df2ff4cf2ff4df2ff4df2ff4df2ff4df2ff4df2ff4df2ff4df2ff4df2ff4df2ff4df2ff4df2ff4df2ff4df2ff4df2ff4df2ff4df2ff4df2ff4df2ff4df2ff4df2ff4df2ff4df2ff4df2ff4df2ff4df2ff4df2ff4df2ff4df2ff4df2ff4df2ff4df2ff4df2ff4df2ff4df2ff4df2ff4cf2ff4cf2ff4df2ff4df2ff4df2ff4cf2ff
#MAT 4cf2ff4cf2ff4cf2ff4cf2ff4cf2ff4df2ff4df2ff4df2ff4df2ff4df2ff4df2ff4df2ff4df2ff4df2ff4df2ff4df2ff4cf2ff4df2ff4df2ff4cf2ff4cf2ff4cf2ff4df2ff4df2ff4df2ff4df2ff4df2ff4cf2ff4cf2ff4cf2ff4cf2ff4cf2ff4df2ff4cf2ff4cf2ff4cf2ff4cf2ff4cf2ff4cf2ff4cf2ff4cf2ff4cf2ff4df2ff4df2ff4df2ff4df2ff
#MAT 4df2ff4df2ff4df2ff4df2ff4df2ff4df2ff4df2ff4df2ff4df2ff4df2ff4df2ff4df2ff4df2ff4df2ff4df2ff4df2ff4df2ff4df2ff4df2ff4df2ff4df2ff4df2ff4df2ff4df2ff4df2ff4df2ff4df2ff4df2ff4df2ff4df2ff4df2ff4df2ff4df2ff4df2ff4df2ff4df2ff4df2ff4df2ff4df2ff4df2ff4df2ff4df2ff4df2ff4df2ff4df2ff4df2ff
#MAT 4df2ff4df2ff4df2ff4df2ff4df2ff4cf2ff4df2ff4cf2ff4df2ff4df2ff4df2ff4df2ff4df2ff4df2ff4cf2ff4df2ff4df2ff4cf2ff4cf2ff4cf2ff4df2ff4df2ff4cf2ff4cf2ff4df2ff4df2ff4df2ff4df2ff4df2ff4df2ff4df2ff4df2ff4df2ff4df2ff4df2ff4df2ff4df2ff4df2ff4df2ff4df2ff4df2ff4df2ff4df2ff4df2ff4df2ff4df2ff
#MAT 4df2ff4df2ff4df2ff4df2ff4df2ff4df2ff4df2ff4df2ff4df2ff4df2ff4df2ff4df2ff4df2ff4df2ff4df2ff4df2ff4df2ff4df2ff4df2ff4df2ff4df2ff4df2ff4df2ff4df2ff4df2ff4df2ff4df2ff4df2ff4df2ff4df2ff4df2ff4df2ff4df2ff4df2ff4df2ff4df2ff4df2ff4df2ff4df2ff4df2ff4df2ff4df2ff4cf2754df2ff4df2ff4df2ff
#MAT 4df2ff4df2ff4df2ff4df2ff4df2c64df2ff4df2ff4df2ff4df2ff4df2ff4df2ff4df2ff4df2ff4df2ff4df2ff4df2ff4df2ff4df2ff4df2ff4df2ff4df2ff4df2ff4df2ff4df2ff4df2ff4df2ff4df2ff4df2ff4df2ff4df2ff4df2ff4df2ff4df2ff4df2ff4df2ff4df2ff4df2ff4df2ff4df2ff4df2ff4df2ff4df2ff4df2ff4df2ff4df2ff4df2ff
#MAT 4df2ff4df2ff4df2ff4df2ff4df2ff4df2ff4df2ff4df2ff4df2ff4df2ff4df2ff4df2ff4df2ff4df2ff4df2ff4df2ff4df2ff4df2ff4df2ff4df2ff4df2ff4df2ff4df2ff4df2ff4df2ff4df2ff4df2ff4df2ff4df2ff4df2ff4df2ff4df2ff4df2ff4df2ff4df2ff4df2ff4df2ff4df2ff4df2ff4df2ff4df2ff4df2ff4df2ff4df2ff4df2ff4df2ff
#MAT 4df2ff4df2ff4df2ff4df2ff4df2ff4df2ff4df2ff4df2ff4df2ff4df2ff4df2ff4df2ff4df2ff4df2ff4df2ff4df2ff4df2ff4df2ff4df2ff4df2ff4df2ff4df2ff4df2ff4df2ff4df2ff4df2ff4df2ff4df2ff4df2ff4df2ff4df2ff4df2ff4df2ff4df2ff4df2ff4df2ff4df2ff4df2ff4df2ff4df2ff4df2ff4df2ff4df2ff4df2ff4df2ff4df2ff
#MAT 4df2ff4df2ff4df2ff4df2ff4df2ff4df2ff4df2ff4df2ff4df2ff4df2ff4df2ff4df2ff4df2ff4df2ff4df2ff4df2ff4df2ff4df2ff4df2ff4df2ff4df2ff4df2ff4df2ff4df2ff4df2ff4df2ff4df2ff4df2ff4df2ff4df2ff4df2ff4df2ff4df2ff4df2ff4df2ff4df2ff4df2ff4df2ff4df2ff4df2ff4df2ff4df2ff4df2ff4df2ff4df2ff4df2ff
#MAT 4df2ff4df2ff4df2ff4df2ff4df2ff4df2ff4df2ff4df2ff4df2ff4df2ff4df2ff4df2ff4df2ff4df2ff4df2ff4df2ff4df2ff4df2ff4df2ff4df2ff4df2ff4df2ff4df2ff4df2ff4df2ff4df2ff4df2ff4df2ff4df2ff4df2ff4df2ff4df2ff4df2ff4df2ff4df2ff4df2ff4df2ff4df2ff4df2ff4df2ff4df2ff4df2ff4df2ff4df2ff4df2ff4df2ff
#MAT 4df2ff4df2ff4df2ff4df2ff4df2ff4df2ff4df2ff4df2ff4df2ff4df2ff4df2ff4df2ff4df2ff4df2ff4df2ff4df2ff4df2ff4df2ff4df2ff4df2ff4df2ff4df2ff4df2ff4df2ff4df2ff4df2ff4df2ff4df2ff4df2ff4df2ff4df2ff4df2ff4df2ff4df2ff4df2ff4df2ff4df2ff4df2ff4df2ff4df2ff4df2ff4df2ff4df2ff4df2ff4df2ff4df2ff
#MAT 4df2ff4df2ff4df2ff4df2ff4df2ff4df2ff4df2ff4df2ff4df2ff4df2ff4df2ff4df2ff4df2ff4df2ff4df2ff4df2ff4df2ff4df2ff4df2ff4df2ff4df2ff4df2ff4df2ff4df2ff4df2ff4df2ff4df2ff4df2ff4df2ff4df2ff4df2ff4df2ff4df2ff4df2ff4df2ff4df2ff4df2ff4cf2ff4df2ff4df2ff4df2ff4df2ff4df2ff4df2ff4df2ff4df2ff
#MAT 4df2ff4df2ff4df2ff4df2ff4df2ff4df2ff4df2ff4df2ff4df2ff4df2ff4df2ff4df2ff4df2ff4df2ff4df2ff4df2ff4df2ff4df2ff4df2ff4df2ff4df2ff4df2ff4df2ff4df2ff4df2ff4df2ff4df2ff4df2ff4df2ff4df2ff4df2ff4df2ff4df2ff4df2ff4df2ff4df2ff4df2ff4df2ff4df2ff4df2ff4df2ff4df2ff4df2ff4df2ff4df2ff4df2ff
#MAT 4df2ff4df2ff4df2ff4df2ff4df2ff4df2ff4cf2ff4df2ff4df2ff4df2ff4df2ff4df2ff4df2ff4df2ff4df2ff4df2ff4df2ff4df2ff4df2ff4df2ff4df2ff4cf2ff4df2ff4df2ff4df2ff4df2ff4df2ff4df2ff4df2ff4df2ff4df2ff4df2ff4df2ff4df2ff4df2ff4df2ff4df2ff4df2ff4df2ff4df2ff4df2ff4df2ff4df2ff4df2ff4df2ff4df2ff
#MAT 4df2ff4df2ff4df2ff4df2ff4df2ff4df2ff4df2ff4df2ff4cf2ff4df2ff4df2ff4df2ff4df2ff4df2ff4df2ff4df2ff4df2ff4df2ff4df2ff4df2ff4df2ff4df2ff4df2ff4df2ff4df2ff4df2ff4df2ff4df2ff4df2ff4df2ff4df2ff4df2ff4df2ff4df2ff4df2ff4df2ff4df2ff4df2ff4df2ff4df2ff4df2ff4df2ff4df2ff4df2ff4df2ff4df2ff
#MAT 4df2ff4df2ff4df2ff4df2ff4df2ff4df2ff4df2ff4df2ff4df2ff4df2ff4df2ff4df2ff4df2ff4df2ff4df2ff4df2ff4df2ff4df2ff4df2ff4df2ff4df2ff4df2ff4df2ff4df2ff4df2ff4df2ff4df2ff4df2ff4df2ff4df2ff4df2ff4df2ff4df2ff4df2ff4df2ff4df2ff4df2ff4df2ff4df2f54cf2734df2ff4df2ff4df2ff4df2ff4df2ff4df2ff
#MAT 4df2ff4df2ff4df2ff4df2ff4df2ff4df2ff4df2ff4df2ff4df2ff4df2ff4df2ff4df2ff4df2ff4df2ff4df2ff4df2ff4df2ff4df2ff4df2ff4df2ff4df2ff4df2ff4df2ff4df2ff4df2ff4df2ff4df2ff4df2ff4df2ff4df2ff4df2ff4df2ff4df2ff4df2ff4df2ff4df2ff4df2ff4df2ff4df2ff4df2ff4df2ff4df2ff4df2ff4df2ff4df2ff4df2ff
#MAT 4df2ff4df2ff4df2ff4df2ff4df2ff4df2ff4df2ff4df2ff4df2ff4df2ff4df2ff4df2ff4df2ff4df2ff4cf2ff4df2ff4df2ff4df2ff4cf2ff4cf2ff4cf2ff4cf2ff4cf2ff4df2ff4df2ff4df2ff4df2ff4df2ff4df2ff4df2ff4df2ff4cf2ff4df2ff4df2ff4df2ff4df2ff4df2ff4df2ff4df2ff4df2ff4df2ff4df2ff4df2ff4df2ff4df2ff4df2ff
#MAT 4df2ff4df2ff4df2ff4df2ff4df2ff4df2ff4df2ff4df2ff4df2ff4df2ff4df2ff4df2ff4df2ff4df2ff4df2ff4df2ff4df2ff4df2ff4df2ff4df2ff4df2ff4df2ff4df2ff4df2ff4df2ff4df2ff4df2ff4df2ff4df2ff4df2ff4df2ff4df2ff4df2ff4df2ff4df2ff4df2ff4df2ff4df2ff4df2ff4df2ff4df2ff4df2ff4df2ff4df2ff4df2ff4df2ff
#MAT 4df2ff4df2ff4df2ff4df2ff4df2ff4df2ff4df2ff4df2ff4df2ff4df2ff4df2ff4df2ff4df2ff4df2ff4df2ff4df2ff4df2ff4df2ff4df2ff4df2ff4df2ff4df2ff4df2ff4df2ff4df2ff4df2ff4df2ff4df2ff4df2ff4df2ff4df2ff4df2ff4df2ff4df2e04df2ff4df2ff4df2ff4df2ff4df2ff4df2ff4df2ff4df2ff4df2ff4df2ff4df2ff4df2ff
#MAT 4df2ff4df2ff4df2ff4df2ff4df2ff4df2ff4df2ff4df2ff4df2ee4df2ff4df2ff4df2ff4df2ff4df2ff4df2ff4df2ff4df2e74df2ff4df2ff4df2ff4df2ff4df2ff4df2ff4df2ff4df2ff4df2ff4df2ff4df2ff4df2ff4df2ff4df2ff4df2ff4df2e54df2ff4df2ff4df2ea4df2ff4df2ff4df2ff4df2ff4df2ff4df2ff4df2ff4df2ff4df2ff4df2ff
#MAT 4df2ff4df2ff4df2ff4df2ff4df2ff4df2ff4df2ff4df2ff4df2ff4df2ff4df2ff4df2ff4df2ff4df2ff4df2ea4df2ff4df2ff4df2ff4df2ff4df2ff4df2ff4df2ff4df2ff4df2ff4df2ff4df2ff4df2ff4df2ff4df2ff4df2ff4df2ff4df2ff4df2ff4df2ff4df2ff4df2ff4df2ff4df2ff4df2ff4df2ff4df2ff4df2ff4df2ff4df2ff4df2ff4df2ff
#MAT 4df2ff4df2ff4df2ff4df2ff4df2ff4df2ff4df2ff4df2ff4df2ff4df2ff4df2ff4df2ff4df2ff4df2ff4df2ff4df2ff4df2ff4df2ff4df2ff4df2ff4cf2ff4cf2ff4cf2ff4cf2ff4cf2ff4cf2ff4cf2ff4cf2ff4cf2ff4cf2ff4cf2ff4cf2ff4cf2ff4cf2ff4df2ff4cf2ff4cf2ff4cf2ff4cf2ff4cf2ff4cf2ff4cf2ff4cf2ff4cf2ff4cf2ff4cf2ff
#MAT 4cf2ff4cf2ff4cf2ff4cf2ff4cf2ff4cf2ff4cf2ff4cf2ff4cf2ff4cf2ff4cf2ff4cf2ff4cf2ff4cf2ff4cf2ff4cf2ff4cf2ff4cf2ff4cf2ff4df2ff4df2ff4cf2ff4cf2ff4cf2ff4cf2ff4df2ff4cf2ff4df2ff4df2ff4df2ff4cf2ff4cf2ff4cf2ff4cf2ff4df2ff4df2ff4df2ff4df2ff4df2ff4df2ff4cf2ff4df2ff4cf2ff4cf2ff4df2ff4df2ff
#MAT 4df2ff4df2ff4df2ff4df2ff4df2ff4df2ff4df2ff4df2ff4df2ff4df2ff4df2ff4df2ff4df2ff4df2ff4df2ff4df2ff4df2ff4df2ff4df2ff4df2ff4df2ff4df2ff4df2ff4df2ff4df2ff4df2ff4cf2ff4cf2ff4cf2ff4cf2ff4df2ff4cf2ff4cf2ff4cf2ff4cf2ff4cf2ff4df2ff4df2ff4cf2ff4cf2ff4df2ff4df2ff4df2ff4df2ff4df2ff4df2ff
#MAT 4df2ff4df2ff4df2ff4df2ff4df2ff4df2ff4df2ff4df2ff4df2ff4df2ff4df2ff4df2ff4df2ff4df2ff4df2ff4df2ff4df2ff4df2ff4df2ff4df2ff4df2ff4df2ff4df2ff4df2ff4df2ff4df2ff4df2ff4df2ff4df2ff4df2ff4df2ff4df2ff4df2ff4df2ff4df2ff4df2ff4df2ff4df2ff4df2ff4cf2ff4cf2ff4df2ff4df2ff4df2ff4df2ff4df2ff
#MAT 4cf2ff4cf2ff4df2ff4cf2ff4cf2ff4df2ff4cf2ff4df2ff4df2ff4df2ff4cf2ff4cf2ff4cf2ff4cf2ff4cf2ff4cf2ff4cf2ff4cf2ff4cf2ff4cf2ff4cf2ff4cf2ff4cf2ff4cf2ff4cf2ff4cf2ff4cf2ff4cf2ff4cf2ff4cf2ff4cf2ff4cf2ff4cf2ff4df2ff4df2ff4df2ff4cf2ff4cf2ff4cf2ff4cf2ff4cf2ff4df2ff4df2ff4cf2ff4df2ff4df2ff
#MAT 4df2ff4df2ff4df2ff4df2ff4df2ff4df2ff4df2ff4df2ff4df2ff4df2ff4df2ff4df2ff4df2ff4df2ff4df2ff4df2ff4df2ff4df2ff4df2ff4df2ff4df2ff4df2ff4df2ff4df2ff4df2ff4df2ff4df2ff4df2ff4df2ff4df2ff4df2ff4df2ff4df2ff4df2ff4df2ff4df2ff4df2ff4df2ff4df2ff4df2ff4df2ff4df2ff4df2ff4df2ff4df2ff4df2ff
#MAT 4df2ff4df2ff4df2ff4df2ff4df2ff4df2ff4df2ff4df2ff4df2ff4df2ff4df2ff4df2ff4df2ff4df2ff4df2ff4df2ff4df2ff4df2ff4df2ff4df2ff4df2ff4df2ff4df2ff4df2ff4df2ff4df2ff4df2ff4df2ff4df2ff4df2ff4df2ff4df2ff4df2ff4df2ff4df2ff4df2ff4df2ff4df2ff4df2ff4df2ff4df2ff4df2ff4df2ff4df2ff4df2ff4df2ff
#MAT 4df2ff4df2ff4df2ff4df2ff4df2ff4df2ff4df2ff4df2ff4df2ff4df2ff4df2ff4df2ff4df2ff4df2ff4df2ff4df2ff4df2ff4df2ff4df2ff4df2ff4df2ff4df2ff4df2ff4df2ff4df2ff4df2ff4df2ff4df2ff4df2ff4df2ff4df2ff4df2ff4df2ff4df2ff4df2ff4df2ff4df2ff4df2ff4df2ff4df2ff4df2ff4df2ff4df2ff4df2ff4df2ff4df2ff
#MAT 4df2ff4df2ff4df2ff4df2ff4cf2ff4cf2ff4cf2ff4cf2ff4df2ff4df2ff4df2ff4cf2ff4df2ff4cf2ff4cf2ff4cf2ff4df2ff4df2ff4df2ff4df2ff4df2ff4df2ff4df2ff4df2ff4df2ff4df2ff4df2ff4df2ff4df2ff4df2ff4df2ff4df2ff4df2ff4df2ff4df2ff4df2ff4df2ff4df2ff4df2ff4df2ff4df2ff4df2ff4cf2ff4df2ff4cf2ff4cf2ff
#MAT 4cf2ff4df2ff4df2ff4df2ff4df2ff4df2ff4df2ff4df2ff4df2ff4df2ff4df2ff4df2ff4df2ff4df2ff4df2ff4df2ff4df2ff4df2ff4df2ff4df2ff4df2ff4df2ff4df2ff4df2ff4df2ff4df2ff4df2ff4df2ff4cf2ff4df2ff4df2ff4cf2ff4cf2ff4cf2ff4cf2ff4df2ff4df2ff4df2ff4df2ff4df2ff4df2ff4df2ff4df2ff4df2ff4df2ff4df2ff
#MAT 4df2ff4df2ff4df2ff4df2ff4df2ff4df2ff4df2ff4df2ff4df2ff4df2ff4df2ff4df2ff4df2ff4df2ff4df2ff4df2ff4df2ff4df2ff4df2ff4df2ff4cf2ff4cf2ff4cf2ff4df2ff4df2ff4df2ff4df2ff4df2ff4cf2ff4df2ff4df2ff4cf2ff4df2ff4df2ff4df2ff4df2ff4df2ff4df2ff4df2ff4df2ff4df2ff4df2ff4df2ff4df2ff4df2ff4df2ff
#MAT 4df2ff4df2ff4df2ff4df2ff4df2ff4df2ff4df2ff4df2ff4df2ff4df2ff4df2ff4df2ff4df2ff4df2ff4df2ff4df2ff4df2ff4df2ff4df2ff4df2ff4df2ff4df2ff4df2ff4df2ff4df2ff4df2ff4df2ff4df2ff4df2ff4df2ff4df2ff4df2ff4df2ff4df2ff4df2ff4df2ff4df2ff4df2ff4df2ff4df2ff4df2ff4df2ff4df2ff4df2ff4df2ff4df2ff
#MAT 4df2ff4df2ff4df2ff4df2ff4df2ff4df2ff4df2ff4df2ff4df2ff4df2ff4df2ff4df2ff4df2ff4df2ff4df2ff4df2ff4df2ff4df2ff4df2ff4df2ff4df2ff4df2ff4df2ff4df2ff4df2ff4df2ff4df2ff4df2ff4df2ff4df2ff4df2ff4df2ff4df2ff4df2ff4df2ff4df2ff4df2ff4df2ff4df2ff4df2ff4df2ff4df2ff4df2ff4df2ff4df2ff4df2ff
#MAT 4df2ff4df2ff4df2ff4df2ff4df2ff4df2ff4df2ff4df2ff4df2ff4df2ff4df2ff4df2ff4df2ff4df2ff4df2ff4df2ff4df2ff4df2ff4df2ff4df2ff4df2ff4df2ff4df2ff4df2ff4df2ff4df2ff4df2ff4df2ff4df2ff4df2ff4cf2ff4df2ff4df2ff4df2ff4cf2ff4cf2ff4cf2ff4cf2ff4cf2ff4df2ff4cf2ff4df2ff4df2ff4df2ff4cf2ff4cf2ff
#MAT 4cf2ff4cf2ff4cf2ff4cf2ff4df2ff4cf2ff4cf2ff4cf2ff4cf2ff4cf2ff4cf2ff4cf2ff4cf2ff4cf2ff4df2ff4cf2ff4cf2ff4cf2ff4cf2ff4cf2ff4cf2ff4cf2ff4cf2ff4cf2ff4cf2ff4df2ff4df2ff4df2ff4cf2ff4cf2ff4cf2ff4df2ff4cf2ff4df2ff4df2ff4df2ff4df2ff4df2ff4df2ff4df2ff4df2ff4df2ff4df2ff4df2ff4df2ff4df2ff
#MAT 4df2ff4df2ff4df2ff4df2ff4df2ff4df2ff4df2ff4df2ff4df2ff4df2ff4df2ff4df2ff4df2ff4df2ff4df2ff4df2ff4df2ff4df2ff4df2ff4df2ff4df2ff4df2ff4df2ff4df2ff4df2ff4df2ff4df2ff4df2ff4df2ff4cf2ff4df2ff4df2ff4cf2ff4cf2ff4cf2ff4cf2ff4cf2ff4cf2ff4df2ff4cf2ff4cf2ff4df2ff4df2ff4cf2ff4df2ff4cf2ff
#MAT 4cf2ff4cf2ff4df2ff4df2ff4df2ff4df2ff4df2ff4df2ff4df2ff4df2ff4df2ff4df2ff4df2ff4df2ff4df2ff4df2ff4df2ff4df2ff4df2ff4df2ff4df2ff4df2ff4df2ff4df2ff4cf2ff4cf2ff4cf2ff4cf2ff4df2ff4df2ff4df2ff4cf2ff4df2ff4cf2ff4cf2ff4cf2ff4cf2ff4cf2ff4df2ff4df2ff4cf2ff4cf2ff4cf2ff4cf2ff4cf2ff4cf2ff
#MAT 4cf2ff4cf2ff4cf2ff4cf2ff4cf2ff4cf2ff4cf2ff4cf2ff4cf2ff4cf2ff4cf2ff4cf2ff4cf2ff4cf2ff4cf2ff4cf2ff4cf2ff4cf2ff4cf2ff4cf2ff4cf2ff4cf2ff4cf2ff4cf2ff4cf2ff4cf2ff4cf2ff4cf2ff4cf2ff4cf2ff4cf2ff4cf2ff4cf2ff4cf2ff4cf2ff4cf2ff4cf2ff4cf2ff4df2ff4df2ff4df2ff4df2ff4df2ff4df2ff4df2ff4df2ff
#MAT 4df2ff4df2ff4df2ff4df2ff4df2ff4df2ff4df2ff4df2ff4df2ff4df2ff4df2ff4df2ff4df2ff4df2ff4df2ff4df2ff4df2ff4df2ff4df2ff4df2ff4df2ff4df2ff4df2ff4df2ff4df2ff4df2ff4df2ff4df2ff4df2ff4df2ff4df2ff4df2ff4df2ff4df2ff4df2ff4df2ff4df2ff4df2ff4df2ff4df2ff4df2ff4df2ff4df2ff4df2ff4df2ff4df2ff
#MAT 4df2ff4df2ff4df2ff4df2ff4df2ff4df2ff4df2ff4df2ff4df2ff4df2ff4df2ff4df2ff4df2ff4df2ff4df2ff4df2ff4df2ff4df2ff4df2ff4df2ff4df2ff4df2ff4df2ff4df2ff4df2ff4df2ff4df2ff4df2ff4df2ff4df2ff4df2ff4df2ff4df2ff4df2ff4df2ff4df2ff4df2ff4df2ff4df2ff4df2ff4df2ff4df2ff4df2ff4df2ff4df2ff4df2ff
#MAT 4df2ff4df2ff4df2ff4df2ff4df2ff4df2ff4df2ff4df2ff4df2ff4df2ff4df2ff4df2ff4df2ff4df2ff4df2ff4df2ff4df2ff4df2ff4df2ff4df2ff4df2ff4df2ff4df2ff4df2ff4df2ff4df2ff4df2ff4df2ff4df2ff4df2ff4df2ff4df2ff4df2ff4df2ff4df2ff4df2ff4df2ff4df2ff4df2ff4df2ff4df2ff4df2ff4df2ff4df2ff4df2ff4df2ff
#MAT 4df2ff4df2ff4df2ff4df2ff4df2ff4df2ff4df2ff4df2ff4df2ff4df2ff4df2ff4df2ff4df2ff4df2ff4df2ff4df2ff4df2ff4df2ff4df2ff4df2ff4df2ff4df2ff4df2ff4df2ff4df2ff4df2ff4df2ff4df2ff4df2ff4df2ff4df2ff4df2ff4df2ff4df2ff4df2ff4df2ff4df2ff4df2ff4df2ff4df2ff4df2ff4df2ff4df2ff4df2ff4df2ff4df2ff
#MAT 4df2ff4df2ff4df2ff4df2ff4df2ff4df2ff4df2ff4df2ff4df2ff4df2ff4df2ff4df2ff4df2ff4df2ff4df2ff4df2ff4df2ff4df2ff4df2ff4df2ff4cf2ff4df2ff4df2ff4cf2ff4cf2ff4cf2ff4cf2ff4cf2ff4df2ff4cf2ff4df2ff4df2ff4df2ff4df2ff4df2ff4df2ff4df2ff4df2ff4cf2ff4df2ff4df2ff4df2ff4df2ff4df2ff4df2ff4df2ff
#MAT 4df2ff4df2ff4df2ff4df2ff4df2ff4df2ff4df2ff4df2ff4df2ff4df2ff4df2ff4df2ff4cf2ff4cf2ff4df2ff4df2ff4cf2ff4df2ff4df2ff4df2ff4df2ff4df2ff4cf2ff4cf2ff4cf2ff4cf2ff4cf2ff4cf2ff4cf2ff4cf2ff4cf2ff4cf2ff4cf2ff4cf2ff4cf2ff4cf2ff4cf2ff4cf2ff4df2ff4df2ff4cf2ff4df2ff4df2ff4df2ff4df2ff4df2ff
#MAT 4cf2ff4cf2ff4df2ff4df2ff4df2ff4df2ff4df2ff4df2ff4df2ff4df2ff4df2ff4df2ff4df2ff4df2ff4df2ff4df2ff4cf2ff4df2ff4df2ff4df2ff4df2ff4df2ff4df2ff4df2ff4df2ff4df2ff4df2ff4df2ff4df2ff4df2ff4df2ff4df2ff4df2ff4df2ff4df2ff4df2ff4df2ff4df2ff4df2ff4df2ff4df2ff4df2ff4df2ff4df2ff4df2ff4df2ff
#MAT 4df2ff4df2ff4df2ff4df2ff4df2ff4df2ff4df2ff4df2ff4df2ff4df2ff4df2ff4df2ff4df2ff4df2ff4df2ff4df2ff4df2ff4df2ff4df2ff4df2ff4df2ff4df2ff4df2ff4df2ff4df2ff4df2ff4df2ff4df2ff4df2ff4df2ff4df2ff4df2ff4df2ff4df2ff4df2ff4df2ff4df2ff4df2ff4df2ff4df2ff4df2ff4df2ff4df2ff4df2ff4df2ff4df2ff
#MAT 4df2ff4df2ff4df2ff4df2ff4df2ff4df2ff4df2ff4df2ff4df2ff4df2ff4df2ff4df2ff4df2ff4df2ff4df2ff4df2ff4df2ff4df2ff4df2ff4df2ff4df2ff4df2ff4df2ff4df2ff4df2ff4df2ff4df2ff4df2ff4df2ff4df2ff4df2ff4df2ff4df2ff4df2ff4df2ff4df2ff4df2ff4df2ff4df2ff4df2ff4df2ff4df2ff4df2ff4df2ff4df2ff4df2ff
#MAT 4df2ff4df2ff4df2ff4df2ff4df2ff4df2ff4df2ff4df2ff4df2ff4df2ff4df2ff4df2ff4df2ff4df2ff4df2ff4df2ff4df2ff4df2ff4df2ff4df2ff4df2ff4df2ff4df2ff4df2ff4df2ff4df2ff4df2ff4df2ff4df2ff4df2ff4df2ff4df2ff4df2ff4df2ff4df2ff4df2ff4df2ff4df2ff4df2ff4df2ff4df2ff4df2ff4df2ff4df2ff4df2ff4df2ff
#MAT 4df2ff4df2ff4df2ff4df2ff4df2ff4df2ff4df2ff4df2ff4df2ff4df2ff4df2ff4df2ff4df2ff4df2ff4df2ff4df2ff4df2ff4df2ff4df2ff4df2ff4df2ff4df2ff4df2ff4df2ff4df2ff4df2ff4df2ff4df2ff4df2ff4df2ff4df2ff4df2ff4df2ff4df2ff4df2ff4df2ff4df2ff4df2ff4df2ff4df2ff4df2ff4df2ff4df2ff4df2ff4df2ff4df2ff
#MAT 4df2ff4df2ff4df2ff4df2ff4df2ff4df2ff4df2ff4df2ff4df2ff4df2ff4df2ff4df2ff4df2ff4df2ff4df2ff4df2ff4df2ff4df2ff4df2ff4df2ff4cf2554df2ff4df2ff4df2ff4df2ff4df2ff4df2ff4df2ff4cf29e4df2ff4df2ff4df2ff4df2ff4df2ff4df2ff4df2ff4df2ff4df2ff4df2ff4df2ff4df2ff4df2ff4df2ff4df2ff4df2ff4df2ff
#MAT 4df2ff4df2ff4df2ff4df2ff4df2ff4df2ff4df2ff4df2ff4df2ff4df2ff4df2ff4df2ff4df2ff4df2ff4cf2344df2ff4df2bc4df2ff4df2ff4df2ff4df2ff4df2ff4df2ff4df2ff4df2ff4df2ff4df2ff4df2ff4df2ff4df2ff4df2ff4df2ff4df2ff4df2ff4df2ff4df2ff4df2ff4df2ff4df2ff4df2ff4df2ff4df2ff4df2ff4df2ff4df2ff4df2ff
#MAT 4df2ff4df2ff4df2ff4df2ff4df2ff4df2ff4df2ff4df2ff4df2ff4df2ff4df2ff4df2ff4df2ff4df2ff4df2ff4df2ff4df2ff4df2ff4df2ff4df2ff4df2ff4df2ff4df2ff4df2ff4df2ff4df2ff4df2ff4df2ff4df2ff4df2ff4df2ff4df2ff4df2ff4df2ff4df2ff4df2ff4df2ff4df2ff4df2ff4df2ff4df2ff4df2ff4df2ff4df2ff4df2ff4df2ff
#MAT 4df2ff4df2ff4df2ff4df2ff4df2ff4df2ff4df2ff4df2ff4df2ff4df2ff4df2ff4df2ff4df2ff4df2ff4df2ff4df2ff4df2ff4df2ff4df2ff4df2ff4df2ff4df2ff4df2ff4df2ff4df2ff4df2ff4df2ff4df2ff4df2ff4df2ff4df2ff4df2ff4df2ff4df2ff4df2ff4df2ff4df2ff4df2ff4df2ff4df2ff4df2ff4df2ff4df2ff4df2ff4df2ff4df2ff
#MAT 4df2ff4df2ff4df2ff4df2ff4df2ff4df2ff4df2ff4df2ff4df2ff4df2ff4df2ff4df2ff4df2ff4df2ff4df2ff4df2ff4df2ff4df2ff4df2ff4df2ff4df2ff4df2ff4df2ff4df2ff4df2ff4df2ff4df2ff4df2ff4df2ff4df2ff4df2ff4df2ff4df2ff4df2ff4df2ff4df2ff4df2ff4df2ff4df2ff4df2ff4df2ff4df2ff4df2ff4df2ff4df2ff4df2ff
#MAT 4df2ff4df2ff4df2ff4df2ff4df2ff4df2ff4df2ff4df2ff4df2ff4df2ff4df2ff4df2ff4df2ff4df2ff4df2ff4df2ff4df2ff4df2ff4df2ff4df2ff4df2ff4df2ff4df2ff4df2ff4df2ff4df2ff4df2ff4df2ff4df2ff4df2ff4df2ff4df2ff4df2ff4df2ff4df2ff4df2ff4df2ff4df2ff4df2ff4df2ff4df2ff4df2ff4df2ff4df2ff4df2ff4df2ff
#MAT 4df2ff4df2ff4df2ff4df2ff4df2ff4df2ff4df2ff4df2ff4df2ff4df2ff4df2ff4df2ff4df2ff4df2ff4df2ff4df2ff4df2ff4df2ff4df2ff4df2ff4df2ff4df2ff4df2ff4df2ff4df2ff4df2ff4df2ff4df2ff4df2ff4df2ff4df2ff4df2ff4df2ff4df2ff4df2ff4df2ff4df2ff4df2ff4df2ff4df2ff4df2ff4df2ff4df2ff4df2ff4df2ff4df2ff
#MAT 4df2ff4df2ff4df2ff4df2ff4df2ff4df2ff4df2ff4df2ff4df2ff4df2ff4df2ff4df2ff4df2ff4df2ff4df2ff4df2ff4df2ff4df2ff4df2ff4df2ff4df2ff4df2ff4df2ff4df2ff4df2ff4df2ff4df2ff4df2ff4df2ff4df2ff4df2ff4df2ff4df2ff4df2ff4df2ff4df2ff4df2ff4df2ff4df2ff4df2ff4df2ff4df2ff4df2ff4df2ff4df2ff4df2ff
#MAT 4df2ff4df2ff4df2ff4df2ff4df2ff4df2ff4df2ff4df2ff4df2ff4df2ff4df2ff4df2ff4df2ff4df2ff4df2ff4df2ff4df2ff4df2ff4df2ff4df2ff4df2ff4df2ff4df2ff4df2ff4df2ff4df2ff4df2ff4df2ff4df2ff4df2ff4df2ff4df2ff4df2ff4df2ff4df2ff4df2ff4df2ff4df2ff4df2ff4df2ff4df2ff4df2ff4df2ff4df2ff4df2ff4df2ff
#MAT 4df2ff4df2ff4df2ff4df2ff4df2ff4df2ff4df2ff4df2ff4df2ff4df2ff4df2ff4df2ff4df2ff4df2ff4df2ff4df2ff4df2ff4df2ff4df2ff4df2ff4df2ff4df2ff4df2ff4df2ff4df2ff4df2ff4df2ff4df2ff4df2ff4df2ff4df2ff4df2ff4df2ff4df2ff4df2ff4df2ff4df2ff4df2ff4df2ff4df2ff4df2ff4df2ff4df2ff4df2ff4df2ff4df2ff
#MAT 4df2ff4df2ff4df2ff4df2ff4df2ff4df2ff4df2ff4df2ff4df2ff4df2ff4df2ff4df2ff4df2ff4df2ff4df2ff4df2ff4df2ff4df2ff4df2ff4df2ff4df2ff4df2ff4df2ff4df2ff4df2ff4df2ff4df2ff4df2ff4df2ff4df2ff4df2ff4df2ff4df2ff4df2ff4df2ff4df2ff4df2ff4df2ff4df2ff4df2ff4df2ff4df2ff4df2ff4df2ff4df2ff4df2ff
#MAT 4df2ff4df2ff4df2ff4df2ff4df2ff4df2ff4df2ff4df2ff4df2ff4df2ff4df2ff4df2ff4df2ff4df2ff4df2ff4df2ff4df2ff4df2ff4df2ff4df2ff4df2ff4df2ff4df2ff4df2ff4df2ff4df2ff4df2ff4df2ff4df2ff4df2ff4df2ff4df2ff4df2ff4df2ff4df2ff4df2ff4df2ff4df2ff4df2ff4df2ff4df2ff4df2ff4df2ff4df2ff4df2ff4df2ff
#MAT 4df2ff4df2ff4df2ff4df2ff4df2ff4df2ff4df2ff4df2ff4df2ff4df2ff4df2ff4df2ff4df2ff4df2ff4df2ff4df2ff4df2ff4df2ff4df2ff4df2ff4df2ff4df2ff4df2ff4df2ff4df2ff4df2ff4df2ff4df2ff4df2ff4df2ff4df2ff4df2ff4df2ff4df2ff4df2ff4df2ff4df2ff4df2ff4df2ff4df2ff4df2ff4df2ff4df2ff4df2ff4df2ff4df2ff
#MAT 4df2ff4df2ff4df2ff4df2ff4df2ff4df2ff4df2ff4df2ff4df2ff4df2ff4df2ff4df2ff4df2ff4df2ff4df2ff4df2ff4df2ff4df2ff4df2ff4df2ff4df2ff4df2ff4df2ff4df2ff4df2ff4df2ff4df2ff4df2ff4df2ff4df2ff4df2ff4df2ff4df2ff4df2ff4df2ff4df2ff4df2ff4df2ff4df2ff4df2ff4df2ff4df2ff4df2ff4df2ff4df2ff4df2ff
#MAT 4df2ff4df2ff4df2ff4df2ff4df2ff4df2ff4df2ff4df2ff4df2ff4df2ff4df2ff4df2ff4df2ff4df2ff4df2ff4df2ff4df2ff4df2ff4df2ff4df2ff4df2ff4df2ff4df2ff4df2ff4df2ff4df2ff4df2ff4df2ff4df2ff4df2ff4df2ff4df2ff4df2ff4df2ff4df2ff4df2ff4df2ff4df2ff4df2ff4df2ff4df2ff4df2ff4df2ff4df2ff4df2ff4df2ff
#MAT 4df2ff4df2ff4df2ff4df2ff4df2ff4df2ff4df2ff4df2ff4df2ff4df2ff4df2ff4df2ff4df2ff4df2ff4df2ff4df2ff4df2ff4df2ff4df2ff4df2ff4df2ff4df2ff4df2ff4df2ff4df2ff4df2ff4df2ff4df2ff4df2ff4df2ff4df2ff4df2ff4df2ff4df2ff4df2ff4df2ff4df2ff4df2ff4df2ff4df2ff4df2ff4df2ff4df2ff4df2ff4df2ff4df2ff
#MAT 4df2ff4df2ff4df2ff4df2ff4df2ff4df2ff4df2ff4df2ff4df2ff4df2ff4df2ff4df2ff4df2ff4df2ff4df2ff4df2ff4df2ff4df2ff4df2ff4df2ff4df2ff4df2ff4df2ff4df2ff4df2ff4df2ff4df2ff4df2ff4df2ff4df2ff4df2ff4df2ff4df2ff4df2ff4df2ff4df2ff4df2ff4df2ff4df2ff4df2ff4df2ff4df2ff4df2ff4df2ff4df2ff4df2ff
#MAT 4df2ff4df2ff4df2ff4df2ff4df2ff4df2ff4df2ff4df2ff4df2ff4df2ff4df2ff4df2ff4df2ff4df2ff4df2ff4df2ff4df2ff4df2ff4df2ff4df2ff4df2ff4df2ff4df2ff4df2ff4df2ff4df2ff4df2ff4df2ff4df2ff4df2ff4df2ff4df2ff4df2ff4df2ff4df2ff4df2ff4df2ff4df2ff4df2ff4df2ff4df2ff4df2ff4df2ff4df2ff4df2ff4df2ff
#MAT 4df2ff4df2ff4df2ff4df2ff4df2ff4df2ff4df2ff4df2ff4df2ff4df2ff4df2ff4df2ff4df2ff4df2ff4df2ff4df2ff4df2ff4df2ff4df2ff4df2ff4df2ff4df2ff4df2ff4df2ff4df2ff4df2ff4df2ff4df2ff4df2ff4df2ff4df2ff4df2ff4df2ff4df2ff4df2ff4df2ff4df2ff4df2ff4df2ff4df2ff4df2ff4df2ff4df2ff4df2ff4df2ff4df2ff
#MAT 4df2ff4df2ff4df2ff4df2ff4df2ff4df2ff4df2ff4df2ff4df2ff4df2ff4df2ff4df2ff4df2ff4df2ff4df2ff4df2ff4df2ff4df2ff4df2ff4df2ff4df2ff4df2ff4df2ff4df2ff4df2ff4df2ff4df2ff4df2ff4df2ff4df2ff4df2ff4df2ff4df2ff4df2ff4df2ff4df2ff4df2ff4df2ff4df2ff4df2ff4df2ff4df2ff4df2ff4df2ff4df2ff4df2ff
#MAT 4df2ff4df2ff4df2ff4df2ff4df2ff4df2ff4df2ff4df2ff4df2ff4df2ff4df2ff4df2ff4df2ff4df2ff4df2ff4df2ff4df2ff4df2ff4df2ff4df2ff4df2ff4df2ff4df2ff4df2ff4df2ff4df2ff4df2ff4df2ff4df2ff4df2ff4df2ff4df2ff4df2ff4df2ff4df2ff4df2ff4df2ff4df2ff4df2ff4df2ff4df2ff4df2ff4df2ff4df2ff4df2ff4df2ff
#MAT 4df2ff4df2ff4df2ff4df2ff4df2ff4df2ff4df2ff4df2ff4df2ff4df2ff4df2ff4df2ff4df2ff4df2ff4df2ff4df2ff4df2ff4df2ff4df2ff4df2ff4df2ff4df2ff4df2ff4df2ff4df2ff4df2ff4df2ff4df2ff4df2ff4df2ff4df2ff4df2ff4df2ff4df2ff4df2ff4df2ff4df2ff4df2ff4df2ff4df2ff4df2ff4df2ff4df2ff4df2ff4df2ff4df2ff
#MAT 4df2ff4df2ff4df2ff4df2ff4df2ff4df2ff4df2ff4df2ff4df2ff4df2ff4df2ff4df2ff4df2ff4df2ff4df2ff4df2ff4df2ff4df2ff4df2ff4df2ff4df2ff4df2ff4df2ff4df2ff4df2ff4df2ff4df2ff4df2ff4df2ff4df2ff4df2ff4df2ff4df2ff4df2ff4df2ff4df2ff4df2ff4df2ff4df2ff4df2ff4df2ff4df2ff4df2ff4df2ff4df2ff4df2ff
#MAT 4df2ff4df2ff4df2ff4df2ff4df2ff4df2ff4df2ff4df2ff4df2ff4df2ff4df2ff4df2ff4df2ff4df2ff4df2ff4df2ff4df2ff4df2ff4df2ff4df2ff4df2ff4df2ff4df2ff4df2ff4df2ff4df2ff4df2ff4df2ff4df2ff4df2ff4df2ff4df2ff4df2ff4df2ff4df2ff4df2ff4df2ff4df2ff4df2ff4df2ff4df2ff4df2ff4df2ff4df2ff4df2ff4df2ff
#MAT 4df2ff4df2ff4df2ff4df2ff4df2ff4df2ff4df2ff4df2ff4df2ff4df2ff4df2ff4df2ff4df2ff4df2ff4df2ff4df2ff4df2ff4df2ff4df2ff4df2ff4df2ff4df2ff4df2ff4df2ff4df2ff4df2ff4df2ff4df2ff4df2ff4df2ff4df2ff4df2ff4df2ff4df2ff4df2ff4df2ff4df2ff4df2ff4df2ff4df2ff4df2ff4df2ff4df2ff4df2ff4df2ff4df2ff
#MAT 4df2ff4df2ff4df2ff4df2ff4df2ff4df2ff4df2ff4df2ff4df2ff4df2ff4df2ff4df2ff4df2ff4df2ff4df2ff4df2ff4df2ff4df2ff4df2ff4df2ff4df2ff4df2ff4df2ff4df2ff4df2ff4df2ff4df2ff4df2ff4df2ff4df2ff4df2ff4df2ff4df2ff4df2ff4df2ff4df2ff4df2ff4df2ff4df2ff4df2ff4df2ff4df2ff4df2ff4df2ff4df2ff4df2ff
#MAT 4df2ff4df2ff4df2ff4df2ff4df2ff4df2ff4df2ff4df2ff4df2ff4df2ff4df2ff4df2ff4df2ff4df2ff4df2ff4df2ff4df2ff4df2ff4df2ff4df2ff4df2ff4df2ff4df2ff4df2ff4df2ff4df2ff4df2ff4df2ff4df2ff4df2ff4df2ff4df2ff4df2ff4df2ff4df2ff4df2ff4df2ff4df2ff4df2ff4df2ff4df2ff4df2ff4df2ff4df2ff4df2ff4df2ff
#MAT 4df2ff4df2ff4df2ff4df2ff4df2ff4df2ff4df2ff4df2ff4df2ff4df2ff4df2ff4df2ff4df2ff4df2ff4df2ff4df2ff4df2ff4df2ff4df2ff4df2ff4df2ff4df2ff4df2ff4df2ff4df2ff4df2ff4df2ff4df2ff4df2ff4df2ff4df2ff4df2ff4df2ff4df2ff4df2ff4df2ff4df2ff4df2ff4df2ff4df2ff4df2ff4df2ff4df2ff4df2ff4df2ff4df2ff
#MAT 4df2ff4df2ff4cf2ff4df2ff4df2ff4cf2ff4df2ff4cf2ff4cf2ff4df2ff4df2ff4df2ff4df2ff4df2ff4df2ff4df2ff4df2ff4df2ff4df2ff4df2ff4df2ff4df2ff4df2ff4df2ff4df2ff4df2ff4df2ff4df2ff4df2ff4df2ff4df2ff4df2ff4df2ff4df2ff4df2ff4df2ff4df2ff4df2ff4df2ff4df2ff4df2ff4df2ff4df2ff4df2ff4df2ff4df2ff
#MAT 4df2ff4df2ff4df2ff4df2ff4df2ff4df2ff4df2ff4df2ff4df2ff4df2ff4df2ff4df2ff4df2ff4df2ff4df2ff4df2ff4df2ff4df2ff4df2ff4df2ff4df2ff4df2ff4df2ff4df2ff4df2ff4df2ff4df2ff4df2ff4df2ff4df2ff4df2ff4df2ff4df2ff4df2ff4df2ff4df2ff4df2ff4df2ff4df2ff4df2ff4df2ff4df2ff4df2ff4df2ff4df2ff4df2ff
#MAT 4df2ff4df2ff4df2ff4df2ff4df2ff4df2ff4df2ff4df2ff4df2ff4df2ff4df2ff4df2ff4df2ff4df2ff4df2ff4df2ff4df2ff4df2ff4df2ff4df2ff4df2ff4df2ff4df2ff4df2ff4df2ff4df2ff4df2ff4df2ff4df2ff4df2ff4df2ff4df2ff4df2ff4df2ff4df2ff4df2ff4df2ff4df2ff4df2ff4df2ff4df2ff4df2ff4df2ff4df2ff4df2ff4df2ff
#MAT 4df2ff4df2ff4df2ff4df2ff4df2ff4df2ff4df2ff4df2ff4df2ff4df2ff4df2ff4df2ff4df2ff4df2ff4df2ff4df2ff4df2ff4df2ff4df2ff4df2ff4df2ff4df2ff4df2ff4df2ff4df2ff4df2ff4df2ff4df2ff4df2ff4df2ff4df2ff4df2ff4df2ff4df2ff4df2ff4df2ff4df2ff4df2ff4df2ff4df2ff4df2ff4df2ff4df2ff4df2ff4df2ff4df2ff
#MAT 4df2ff4df2ff4df2ff4df2ff4df2ff4df2ff4df2ff4df2ff4df2ff4df2ff4df2ff4df2ff4df2ff4df2ff4df2ff4df2ff4df2ff4df2ff4df2ff4df2ff4df2ff4df2ff4df2ff4df2ff4df2ff4df2ff4df2ff4df2ff4df2ff4df2ff4df2ff4df2ff4df2ff4df2ff4df2ff4df2ff4df2ff4df2ff4df2ff4df2ff4df2ff4df2ff4df2ff4df2ff4df2ff4df2ff
#MAT 4df2ff4df2ff4df2ff4df2ff4df2ff4df2ff4df2ff4df2ff4df2ff4df2ff4df2ff4df2ff4df2ff4df2ff4df2ff4df2ff4cf2ff4df2ff4df2ff4df2ff4df2ff4df2ff4df2ff4df2ff4df2ff4df2ff4df2ff4df2ff4df2ff4df2ff4df2ff4df2ff4df2ff4df2ff4df2ff4df2ff4df2ff4df2ff4df2ff4df2ff4df2ff4df2ff4df2ff4df2ff4df2ff4df2ff
#MAT 4df2ff4df2ff4df2ff4df2ff4df2ff4df2ff4df2ff4df2ff4df2ff4df2ff4df2ff4cf2ff4df2ff4df2ff4df2ff4df2ff4df2ff4df2ff4df2ff4cf2ff4df2ff4df2ff4cf2ff4cf2ff4df2ff4df2ff4df2ff4df2ff4df2ff4cf2ff4df2ff4cf2ff4df2ff4df2ff4df2ff4df2ff4df2ff4df2ff4df2ff4cf2ff4df2ff4df2ff4df2ff4df2ff4df2ff4df2ff
#MAT 4df2ff4df2ff4df2ff4df2ff4df2ff4df2ff4df2ff4df2ff4df2ff4df2ff4df2ff4df2ff4df2ff4df2ff4df2ff4df2ff4df2ff4df2ff4df2ff4df2ff4df2ff4df2ff4df2ff4df2ff4df2ff4df2ff4df2ff4df2ff4df2ff4df2ff4df2ff4df2ff4df2ff4df2ff4df2ff4df2ff4df2ff4df2ff4df2ff4df2ff4df2ff4df2ff4df2ff4df2ff4df2ff4df2ff
#MAT 4df2ff4df2ff4df2ff4df2ff4df2ff4df2ff4df2ff4df2ff4df2ff4df2ff4df2ff4df2ff4df2ff4df2ff4df2ff4df2ff4df2ff4df2ff4df2ff4df2ff4df2ff4df2ff4df2ff4df2ff4df2ff4df2ff4df2ff4df2ff4df2ff4df2ff4df2ff4df2ff4df2ff4df2ff4df2ff4df2ff4df2ff4df2ff4df2ff4df2ff4df2ff4df2ff4df2ff4df2ff4df2ff4df2ff
#MAT 4df2ff4df2ff4df2ff4df2ff4df2ff4df2ff4df2ff4df2ff4df2ff4df2ff4df2ff4df2ff4df2ff4df2ff4df2ff4df2ff4df2ff4df2ff4df2ff4df2ff4df2ff4df2ff4df2ff4df2ff4cf2ff4df2ff4df2ff4df2ff4df2ff4cf2ff4df2ff4df2ff4df2ff4cf2ff4df2ff4df2ff4df2ff4df2ff4df2ff4df2ff4df2ff4df2ff4df2ff4df2ff4df2ff4df2ff
#MAT 4df2ff4df2ff4df2ff4df2ff4cf2ff4df2ff4df2ff4df2ff4df2ff4df2ff4df2ff4df2ff4df2ff4df2ff4df2ff4df2ff4df2ff4df2ff4df2ff4df2ff4df2ff4df2ff4df2ff4df2ff4df2ff4df2ff4df2ff4df2ff4df2ff4df2ff4df2ff4df2ff4df2ff4cf2ff4df2ff4df2ff4df2ff4df2ff4df2ff4df2ff4df2ff4df2ff4df2ff4df2ff4df2ff4df2ff
#MAT 4df2ff4df2ff4df2ff4df2ff4df2ff4df2ff4df2ff4df2ff4df2ff4df2ff4df2ff4df2ff4df2ff4df2ff4df2ff4df2ff4df2ff4df2ff4df2ff4df2ff4df2ff4df2ff4df2ff4df2ff4df2ff4df2ff4df2ff4df2ff4df2ff4df2ff4df2ff4df2ff4df2ff4df2ff4df2ff4df2ff4df2ff4df2ff4df2ff4df2ff4df2ff4df2ff4df2ff4df2ff4df2ff4df2ff
#MAT 4df2ff4df2ff4df2ff4df2ff4df2ff4df2ff4df2ff4df2ff4df2ff4df2ff4df2ff4df2ff4df2ff4df2ff4df2ff4df2ff4df2ff4df2ff4df2ff4df2ff4df2ff4df2ff4df2ff4df2ff4df2ff4df2ff4df2ff4df2ff4df2ff4df2ff4df2ff4df2ff4df2ff4df2ff4df2ff4df2ff4df2ff4df2ff4df2ff4df2ff4df2ff4df2ff4df2ff4df2ff4df2ff4df2ff
#MAT 4df2ff4df2ff4df2ff4df2ff4df2ff4df2ff4df2ff4df2ff4df2ff4df2ff4df2ff4df2ff4df2ff4df2ff4df2ff4df2ff4df2ff4df2ff4df2ff4df2ff4df2ff4df2ff4df2ff4df2ff4df2ff4df2ff4df2ff4df2ff4df2ff4df2ff4df2ff4df2ff4df2ff4df2ff4df2ff4df2ff4df2ff4df2ff4df2ff4df2ff4df2ff4df2ff4df2ff4df2ff4df2ff4df2ff
#MAT 4df2ff4df2ff4df2ff4df2ff4df2ff4df2ff4df2ff4df2ff4df2ff4df2ff4df2ff4df2ff4df2ff4df2ff4df2ff4df2ff4df2ff4df2ff4df2ff4df2ff4df2ff4df2ff4df2ff4df2ff4df2ff4df2ff4df2ff4df2ff4df2ff4df2ff4df2ff4df2ff4df2ff4df2ff4df2ff4df2ff4df2ff4df2ff4df2ff4df2ff4df2ff4df2ff4df2ff4df2ff4df2ff4df2ff
#MAT 4df2ff4df2ff4df2ff4df2ff4df2ff4df2ff4df2ff4df2ff4df2ff4df2ff4df2ff4df2ff4df2ff4df2ff4df2ff4df2ff4df2ff4df2ff4df2ff4df2ff4df2ff4df2ff4df2ff4df2ff4df2ff4df2ff4df2ff4df2ff4df2ff4df2ff4df2ff4df2ff4df2ff4df2ff4df2ff4df2ff4df2ff4df2ff4df2ff4df2ff4df2ff4df2ff4df2ff4df2ff4df2ff4df2ff
#MAT 4cf23b4cf2a14df2ff4df2f04cf2554df2ff4df2ff4df2ff4df2ff4df2ff4df2ff4df2ff4df2ff4df2ff4df2ff4df2ff4df2ff4df2ff4df2ff4df2ff4df2ff4df2ff4df2ff4df2ff4df2ff4df2ff4df2ff4df2ff4df2ff4df2ff4df2ff4df2ff4df2ff4df2ff4df2ff4df2ff4df2ff4df2ff4df2ff4df2ff4df2ff4df2ff4df2ff4df2ff4df2ff4df2ff
#MAT 4df2ff4df2ff4df2ff4df2ff4df2ff4df2ff4df2ff4df2ff4df2ff4df2ff4df2ff4df2ff4df2ff4df2ff4df2ff4df2ff4df2ff4df2ff4df2ff4df2ff4df2ff4df2ff4df2ff4df2ff4df2ff4df2ff4df2ff4df2ff4df2ff4df2ff4df2ff4df2ff4df2ff4df2ff4df2ff4df2ff4df2ff4df2ff4df2ff4df2ff4df2ff4df2ff4df2ff4df2ff4df2ff4df2ff
#MAT 4df2ff4df2ff4df2ff4df2ff4df2ff4df2ff4df2ff4df2ff4df2ff4df2ff4df2ff4df2ff4df2ff4df2ff4df2ff4df2ff4df2ff4df2ff4df2ff4df2ff4df2ff4df2ff4df2ff4df2ff4df2ff4df2ff4df2ff4df2ff4df2ff4df2ff4df2ff4df2ff4df2ff4df2ff4df2ff4df2ff4df2ff4df2ff4df2ff4df2ff4df2ff4df2ff4df2ff4df2ff4df2ff4df2ff
#MAT 4df2ff4df2ff4df2ff4df2ff4df2ff4df2ff4df2ff4df2ff4df2ff4df2ff4df2ff4df2ff4df2ff4df2ff4df2ff4df2ff4df2ff4df2ff4df2ff4df2ff4df2ff4df2ff4df2ff4df2ff4df2ff4df2ff4df2ff4df2ff4df2ff4df2ff4df2ff4df2ff4df2ff4df2ff4df2ff4df2ff4df2ff4df2ff4df2ff4df2ff4df2ff4df2ff4df2ff4df2ff4df2ff4df2ff
#MAT 4df2ff4df2ff4df2ff4df2ff4df2ff4df2ff4df2ff4df2ff4df2ff4df2ff4df2ff4df2ff4df2ff4df2ff4df2ff4df2ff4df2ff4df2ff4df2ff4df2ff4df2ff4df2ff4df2ff4df2ff4df2ff4df2ff4df2ff4df2ff4df2ff4df2ff4df2ff4df2ff4df2ff4df2ff4df2ff4df2ff4df2ff4df2ff4df2ff4df2ff4df2ff4df2ff4df2ff4df2ff4df2ff4df2ff
#MAT 4df2ff4df2ff4df2ff4df2ff4df2ff4df2ff4df2ff4df2ff4df2ff4df2ff4df2ff4df2ff4df2ff4df2ff4df2ff4df2ff4df2ff4df2ff4df2ff4df2ff4df2ff4df2ff4df2ff4df2ff4df2ff4df2ff4df2ff4cf2ff4cf2ff4df2ff4df2ff4df2ff4df2ff4df2ff4df2ff4df2ff4df2ff4df2ff4df2ff4df2ff4df2ff4df2ff4df2ff4df2ff4cf2ff4df2ff
#MAT 4df2ff4cf2ff4df2ff4df2ff4df2ff4df2ff4df2ff4df2ff4cf2ff4cf2ff4cf2ff4cf2ff4df2ff4cf2ff4cf2ff4cf2ff4cf2ff4cf2ff4cf2ff4cf2ff4cf2ff4cf2ff4cf2ff4cf2ff4cf2ff4cf2ff4cf2ff4cf2ff4df2ff4df2ff4cf2ff4df2ff4df2ff4df2ff4cf2ff4df2ff4cf2ff4cf2ff4df2ff4df2ff4df2ff4df2ff4df2ff4df2ff4df2ff4df2ff
#MAT 4df2ff4df2ff4df2ff4df2ff4df2ff4df2ff4df2ff4df2ff4df2ff4df2ff4df2ff4cf2ff4df2ff4df2ff4df2ff4df2ff4df2ff4df2ff4df2ff4df2ff4cf2ff4cf2ff4cf2ff4cf2ff4df2ff4df2ff4df2ff4df2ff4df2ff4df2ff4df2ff4df2ff4df2ff4df2ff4df2ff4df2ff4df2ff4df2ff4df2ff4df2ff4df2ff4df2ff4df2ff4df2ff4df2ff4df2ff
#MAT 4df2ff4df2ff4df2ff4df2ff4df2ff4df2ff4df2ff4df2ff4df2ff4df2ff4df2ff4df2ff4df2ff4df2ff4df2ff4df2ff4df2ff4df2ff4df2ff4df2ff4df2ff4df2ff4df2ff4df2ff4df2ff4df2ff4df2ff4df2ff4df2ff4df2ff4df2ff4df2ff4df2ff4df2ff4df2ff4df2ff4df2ff4df2ff4df2ff4df2ff4df2ff4df2ff4df2ff4df2ff4df2ff4df2ff
#MAT 4df2ff4df2ff4df2ff4df2ff4df2ff4df2ff4df2ff4df2ff4df2ff4df2ff4df2ff4df2ff4df2ff4df2ff4df2ff4df2ff4df2ff4df2ff4df2ff4df2ff4df2ff4df2ff4df2ff4df2ff4df2ff4df2ff4df2ff4df2ff4df2ff4df2ff4df2ff4df2ff4df2ff4df2ff4df2ff4df2ff4df2ff4df2ff4df2ff4df2ff4df2ff4df2ff4df2ff4df2ff4df2ff4df2ff
#MAT 4df2ff4df2ff4df2ff4df2ff4df2ff4df2ff4df2ff4df2ff4df2ff4df2ff4df2ff4df2ff4df2ff4df2ff4df2ff4df2ff4df2ff4df2ff4df2ff4df2ff4df2ff4df2ff4df2ff4df2ff4df2ff4df2ff4df2ff4df2ff4df2ff4df2ff4df2ff4df2ff4df2ff4df2ff4df2ff4df2ff4df2ff4df2ff4df2ff4df2ff4df2ff4df2ff4df2ff4df2ff4df2ff4df2ff
#MAT 4df2ff4df2ff4df2ff4df2ff4df2ff4df2ff4df2ff4df2ff4df2ff4df2ff4df2ff4df2ff4df2ff4df2ff4df2ff4df2ff4df2ff4df2ff4df2ff4df2ff4df2ff4df2ff4df2ff4df2ff4df2ff4df2ff4df2ff4df2ff4df2ff4df2ff4df2ff4df2ff4df2ff4df2ff4df2ff4df2ff4df2ff4df2ff4df2ff4df2ff4df2ff4df2ff4df2ff4df2ff4df2ff4df2ff
#MAT 4df2ff4df2ff4df2ff4df2ff4df2ff4df2ff4df2ff4df2ff4df2ff4df2ff4df2ff4df2ff4df2ff4df2ff4df2ff4df2ff4df2ff4df2ff4df2ff4df2ff4df2ff4df2ff4df2ff4df2ff4df2ff4df2ff4df2ff4df2ff4df2ff4df2ff4df2ff4df2ff4df2ff4df2ff4df2ff4df2ff4df2ff4df2ff4df2ff4df2ff4df2ff4df2ff4df2ff4df2ff4df2ff4df2ff
#MAT 4df2ff4df2ff4df2ff4df2ff4df2ff4df2ff4df2ff4df2ff4df2ff4df2ff4df2ff4df2ff4df2ff4df2ff4df2ff4df2ff4df2ff4df2ff4df2ff4df2ff4df2ff4df2ff4df2ff4df2ff4df2ff4df2ff4df2ff4df2ff4df2ff4df2ff4df2ff4df2ff4df2ff4df2ff4df2ff4df2ff4df2ff4df2ff4df2ff4df2ff4df2ff4df2ff4df2ff4df2ff4df2ff4df2ff
#MAT 4df2ff4df2ff4df2ff4df2ff4df2ff4df2ff4df2ff4df2ff4df2ff4df2ff4df2ff4df2ff4df2ff4df2ff4df2ff4df2ff4df2ff4df2ff4df2ff4df2ff4df2ff4df2ff4df2ff4df2ff4df2ff4df2ff4df2ff4df2ff4df2ff4df2ff4df2ff4df2ff4df2ff4df2ff4df2ff4df2ff4df2ff4df2ff4df2ff4df2ff4df2ff4df2ff4df2ff4df2ff4df2ff4df2ff
#MAT 4df2ff4df2ff4df2ff4df2ff4df2ff4df2ff4df2ff4df2ff4df2ff4df2ff4df2ff4df2ff4df2ff4df2ff4df2ff4df2ff4df2ff4df2ff4df2ff4df2ff4df2ff4df2ff4df2ff4df2ff4df2ff4df2ff4df2ff4df2ff4df2ff4df2ff4df2ff4df2ff4df2ff4df2ff4df2ff4df2ff4df2ff4df2ff4df2ff4df2ff4df2ff4df2ff4df2ff4df2ff4df2ff4df2ff
#MAT 4df2ff4df2ff4df2ff4df2ff4df2ff4cf2424df2ff4df2b74df2ff4df2ff4df2ff4df2ff4df2ff4df2ff4df2ff4df2ff4df2ff4df2ff4df2ff4df2ff4df2ff4df2ff4df2ff4df2ff4df2ff4df2ff4df2ff4df2ff4df2ff4df2ff4df2ff4df2ff4df2ff4df2ff4df2ff4df2ff4df2ff4df2ff4df2ff4df2ff4df2ff4df2ff4df2ff4df2ff4df2ff4df2ff
#MAT 4df2ff4df2ff4df2ff4df2ff4df2ff4df2ff4df2ff4df2ff4df2ff4df2ff4df2ff4df2ff4df2ff4df2ff4df2ff4df2ff4df2ff4df2ff4df2ff4df2ff4df2ff4df2ff4df2ff4df2ff4df2ff4df2ff4df2ff4df2ff4df2fc4df2ff4df2ff4df2ff4df2ff4df2ff4df2ca4df2e34df2ff4cf27d4df2f64cf27f4df2ff4df2ff4df2ff4df2ff4df2ff4df2ff
#MAT 4df2ff4cf2894df2e94cf27d4df2ff4df2ff4df2ff4df2ff4df2ff4df2ff4df2ff4df2ff4df2ff4df2ff4df2ff4df2ff4df2ff4df2ff4df2ff4df2ff4df2ff4df2ff4df2ff4df2ff4df2ff4df2ff4df2ff4cf29e4df2e64cf2924df2ff4df2ff4df2ff4df2ff4df2ff4cf29e4df2e94cf29f4df2ff4df2ff4df2ff4df2ff4df2ff4df2ff4df2ff4df2ff
#MAT 4df2ff4df2ff4df2ff4df2ff4df2ff4df2ff4df2ff4df2fb4df2fd4df2fc4df2ff4df2fa4df2ff4df2ff4df2ff4df2ff4df2ff4df2ff4df2ff4df2fe4df2ff4df2ff4df2ff4df2ff4df2ff4df2ff4df2ff4df2ff4df2ff4df2ff4df2ff4df2ff4df2ff4df2ff4df2ff4df2ff4df2ff4df2ff4df2ff4df2ff4df2ff4df2ff4df2ff4df2ff4df2ff4df2ff
#MAT 4df2ff4df2ff4df2ff4df2ff4df2ff4df2ff4df2ff4df2e84df2ff4df2ff4df2e34df2fb4df2ff4df2fd4df2ff4df2ff4df2ff4df2ff4df2ff4df2ff4df2e54df2fa4df2f94df2f24df2ff4df2ff4df2fd4df2ff4df2ff4df2ff4df2ff4df2ff4df2ff4df2ff4df2ff4df2ff4df2ff4df2ff4df2ff4df2ff4df2ff4df2ff4df2ff4cf2a04cf2a14df2ff
#MAT 4df2ff4df2ff4df2ff4df2ff4df2ff4df2ff4cf2914cf2984df2ff4df2ff4df2ff4df2ff4df2ff4df2ff4df2ff4df2ff4df2ff4df2ff4df2ff4df2ff4df2ff4df2ff4df2ff4df2ff4df2ff4df2ff4df2ff4df2ff4df2ff4df2ff4df2ff4cf2814cf2864df2ff4df2ff4df2ff4df2ff4df2ff4df2c74cf27f4df2ff4df2f14df2ff4df2d84df2ff4df2ff
#MAT 4df2ff4df2ff4df2ff4df2ff4df2ff4df2ff4df2ff4df2c94df2ff4df2ff4df2ff4df2ff4df2ff4df2ff4df2ff4df2ff4df2ff4df2ff4df2ff4df2ff4df2ff4df2ff4df2ff4df2ff4df2ff4df2ff4df2ff4df2ff4df2ff4df2ff4df2ff4df2ff4df2ff4df2ff4df2ff4df2ff4cf2414df2ff4df2ff4df2ff4df2ff4df2ff4df2ff4df2ff4df2ff4df2ff
#MAT 4df2ff4df2ff4df2ff4df2ff4df2ff4df2ff4df2ff4df2ff4df2ff4df2ff4df2ff4df2ff4df2ff4df2ff4df2ff4df2ff4df2ff4df2ff4df2ff4df2ff4df2ff4df2ff4df2ff4df2d04df2ff4df2ff4df2ff4df2ff4df2ff4df2ff4df2ff4df2ff4df2ff4df2ff4df2ff4df2ff4df2ff4df2ff4df2ff4df2ff4df2ff4df2ff4df2ff4df2ff4df2ff4df2ff
#MAT 4df2ff4df2ff4df2ff4df2ff4df2ff4df2ff4df2ff4df2ff4df2ff4df2ff4df2ff4df2ff4df2ff4df2ff4df2ff4df2ff4df2ff4df2ff4df2ff4df2ff4df2ff4df2ff4df2ff4df2ff4df2ff4df2ff4df2ff4df2ff4df2ff4df2ff4df2ff4df2ff4df2ff4df2ff4df2ff4df2ff4df2ff4df2ff4df2ff4df2ff4df2ff4df2ff4df2ff4df2ff4df2ff4df2ff
#MAT 4df2ff4df2ff4df2ff4df2ff4df2ff4df2ff4df2ff4df2ff4df2ff4df2ff4df2ff4df2ff4df2ff4df2ff4df2ff4df2ff4df2ff4df2ff4df2ff4df2ff4df2ff4df2ff4df2ff4df2ff4df2ff4df2ff4df2ff4df2ff4df2ff4df2ff4df2ff4df2ff4df2ff4df2ff4df2ff4df2ff4df2ff4df2ff4df2ff4df2ff4df2ff4df2ff4df2ff4df2ff4df2ff4df2ff
#MAT 4df2ff4df2ff4df2ff4df2ff4df2ff4df2ff4df2ff4df2ff4df2ff4df2ff4df2ff4df2ff4df2ff4df2ff4df2ff4df2ff4df2ff4df2ff4df2ff4df2ff4df2ff4df2ff4df2ff4df2ff4df2ff4df2ff4df2ff4df2ff4df2ff4df2ff4df2ff4df2ff4df2ff4df2ff4df2ff4df2ff4df2ff4df2ff4df2ff4df2ff4df2ff4df2ff4df2ff4df2ff4df2ff4df2ff
#MAT 4df2ff4df2ff4df2ff4df2ff4df2ff4df2ff4df2ff4df2ff4df2ff4df2ff4df2ff4df2ff4df2ff4df2ff4df2ff4df2ff4df2ff4df2ff4df2ff4df2ff4df2ff4df2ff4df2ff4df2ff4df2ff4df2ff4df2ff4df2ff
vt 0.5 0.25
vt 0.5 1
vt 0.5 0.75
vt 0.5 0.5
vt 0.25 0.25
vt 0.25 1
vt 0.25 0.75
vt 0.25 0.5
vt 0.75 0.625
vt 0.625 0.75
vt 0.5 0.625
vt 0.625 0.5
vt 0.625 0.625
vt 0.375 0.25
vt 0.25 0.125
vt 0.375 0
vt 0.375 0.125
vt 0.25 0.875
vt 0.375 0.75
vt 0.375 0.875
vt 0.375 0.5
vt 0.25 0.375
vt 0.375 0.375
vt 0.25 0.625
vt 0.375 0.625
vt 0.125 0.625
vt 0.75 0.5625
vt 0.6875 0.625
vt 0.625 0.5625
vt 0.6875 0.5
vt 0.6875 0.5625
vt 0.75 0.6875
vt 0.6875 0.75
vt 0.625 0.6875
vt 0.6875 0.6875
vt 0.5625 0.75
vt 0.5 0.6875
vt 0.5625 0.625
vt 0.5625 0.6875
vt 0.5 0.5625
vt 0.5625 0.5
vt 0.5625 0.5625
vt 0.4375 0.125
vt 0.375 0.0625
vt 0.4375 0
vt 0.4375 0.0625
vt 0.4375 0.25
vt 0.375 0.1875
vt 0.4375 0.1875
vt 0.3125 0.25
vt 0.25 0.1875
vt 0.3125 0.125
vt 0.3125 0.1875
vt 0.25 0.0625
vt 0.3125 0
vt 0.3125 0.0625
vt 0.375 0.9375
vt 0.4375 0.875
vt 0.4375 0.9375
vt 0.25 0.9375
vt 0.3125 0.875
vt 0.3125 0.9375
vt 0.25 0.8125
vt 0.3125 0.75
vt 0.375 0.8125
vt 0.3125 0.8125
vt 0.4375 0.75
vt 0.4375 0.8125
vt 0.4375 0.375
vt 0.375 0.3125
vt 0.4375 0.3125
vt 0.4375 0.5
vt 0.375 0.4375
vt 0.4375 0.4375
vt 0.3125 0.5
vt 0.25 0.4375
vt 0.3125 0.375
vt 0.3125 0.4375
vt 0.25 0.3125
vt 0.3125 0.3125
vt 0.25 0.6875
vt 0.3125 0.625
vt 0.375 0.6875
vt 0.3125 0.6875
vt 0.25 0.5625
vt 0.375 0.5625
vt 0.3125 0.5625
vt 0.4375 0.625
vt 0.4375 0.5625
vt 0.4375 0.6875
vt 0.0625 0.625
vt 0.125 0.6875
vt 0.0625 0.6875
vt 0.125 0.5625
vt 0.0625 0.5625
vt 0.1875 0.625
vt 0.1875 0.5625
vt 0.1875 0.6875
vt 0.75 0.53125
vt 0.71875 0.5625
vt 0.6875 0.53125
vt 0.71875 0.5
vt 0.71875 0.53125
vt 0.75 0.59375
vt 0.71875 0.625
vt 0.6875 0.59375
vt 0.71875 0.59375
vt 0.65625 0.625
vt 0.625 0.59375
vt 0.65625 0.5625
vt 0.65625 0.59375
vt 0.625 0.53125
vt 0.65625 0.5
vt 0.65625 0.53125
vt 0.75 0.65625
vt 0.71875 0.6875
vt 0.6875 0.65625
vt 0.71875 0.65625
vt 0.75 0.71875
vt 0.71875 0.75
vt 0.6875 0.71875
vt 0.71875 0.71875
vt 0.65625 0.75
vt 0.625 0.71875
vt 0.65625 0.6875
vt 0.65625 0.71875
vt 0.625 0.65625
vt 0.65625 0.65625
vt 0.59375 0.6875
vt 0.5625 0.65625
vt 0.59375 0.625
vt 0.59375 0.65625
vt 0.59375 0.75
vt 0.5625 0.71875
vt 0.59375 0.71875
vt 0.53125 0.75
vt 0.5 0.71875
vt 0.53125 0.6875
vt 0.53125 0.71875
vt 0.5 0.65625
vt 0.53125 0.625
vt 0.53125 0.65625
vt 0.59375 0.5625
vt 0.5625 0.53125
vt 0.59375 0.5
vt 0.59375 0.53125
vt 0.5625 0.59375
vt 0.59375 0.59375
vt 0.5 0.59375
vt 0.53125 0.5625
vt 0.53125 0.59375
vt 0.5 0.53125
vt 0.53125 0.5
vt 0.53125 0.53125
vt 0.46875 0.0625
vt 0.4375 0.03125
vt 0.46875 0
vt 0.46875 0.03125
vt 0.46875 0.125
vt 0.4375 0.09375
vt 0.46875 0.09375
vt 0.40625 0.125
vt 0.375 0.09375
vt 0.40625 0.0625
vt 0.40625 0.09375
vt 0.375 0.03125
vt 0.40625 0
vt 0.40625 0.03125
vt 0.46875 0.1875
vt 0.4375 0.15625
vt 0.46875 0.15625
vt 0.46875 0.25
vt 0.4375 0.21875
vt 0.46875 0.21875
vt 0.40625 0.25
vt 0.375 0.21875
vt 0.40625 0.1875
vt 0.40625 0.21875
vt 0.375 0.15625
vt 0.40625 0.15625
vt 0.34375 0.1875
vt 0.3125 0.15625
vt 0.34375 0.125
vt 0.34375 0.15625
vt 0.34375 0.25
vt 0.3125 0.21875
vt 0.34375 0.21875
vt 0.28125 0.25
vt 0.25 0.21875
vt 0.28125 0.1875
vt 0.28125 0.21875
vt 0.25 0.15625
vt 0.28125 0.125
vt 0.28125 0.15625
vt 0.34375 0.0625
vt 0.3125 0.03125
vt 0.34375 0
vt 0.34375 0.03125
vt 0.3125 0.09375
vt 0.34375 0.09375
vt 0.25 0.09375
vt 0.28125 0.0625
vt 0.28125 0.09375
vt 0.25 0.03125
vt 0.28125 0
vt 0.28125 0.03125
vt 0.4375 0.96875
vt 0.46875 0.9375
vt 0.46875 0.96875
vt 0.375 0.96875
vt 0.40625 0.9375
vt 0.40625 0.96875
vt 0.375 0.90625
vt 0.40625 0.875
vt 0.4375 0.90625
vt 0.40625 0.90625
vt 0.46875 0.875
vt 0.46875 0.90625
vt 0.3125 0.96875
vt 0.34375 0.9375
vt 0.34375 0.96875
vt 0.25 0.96875
vt 0.28125 0.9375
vt 0.28125 0.96875
vt 0.25 0.90625
vt 0.28125 0.875
vt 0.3125 0.90625
vt 0.28125 0.90625
vt 0.34375 0.875
vt 0.34375 0.90625
vt 0.3125 0.84375
vt 0.34375 0.8125
vt 0.375 0.84375
vt 0.34375 0.84375
vt 0.25 0.84375
vt 0.28125 0.8125
vt 0.28125 0.84375
vt 0.25 0.78125
vt 0.28125 0.75
vt 0.3125 0.78125
vt 0.28125 0.78125
vt 0.34375 0.75
vt 0.375 0.78125
vt 0.34375 0.78125
vt 0.4375 0.84375
vt 0.46875 0.8125
vt 0.46875 0.84375
vt 0.40625 0.8125
vt 0.40625 0.84375
vt 0.40625 0.75
vt 0.4375 0.78125
vt 0.40625 0.78125
vt 0.46875 0.75
vt 0.46875 0.78125
vt 0.46875 0.3125
vt 0.4375 0.28125
vt 0.46875 0.28125
vt 0.46875 0.375
vt 0.4375 0.34375
vt 0.46875 0.34375
vt 0.40625 0.375
vt 0.375 0.34375
vt 0.40625 0.3125
vt 0.40625 0.34375
vt 0.375 0.28125
vt 0.40625 0.28125
vt 0.46875 0.4375
vt 0.4375 0.40625
vt 0.46875 0.40625
vt 0.46875 0.5
vt 0.4375 0.46875
vt 0.46875 0.46875
vt 0.40625 0.5
vt 0.375 0.46875
vt 0.40625 0.4375
vt 0.40625 0.46875
vt 0.375 0.40625
vt 0.40625 0.40625
vt 0.34375 0.4375
vt 0.3125 0.40625
vt 0.34375 0.375
vt 0.34375 0.40625
vt 0.34375 0.5
vt 0.3125 0.46875
vt 0.34375 0.46875
vt 0.28125 0.5
vt 0.25 0.46875
vt 0.28125 0.4375
vt 0.28125 0.46875
vt 0.25 0.40625
vt 0.28125 0.375
vt 0.28125 0.40625
vt 0.34375 0.3125
vt 0.3125 0.28125
vt 0.34375 0.28125
vt 0.3125 0.34375
vt 0.34375 0.34375
vt 0.25 0.34375
vt 0.28125 0.3125
vt 0.28125 0.34375
vt 0.25 0.28125
vt 0.28125 0.28125
vt 0.25 0.71875
vt 0.28125 0.6875
vt 0.3125 0.71875
vt 0.28125 0.71875
vt 0.25 0.65625
vt 0.28125 0.625
vt 0.3125 0.65625
vt 0.28125 0.65625
vt 0.34375 0.625
vt 0.375 0.65625
vt 0.34375 0.6875
vt 0.34375 0.65625
vt 0.375 0.71875
vt 0.34375 0.71875
vt 0.25 0.59375
vt 0.28125 0.5625
vt 0.3125 0.59375
vt 0.28125 0.59375
vt 0.25 0.53125
vt 0.3125 0.53125
vt 0.28125 0.53125
vt 0.375 0.53125
vt 0.34375 0.5625
vt 0.34375 0.53125
vt 0.375 0.59375
vt 0.34375 0.59375
vt 0.40625 0.5625
vt 0.4375 0.59375
vt 0.40625 0.625
vt 0.40625 0.59375
vt 0.4375 0.53125
vt 0.40625 0.53125
vt 0.46875 0.5625
vt 0.46875 0.53125
vt 0.46875 0.625
vt 0.46875 0.59375
vt 0.40625 0.6875
vt 0.4375 0.71875
vt 0.40625 0.71875
vt 0.4375 0.65625
vt 0.40625 0.65625
vt 0.46875 0.6875
vt 0.46875 0.65625
vt 0.46875 0.71875
vt 0.03125 0.6875
vt 0.0625 0.71875
vt 0.03125 0.71875
vt 0.03125 0.625
vt 0.0625 0.65625
vt 0.03125 0.65625
vt 0.09375 0.625
vt 0.125 0.65625
vt 0.09375 0.6875
vt 0.09375 0.65625
vt 0.125 0.71875
vt 0.09375 0.71875
vt 0.03125 0.5625
vt 0.0625 0.59375
vt 0.03125 0.59375
vt 0.0625 0.53125
vt 0.03125 0.53125
vt 0.125 0.53125
vt 0.09375 0.5625
vt 0.09375 0.53125
vt 0.125 0.59375
vt 0.09375 0.59375
vt 0.15625 0.5625
vt 0.1875 0.59375
vt 0.15625 0.625
vt 0.15625 0.59375
vt 0.1875 0.53125
vt 0.15625 0.53125
vt 0.21875 0.5625
vt 0.21875 0.53125
vt 0.21875 0.625
vt 0.21875 0.59375
vt 0.15625 0.6875
vt 0.1875 0.71875
vt 0.15625 0.71875
vt 0.1875 0.65625
vt 0.15625 0.65625
vt 0.21875 0.6875
vt 0.21875 0.65625
vt 0.21875 0.71875
vt 0.75 0.515625
vt 0.734375 0.53125
vt 0.71875 0.515625
vt 0.734375 0.5
vt 0.734375 0.515625
vt 0.75 0.546875
vt 0.734375 0.5625
vt 0.71875 0.546875
vt 0.734375 0.546875
vt 0.703125 0.5625
vt 0.6875 0.546875
vt 0.703125 0.53125
vt 0.703125 0.546875
vt 0.6875 0.515625
vt 0.703125 0.5
vt 0.703125 0.515625
vt 0.75 0.578125
vt 0.734375 0.59375
vt 0.71875 0.578125
vt 0.734375 0.578125
vt 0.75 0.609375
vt 0.734375 0.625
vt 0.71875 0.609375
vt 0.734375 0.609375
vt 0.703125 0.625
vt 0.6875 0.609375
vt 0.703125 0.59375
vt 0.703125 0.609375
vt 0.6875 0.578125
vt 0.703125 0.578125
vt 0.671875 0.59375
vt 0.65625 0.578125
vt 0.671875 0.5625
vt 0.671875 0.578125
vt 0.671875 0.625
vt 0.65625 0.609375
vt 0.671875 0.609375
vt 0.640625 0.625
vt 0.625 0.609375
vt 0.640625 0.59375
vt 0.640625 0.609375
vt 0.625 0.578125
vt 0.640625 0.5625
vt 0.640625 0.578125
vt 0.671875 0.53125
vt 0.65625 0.515625
vt 0.671875 0.5
vt 0.671875 0.515625
vt 0.65625 0.546875
vt 0.671875 0.546875
vt 0.625 0.546875
vt 0.640625 0.53125
vt 0.640625 0.546875
vt 0.625 0.515625
vt 0.640625 0.5
vt 0.640625 0.515625
vt 0.75 0.640625
vt 0.734375 0.65625
vt 0.71875 0.640625
vt 0.734375 0.640625
vt 0.75 0.671875
vt 0.734375 0.6875
vt 0.71875 0.671875
vt 0.734375 0.671875
vt 0.703125 0.6875
vt 0.6875 0.671875
vt 0.703125 0.65625
vt 0.703125 0.671875
vt 0.6875 0.640625
vt 0.703125 0.640625
vt 0.75 0.703125
vt 0.734375 0.71875
vt 0.71875 0.703125
vt 0.734375 0.703125
vt 0.75 0.734375
vt 0.734375 0.75
vt 0.71875 0.734375
vt 0.734375 0.734375
vt 0.703125 0.75
vt 0.6875 0.734375
vt 0.703125 0.71875
vt 0.703125 0.734375
vt 0.6875 0.703125
vt 0.703125 0.703125
vt 0.671875 0.71875
vt 0.65625 0.703125
vt 0.671875 0.6875
vt 0.671875 0.703125
vt 0.671875 0.75
vt 0.65625 0.734375
vt 0.671875 0.734375
vt 0.640625 0.75
vt 0.625 0.734375
vt 0.640625 0.71875
vt 0.640625 0.734375
vt 0.625 0.703125
vt 0.640625 0.6875
vt 0.640625 0.703125
vt 0.671875 0.65625
vt 0.65625 0.640625
vt 0.671875 0.640625
vt 0.65625 0.671875
vt 0.671875 0.671875
vt 0.625 0.671875
vt 0.640625 0.65625
vt 0.640625 0.671875
vt 0.625 0.640625
vt 0.640625 0.640625
vt 0.609375 0.65625
vt 0.59375 0.640625
vt 0.609375 0.625
vt 0.609375 0.640625
vt 0.609375 0.6875
vt 0.59375 0.671875
vt 0.609375 0.671875
vt 0.578125 0.6875
vt 0.5625 0.671875
vt 0.578125 0.65625
vt 0.578125 0.671875
vt 0.5625 0.640625
vt 0.578125 0.625
vt 0.578125 0.640625
vt 0.609375 0.71875
vt 0.59375 0.703125
vt 0.609375 0.703125
vt 0.609375 0.75
vt 0.59375 0.734375
vt 0.609375 0.734375
vt 0.578125 0.75
vt 0.5625 0.734375
vt 0.578125 0.71875
vt 0.578125 0.734375
vt 0.5625 0.703125
vt 0.578125 0.703125
vt 0.546875 0.71875
vt 0.53125 0.703125
vt 0.546875 0.6875
vt 0.546875 0.703125
vt 0.546875 0.75
vt 0.53125 0.734375
vt 0.546875 0.734375
vt 0.515625 0.75
vt 0.5 0.734375
vt 0.515625 0.71875
vt 0.515625 0.734375
vt 0.5 0.703125
vt 0.515625 0.6875
vt 0.515625 0.703125
vt 0.546875 0.65625
vt 0.53125 0.640625
vt 0.546875 0.625
vt 0.546875 0.640625
vt 0.53125 0.671875
vt 0.546875 0.671875
vt 0.5 0.671875
vt 0.515625 0.65625
vt 0.515625 0.671875
vt 0.5 0.640625
vt 0.515625 0.625
vt 0.515625 0.640625
vt 0.609375 0.53125
vt 0.59375 0.515625
vt 0.609375 0.5
vt 0.609375 0.515625
vt 0.609375 0.5625
vt 0.59375 0.546875
vt 0.609375 0.546875
vt 0.578125 0.5625
vt 0.5625 0.546875
vt 0.578125 0.53125
vt 0.578125 0.546875
vt 0.5625 0.515625
vt 0.578125 0.5
vt 0.578125 0.515625
vt 0.609375 0.59375
vt 0.59375 0.578125
vt 0.609375 0.578125
vt 0.59375 0.609375
vt 0.609375 0.609375
vt 0.5625 0.609375
vt 0.578125 0.59375
vt 0.578125 0.609375
vt 0.5625 0.578125
vt 0.578125 0.578125
vt 0.546875 0.59375
vt 0.53125 0.578125
vt 0.546875 0.5625
vt 0.546875 0.578125
vt 0.53125 0.609375
vt 0.546875 0.609375
vt 0.5 0.609375
vt 0.515625 0.59375
vt 0.515625 0.609375
vt 0.5 0.578125
vt 0.515625 0.5625
vt 0.515625 0.578125
vt 0.546875 0.53125
vt 0.53125 0.515625
vt 0.546875 0.5
vt 0.546875 0.515625
vt 0.53125 0.546875
vt 0.546875 0.546875
vt 0.5 0.546875
vt 0.515625 0.53125
vt 0.515625 0.546875
vt 0.5 0.515625
vt 0.515625 0.5
vt 0.515625 0.515625
vt 0.484375 0.03125
vt 0.46875 0.015625
vt 0.484375 0
vt 0.484375 0.015625
vt 0.484375 0.0625
vt 0.46875 0.046875
vt 0.484375 0.046875
vt 0.453125 0.0625
vt 0.4375 0.046875
vt 0.453125 0.03125
vt 0.453125 0.046875
vt 0.4375 0.015625
vt 0.453125 0
vt 0.453125 0.015625
vt 0.484375 0.09375
vt 0.46875 0.078125
vt 0.484375 0.078125
vt 0.484375 0.125
vt 0.46875 0.109375
vt 0.484375 0.109375
vt 0.453125 0.125
vt 0.4375 0.109375
vt 0.453125 0.09375
vt 0.453125 0.109375
vt 0.4375 0.078125
vt 0.453125 0.078125
vt 0.421875 0.09375
vt 0.40625 0.078125
vt 0.421875 0.0625
vt 0.421875 0.078125
vt 0.421875 0.125
vt 0.40625 0.109375
vt 0.421875 0.109375
vt 0.390625 0.125
vt 0.375 0.109375
vt 0.390625 0.09375
vt 0.390625 0.109375
vt 0.375 0.078125
vt 0.390625 0.0625
vt 0.390625 0.078125
vt 0.421875 0.03125
vt 0.40625 0.015625
vt 0.421875 0
vt 0.421875 0.015625
vt 0.40625 0.046875
vt 0.421875 0.046875
vt 0.375 0.046875
vt 0.390625 0.03125
vt 0.390625 0.046875
vt 0.375 0.015625
vt 0.390625 0
vt 0.390625 0.015625
vt 0.484375 0.15625
vt 0.46875 0.140625
vt 0.484375 0.140625
vt 0.484375 0.1875
vt 0.46875 0.171875
vt 0.484375 0.171875
vt 0.453125 0.1875
vt 0.4375 0.171875
vt 0.453125 0.15625
vt 0.453125 0.171875
vt 0.4375 0.140625
vt 0.453125 0.140625
vt 0.484375 0.21875
vt 0.46875 0.203125
vt 0.484375 0.203125
vt 0.484375 0.25
vt 0.46875 0.234375
vt 0.484375 0.234375
vt 0.453125 0.25
vt 0.4375 0.234375
vt 0.453125 0.21875
vt 0.453125 0.234375
vt 0.4375 0.203125
vt 0.453125 0.203125
vt 0.421875 0.21875
vt 0.40625 0.203125
vt 0.421875 0.1875
vt 0.421875 0.203125
vt 0.421875 0.25
vt 0.40625 0.234375
vt 0.421875 0.234375
vt 0.390625 0.25
vt 0.375 0.234375
vt 0.390625 0.21875
vt 0.390625 0.234375
vt 0.375 0.203125
vt 0.390625 0.1875
vt 0.390625 0.203125
vt 0.421875 0.15625
vt 0.40625 0.140625
vt 0.421875 0.140625
vt 0.40625 0.171875
vt 0.421875 0.171875
vt 0.375 0.171875
vt 0.390625 0.15625
vt 0.390625 0.171875
vt 0.375 0.140625
vt 0.390625 0.140625
vt 0.359375 0.15625
vt 0.34375 0.140625
vt 0.359375 0.125
vt 0.359375 0.140625
vt 0.359375 0.1875
vt 0.34375 0.171875
vt 0.359375 0.171875
vt 0.328125 0.1875
vt 0.3125 0.171875
vt 0.328125 0.15625
vt 0.328125 0.171875
vt 0.3125 0.140625
vt 0.328125 0.125
vt 0.328125 0.140625
vt 0.359375 0.21875
vt 0.34375 0.203125
vt 0.359375 0.203125
vt 0.359375 0.25
vt 0.34375 0.234375
vt 0.359375 0.234375
vt 0.328125 0.25
vt 0.3125 0.234375
vt 0.328125 0.21875
vt 0.328125 0.234375
vt 0.3125 0.203125
vt 0.328125 0.203125
vt 0.296875 0.21875
vt 0.28125 0.203125
vt 0.296875 0.1875
vt 0.296875 0.203125
vt 0.296875 0.25
vt 0.28125 0.234375
vt 0.296875 0.234375
vt 0.265625 0.25
vt 0.25 0.234375
vt 0.265625 0.21875
vt 0.265625 0.234375
vt 0.25 0.203125
vt 0.265625 0.1875
vt 0.265625 0.203125
vt 0.296875 0.15625
vt 0.28125 0.140625
vt 0.296875 0.125
vt 0.296875 0.140625
vt 0.28125 0.171875
vt 0.296875 0.171875
vt 0.25 0.171875
vt 0.265625 0.15625
vt 0.265625 0.171875
vt 0.25 0.140625
vt 0.265625 0.125
vt 0.265625 0.140625
vt 0.359375 0.03125
vt 0.34375 0.015625
vt 0.359375 0
vt 0.359375 0.015625
vt 0.359375 0.0625
vt 0.34375 0.046875
vt 0.359375 0.046875
vt 0.328125 0.0625
vt 0.3125 0.046875
vt 0.328125 0.03125
vt 0.328125 0.046875
vt 0.3125 0.015625
vt 0.328125 0
vt 0.328125 0.015625
vt 0.359375 0.09375
vt 0.34375 0.078125
vt 0.359375 0.078125
vt 0.34375 0.109375
vt 0.359375 0.109375
vt 0.3125 0.109375
vt 0.328125 0.09375
vt 0.328125 0.109375
vt 0.3125 0.078125
vt 0.328125 0.078125
vt 0.296875 0.09375
vt 0.28125 0.078125
vt 0.296875 0.0625
vt 0.296875 0.078125
vt 0.28125 0.109375
vt 0.296875 0.109375
vt 0.25 0.109375
vt 0.265625 0.09375
vt 0.265625 0.109375
vt 0.25 0.078125
vt 0.265625 0.0625
vt 0.265625 0.078125
vt 0.296875 0.03125
vt 0.28125 0.015625
vt 0.296875 0
vt 0.296875 0.015625
vt 0.28125 0.046875
vt 0.296875 0.046875
vt 0.25 0.046875
vt 0.265625 0.03125
vt 0.265625 0.046875
vt 0.25 0.015625
vt 0.265625 0
vt 0.265625 0.015625
vt 0.46875 0.984375
vt 0.484375 0.96875
vt 0.484375 0.984375
vt 0.4375 0.984375
vt 0.453125 0.96875
vt 0.453125 0.984375
vt 0.4375 0.953125
vt 0.453125 0.9375
vt 0.46875 0.953125
vt 0.453125 0.953125
vt 0.484375 0.9375
vt 0.484375 0.953125
vt 0.40625 0.984375
vt 0.421875 0.96875
vt 0.421875 0.984375
vt 0.375 0.984375
vt 0.390625 0.96875
vt 0.390625 0.984375
vt 0.375 0.953125
vt 0.390625 0.9375
vt 0.40625 0.953125
vt 0.390625 0.953125
vt 0.421875 0.9375
vt 0.421875 0.953125
vt 0.40625 0.921875
vt 0.421875 0.90625
vt 0.4375 0.921875
vt 0.421875 0.921875
vt 0.375 0.921875
vt 0.390625 0.90625
vt 0.390625 0.921875
vt 0.375 0.890625
vt 0.390625 0.875
vt 0.40625 0.890625
vt 0.390625 0.890625
vt 0.421875 0.875
vt 0.4375 0.890625
vt 0.421875 0.890625
vt 0.46875 0.921875
vt 0.484375 0.90625
vt 0.484375 0.921875
vt 0.453125 0.90625
vt 0.453125 0.921875
vt 0.453125 0.875
vt 0.46875 0.890625
vt 0.453125 0.890625
vt 0.484375 0.875
vt 0.484375 0.890625
vt 0.34375 0.984375
vt 0.359375 0.96875
vt 0.359375 0.984375
vt 0.3125 0.984375
vt 0.328125 0.96875
vt 0.328125 0.984375
vt 0.3125 0.953125
vt 0.328125 0.9375
vt 0.34375 0.953125
vt 0.328125 0.953125
vt 0.359375 0.9375
vt 0.359375 0.953125
vt 0.28125 0.984375
vt 0.296875 0.96875
vt 0.296875 0.984375
vt 0.25 0.984375
vt 0.265625 0.96875
vt 0.265625 0.984375
vt 0.25 0.953125
vt 0.265625 0.9375
vt 0.28125 0.953125
vt 0.265625 0.953125
vt 0.296875 0.9375
vt 0.296875 0.953125
vt 0.28125 0.921875
vt 0.296875 0.90625
vt 0.3125 0.921875
vt 0.296875 0.921875
vt 0.25 0.921875
vt 0.265625 0.90625
vt 0.265625 0.921875
vt 0.25 0.890625
vt 0.265625 0.875
vt 0.28125 0.890625
vt 0.265625 0.890625
vt 0.296875 0.875
vt 0.3125 0.890625
vt 0.296875 0.890625
vt 0.34375 0.921875
vt 0.359375 0.90625
vt 0.359375 0.921875
vt 0.328125 0.90625
vt 0.328125 0.921875
vt 0.328125 0.875
vt 0.34375 0.890625
vt 0.328125 0.890625
vt 0.359375 0.875
vt 0.359375 0.890625
vt 0.34375 0.859375
vt 0.359375 0.84375
vt 0.375 0.859375
vt 0.359375 0.859375
vt 0.3125 0.859375
vt 0.328125 0.84375
vt 0.328125 0.859375
vt 0.3125 0.828125
vt 0.328125 0.8125
vt 0.34375 0.828125
vt 0.328125 0.828125
vt 0.359375 0.8125
vt 0.375 0.828125
vt 0.359375 0.828125
vt 0.28125 0.859375
vt 0.296875 0.84375
vt 0.296875 0.859375
vt 0.25 0.859375
vt 0.265625 0.84375
vt 0.265625 0.859375
vt 0.25 0.828125
vt 0.265625 0.8125
vt 0.28125 0.828125
vt 0.265625 0.828125
vt 0.296875 0.8125
vt 0.296875 0.828125
vt 0.28125 0.796875
vt 0.296875 0.78125
vt 0.3125 0.796875
vt 0.296875 0.796875
vt 0.25 0.796875
vt 0.265625 0.78125
vt 0.265625 0.796875
vt 0.25 0.765625
vt 0.265625 0.75
vt 0.28125 0.765625
vt 0.265625 0.765625
vt 0.296875 0.75
vt 0.3125 0.765625
vt 0.296875 0.765625
vt 0.34375 0.796875
vt 0.359375 0.78125
vt 0.375 0.796875
vt 0.359375 0.796875
vt 0.328125 0.78125
vt 0.328125 0.796875
vt 0.328125 0.75
vt 0.34375 0.765625
vt 0.328125 0.765625
vt 0.359375 0.75
vt 0.375 0.765625
vt 0.359375 0.765625
vt 0.46875 0.859375
vt 0.484375 0.84375
vt 0.484375 0.859375
vt 0.4375 0.859375
vt 0.453125 0.84375
vt 0.453125 0.859375
vt 0.4375 0.828125
vt 0.453125 0.8125
vt 0.46875 0.828125
vt 0.453125 0.828125
vt 0.484375 0.8125
vt 0.484375 0.828125
vt 0.40625 0.859375
vt 0.421875 0.84375
vt 0.421875 0.859375
vt 0.390625 0.84375
vt 0.390625 0.859375
vt 0.390625 0.8125
vt 0.40625 0.828125
vt 0.390625 0.828125
vt 0.421875 0.8125
vt 0.421875 0.828125
vt 0.40625 0.796875
vt 0.421875 0.78125
vt 0.4375 0.796875
vt 0.421875 0.796875
vt 0.390625 0.78125
vt 0.390625 0.796875
vt 0.390625 0.75
vt 0.40625 0.765625
vt 0.390625 0.765625
vt 0.421875 0.75
vt 0.4375 0.765625
vt 0.421875 0.765625
vt 0.46875 0.796875
vt 0.484375 0.78125
vt 0.484375 0.796875
vt 0.453125 0.78125
vt 0.453125 0.796875
vt 0.453125 0.75
vt 0.46875 0.765625
vt 0.453125 0.765625
vt 0.484375 0.75
vt 0.484375 0.765625
vt 0.484375 0.28125
vt 0.46875 0.265625
vt 0.484375 0.265625
vt 0.484375 0.3125
vt 0.46875 0.296875
vt 0.484375 0.296875
vt 0.453125 0.3125
vt 0.4375 0.296875
vt 0.453125 0.28125
vt 0.453125 0.296875
vt 0.4375 0.265625
vt 0.453125 0.265625
vt 0.484375 0.34375
vt 0.46875 0.328125
vt 0.484375 0.328125
vt 0.484375 0.375
vt 0.46875 0.359375
vt 0.484375 0.359375
vt 0.453125 0.375
vt 0.4375 0.359375
vt 0.453125 0.34375
vt 0.453125 0.359375
vt 0.4375 0.328125
vt 0.453125 0.328125
vt 0.421875 0.34375
vt 0.40625 0.328125
vt 0.421875 0.3125
vt 0.421875 0.328125
vt 0.421875 0.375
vt 0.40625 0.359375
vt 0.421875 0.359375
vt 0.390625 0.375
vt 0.375 0.359375
vt 0.390625 0.34375
vt 0.390625 0.359375
vt 0.375 0.328125
vt 0.390625 0.3125
vt 0.390625 0.328125
vt 0.421875 0.28125
vt 0.40625 0.265625
vt 0.421875 0.265625
vt 0.40625 0.296875
vt 0.421875 0.296875
vt 0.375 0.296875
vt 0.390625 0.28125
vt 0.390625 0.296875
vt 0.375 0.265625
vt 0.390625 0.265625
vt 0.484375 0.40625
vt 0.46875 0.390625
vt 0.484375 0.390625
vt 0.484375 0.4375
vt 0.46875 0.421875
vt 0.484375 0.421875
vt 0.453125 0.4375
vt 0.4375 0.421875
vt 0.453125 0.40625
vt 0.453125 0.421875
vt 0.4375 0.390625
vt 0.453125 0.390625
vt 0.484375 0.46875
vt 0.46875 0.453125
vt 0.484375 0.453125
vt 0.484375 0.5
vt 0.46875 0.484375
vt 0.484375 0.484375
vt 0.453125 0.5
vt 0.4375 0.484375
vt 0.453125 0.46875
vt 0.453125 0.484375
vt 0.4375 0.453125
vt 0.453125 0.453125
vt 0.421875 0.46875
vt 0.40625 0.453125
vt 0.421875 0.4375
vt 0.421875 0.453125
vt 0.421875 0.5
vt 0.40625 0.484375
vt 0.421875 0.484375
vt 0.390625 0.5
vt 0.375 0.484375
vt 0.390625 0.46875
vt 0.390625 0.484375
vt 0.375 0.453125
vt 0.390625 0.4375
vt 0.390625 0.453125
vt 0.421875 0.40625
vt 0.40625 0.390625
vt 0.421875 0.390625
vt 0.40625 0.421875
vt 0.421875 0.421875
vt 0.375 0.421875
vt 0.390625 0.40625
vt 0.390625 0.421875
vt 0.375 0.390625
vt 0.390625 0.390625
vt 0.359375 0.40625
vt 0.34375 0.390625
vt 0.359375 0.375
vt 0.359375 0.390625
vt 0.359375 0.4375
vt 0.34375 0.421875
vt 0.359375 0.421875
vt 0.328125 0.4375
vt 0.3125 0.421875
vt 0.328125 0.40625
vt 0.328125 0.421875
vt 0.3125 0.390625
vt 0.328125 0.375
vt 0.328125 0.390625
vt 0.359375 0.46875
vt 0.34375 0.453125
vt 0.359375 0.453125
vt 0.359375 0.5
vt 0.34375 0.484375
vt 0.359375 0.484375
vt 0.328125 0.5
vt 0.3125 0.484375
vt 0.328125 0.46875
vt 0.328125 0.484375
vt 0.3125 0.453125
vt 0.328125 0.453125
vt 0.296875 0.46875
vt 0.28125 0.453125
vt 0.296875 0.4375
vt 0.296875 0.453125
vt 0.296875 0.5
vt 0.28125 0.484375
vt 0.296875 0.484375
vt 0.265625 0.5
vt 0.25 0.484375
vt 0.265625 0.46875
vt 0.265625 0.484375
vt 0.25 0.453125
vt 0.265625 0.4375
vt 0.265625 0.453125
vt 0.296875 0.40625
vt 0.28125 0.390625
vt 0.296875 0.375
vt 0.296875 0.390625
vt 0.28125 0.421875
vt 0.296875 0.421875
vt 0.25 0.421875
vt 0.265625 0.40625
vt 0.265625 0.421875
vt 0.25 0.390625
vt 0.265625 0.375
vt 0.265625 0.390625
vt 0.359375 0.28125
vt 0.34375 0.265625
vt 0.359375 0.265625
vt 0.359375 0.3125
vt 0.34375 0.296875
vt 0.359375 0.296875
vt 0.328125 0.3125
vt 0.3125 0.296875
vt 0.328125 0.28125
vt 0.328125 0.296875
vt 0.3125 0.265625
vt 0.328125 0.265625
vt 0.359375 0.34375
vt 0.34375 0.328125
vt 0.359375 0.328125
vt 0.34375 0.359375
vt 0.359375 0.359375
vt 0.3125 0.359375
vt 0.328125 0.34375
vt 0.328125 0.359375
vt 0.3125 0.328125
vt 0.328125 0.328125
vt 0.296875 0.34375
vt 0.28125 0.328125
vt 0.296875 0.3125
vt 0.296875 0.328125
vt 0.28125 0.359375
vt 0.296875 0.359375
vt 0.25 0.359375
vt 0.265625 0.34375
vt 0.265625 0.359375
vt 0.25 0.328125
vt 0.265625 0.3125
vt 0.265625 0.328125
vt 0.296875 0.28125
vt 0.28125 0.265625
vt 0.296875 0.265625
vt 0.28125 0.296875
vt 0.296875 0.296875
vt 0.25 0.296875
vt 0.265625 0.28125
vt 0.265625 0.296875
vt 0.25 0.265625
vt 0.265625 0.265625
vt 0.25 0.734375
vt 0.265625 0.71875
vt 0.28125 0.734375
vt 0.265625 0.734375
vt 0.25 0.703125
vt 0.265625 0.6875
vt 0.28125 0.703125
vt 0.265625 0.703125
vt 0.296875 0.6875
vt 0.3125 0.703125
vt 0.296875 0.71875
vt 0.296875 0.703125
vt 0.3125 0.734375
vt 0.296875 0.734375
vt 0.25 0.671875
vt 0.265625 0.65625
vt 0.28125 0.671875
vt 0.265625 0.671875
vt 0.25 0.640625
vt 0.265625 0.625
vt 0.28125 0.640625
vt 0.265625 0.640625
vt 0.296875 0.625
vt 0.3125 0.640625
vt 0.296875 0.65625
vt 0.296875 0.640625
vt 0.3125 0.671875
vt 0.296875 0.671875
vt 0.328125 0.65625
vt 0.34375 0.671875
vt 0.328125 0.6875
vt 0.328125 0.671875
vt 0.328125 0.625
vt 0.34375 0.640625
vt 0.328125 0.640625
vt 0.359375 0.625
vt 0.375 0.640625
vt 0.359375 0.65625
vt 0.359375 0.640625
vt 0.375 0.671875
vt 0.359375 0.6875
vt 0.359375 0.671875
vt 0.328125 0.71875
vt 0.34375 0.734375
vt 0.328125 0.734375
vt 0.34375 0.703125
vt 0.328125 0.703125
vt 0.375 0.703125
vt 0.359375 0.71875
vt 0.359375 0.703125
vt 0.375 0.734375
vt 0.359375 0.734375
vt 0.25 0.609375
vt 0.265625 0.59375
vt 0.28125 0.609375
vt 0.265625 0.609375
vt 0.25 0.578125
vt 0.265625 0.5625
vt 0.28125 0.578125
vt 0.265625 0.578125
vt 0.296875 0.5625
vt 0.3125 0.578125
vt 0.296875 0.59375
vt 0.296875 0.578125
vt 0.3125 0.609375
vt 0.296875 0.609375
vt 0.25 0.546875
vt 0.265625 0.53125
vt 0.28125 0.546875
vt 0.265625 0.546875
vt 0.25 0.515625
vt 0.28125 0.515625
vt 0.265625 0.515625
vt 0.3125 0.515625
vt 0.296875 0.53125
vt 0.296875 0.515625
vt 0.3125 0.546875
vt 0.296875 0.546875
vt 0.328125 0.53125
vt 0.34375 0.546875
vt 0.328125 0.5625
vt 0.328125 0.546875
vt 0.34375 0.515625
vt 0.328125 0.515625
vt 0.375 0.515625
vt 0.359375 0.53125
vt 0.359375 0.515625
vt 0.375 0.546875
vt 0.359375 0.5625
vt 0.359375 0.546875
vt 0.328125 0.59375
vt 0.34375 0.609375
vt 0.328125 0.609375
vt 0.34375 0.578125
vt 0.328125 0.578125
vt 0.375 0.578125
vt 0.359375 0.59375
vt 0.359375 0.578125
vt 0.375 0.609375
vt 0.359375 0.609375
vt 0.390625 0.59375
vt 0.40625 0.609375
vt 0.390625 0.625
vt 0.390625 0.609375
vt 0.390625 0.5625
vt 0.40625 0.578125
vt 0.390625 0.578125
vt 0.421875 0.5625
vt 0.4375 0.578125
vt 0.421875 0.59375
vt 0.421875 0.578125
vt 0.4375 0.609375
vt 0.421875 0.625
vt 0.421875 0.609375
vt 0.390625 0.53125
vt 0.40625 0.546875
vt 0.390625 0.546875
vt 0.40625 0.515625
vt 0.390625 0.515625
vt 0.4375 0.515625
vt 0.421875 0.53125
vt 0.421875 0.515625
vt 0.4375 0.546875
vt 0.421875 0.546875
vt 0.453125 0.53125
vt 0.46875 0.546875
vt 0.453125 0.5625
vt 0.453125 0.546875
vt 0.46875 0.515625
vt 0.453125 0.515625
vt 0.484375 0.53125
vt 0.484375 0.515625
vt 0.484375 0.5625
vt 0.484375 0.546875
vt 0.453125 0.59375
vt 0.46875 0.609375
vt 0.453125 0.625
vt 0.453125 0.609375
vt 0.46875 0.578125
vt 0.453125 0.578125
vt 0.484375 0.59375
vt 0.484375 0.578125
vt 0.484375 0.625
vt 0.484375 0.609375
vt 0.390625 0.71875
vt 0.40625 0.734375
vt 0.390625 0.734375
vt 0.390625 0.6875
vt 0.40625 0.703125
vt 0.390625 0.703125
vt 0.421875 0.6875
vt 0.4375 0.703125
vt 0.421875 0.71875
vt 0.421875 0.703125
vt 0.4375 0.734375
vt 0.421875 0.734375
vt 0.390625 0.65625
vt 0.40625 0.671875
vt 0.390625 0.671875
vt 0.40625 0.640625
vt 0.390625 0.640625
vt 0.4375 0.640625
vt 0.421875 0.65625
vt 0.421875 0.640625
vt 0.4375 0.671875
vt 0.421875 0.671875
vt 0.453125 0.65625
vt 0.46875 0.671875
vt 0.453125 0.6875
vt 0.453125 0.671875
vt 0.46875 0.640625
vt 0.453125 0.640625
vt 0.484375 0.65625
vt 0.484375 0.640625
vt 0.484375 0.6875
vt 0.484375 0.671875
vt 0.453125 0.71875
vt 0.46875 0.734375
vt 0.453125 0.734375
vt 0.46875 0.703125
vt 0.453125 0.703125
vt 0.484375 0.71875
vt 0.484375 0.703125
vt 0.484375 0.734375
vt 0.015625 0.71875
vt 0.03125 0.734375
vt 0.015625 0.734375
vt 0.015625 0.6875
vt 0.03125 0.703125
vt 0.015625 0.703125
vt 0.046875 0.6875
vt 0.0625 0.703125
vt 0.046875 0.71875
vt 0.046875 0.703125
vt 0.0625 0.734375
vt 0.046875 0.734375
vt 0.015625 0.65625
vt 0.03125 0.671875
vt 0.015625 0.671875
vt 0.015625 0.625
vt 0.03125 0.640625
vt 0.015625 0.640625
vt 0.046875 0.625
vt 0.0625 0.640625
vt 0.046875 0.65625
vt 0.046875 0.640625
vt 0.0625 0.671875
vt 0.046875 0.671875
vt 0.078125 0.65625
vt 0.09375 0.671875
vt 0.078125 0.6875
vt 0.078125 0.671875
vt 0.078125 0.625
vt 0.09375 0.640625
vt 0.078125 0.640625
vt 0.109375 0.625
vt 0.125 0.640625
vt 0.109375 0.65625
vt 0.109375 0.640625
vt 0.125 0.671875
vt 0.109375 0.6875
vt 0.109375 0.671875
vt 0.078125 0.71875
vt 0.09375 0.734375
vt 0.078125 0.734375
vt 0.09375 0.703125
vt 0.078125 0.703125
vt 0.125 0.703125
vt 0.109375 0.71875
vt 0.109375 0.703125
vt 0.125 0.734375
vt 0.109375 0.734375
vt 0.015625 0.59375
vt 0.03125 0.609375
vt 0.015625 0.609375
vt 0.015625 0.5625
vt 0.03125 0.578125
vt 0.015625 0.578125
vt 0.046875 0.5625
vt 0.0625 0.578125
vt 0.046875 0.59375
vt 0.046875 0.578125
vt 0.0625 0.609375
vt 0.046875 0.609375
vt 0.015625 0.53125
vt 0.03125 0.546875
vt 0.015625 0.546875
vt 0.03125 0.515625
vt 0.015625 0.515625
vt 0.0625 0.515625
vt 0.046875 0.53125
vt 0.046875 0.515625
vt 0.0625 0.546875
vt 0.046875 0.546875
vt 0.078125 0.53125
vt 0.09375 0.546875
vt 0.078125 0.5625
vt 0.078125 0.546875
vt 0.09375 0.515625
vt 0.078125 0.515625
vt 0.125 0.515625
vt 0.109375 0.53125
vt 0.109375 0.515625
vt 0.125 0.546875
vt 0.109375 0.5625
vt 0.109375 0.546875
vt 0.078125 0.59375
vt 0.09375 0.609375
vt 0.078125 0.609375
vt 0.09375 0.578125
vt 0.078125 0.578125
vt 0.125 0.578125
vt 0.109375 0.59375
vt 0.109375 0.578125
vt 0.125 0.609375
vt 0.109375 0.609375
vt 0.140625 0.59375
vt 0.15625 0.609375
vt 0.140625 0.625
vt 0.140625 0.609375
vt 0.140625 0.5625
vt 0.15625 0.578125
vt 0.140625 0.578125
vt 0.171875 0.5625
vt 0.1875 0.578125
vt 0.171875 0.59375
vt 0.171875 0.578125
vt 0.1875 0.609375
vt 0.171875 0.625
vt 0.171875 0.609375
vt 0.140625 0.53125
vt 0.15625 0.546875
vt 0.140625 0.546875
vt 0.15625 0.515625
vt 0.140625 0.515625
vt 0.1875 0.515625
vt 0.171875 0.53125
vt 0.171875 0.515625
vt 0.1875 0.546875
vt 0.171875 0.546875
vt 0.203125 0.53125
vt 0.21875 0.546875
vt 0.203125 0.5625
vt 0.203125 0.546875
vt 0.21875 0.515625
vt 0.203125 0.515625
vt 0.234375 0.53125
vt 0.234375 0.515625
vt 0.234375 0.5625
vt 0.234375 0.546875
vt 0.203125 0.59375
vt 0.21875 0.609375
vt 0.203125 0.625
vt 0.203125 0.609375
vt 0.21875 0.578125
vt 0.203125 0.578125
vt 0.234375 0.59375
vt 0.234375 0.578125
vt 0.234375 0.625
vt 0.234375 0.609375
vt 0.140625 0.71875
vt 0.15625 0.734375
vt 0.140625 0.734375
vt 0.140625 0.6875
vt 0.15625 0.703125
vt 0.140625 0.703125
vt 0.171875 0.6875
vt 0.1875 0.703125
vt 0.171875 0.71875
vt 0.171875 0.703125
vt 0.1875 0.734375
vt 0.171875 0.734375
vt 0.140625 0.65625
vt 0.15625 0.671875
vt 0.140625 0.671875
vt 0.15625 0.640625
vt 0.140625 0.640625
vt 0.1875 0.640625
vt 0.171875 0.65625
vt 0.171875 0.640625
vt 0.1875 0.671875
vt 0.171875 0.671875
vt 0.203125 0.65625
vt 0.21875 0.671875
vt 0.203125 0.6875
vt 0.203125 0.671875
vt 0.21875 0.640625
vt 0.203125 0.640625
vt 0.234375 0.65625
vt 0.234375 0.640625
vt 0.234375 0.6875
vt 0.234375 0.671875
vt 0.203125 0.71875
vt 0.21875 0.734375
vt 0.203125 0.734375
vt 0.21875 0.703125
vt 0.203125 0.703125
vt 0.234375 0.71875
vt 0.234375 0.703125
vt 0.234375 0.734375
vt 0.75 0.5078125
vt 0.7421875 0.515625
vt 0.734375 0.5078125
vt 0.7421875 0.5
vt 0.7421875 0.5078125
vt 0.75 0.5234375
vt 0.7421875 0.53125
vt 0.734375 0.5234375
vt 0.7421875 0.5234375
vt 0.7265625 0.53125
vt 0.71875 0.5234375
vt 0.7265625 0.515625
vt 0.7265625 0.5234375
vt 0.71875 0.5078125
vt 0.7265625 0.5
vt 0.7265625 0.5078125
vt 0.75 0.5390625
vt 0.7421875 0.546875
vt 0.734375 0.5390625
vt 0.7421875 0.5390625
vt 0.75 0.5546875
vt 0.7421875 0.5625
vt 0.734375 0.5546875
vt 0.7421875 0.5546875
vt 0.7265625 0.5625
vt 0.71875 0.5546875
vt 0.7265625 0.546875
vt 0.7265625 0.5546875
vt 0.71875 0.5390625
vt 0.7265625 0.5390625
vt 0.7109375 0.546875
vt 0.703125 0.5390625
vt 0.7109375 0.53125
vt 0.7109375 0.5390625
vt 0.7109375 0.5625
vt 0.703125 0.5546875
vt 0.7109375 0.5546875
vt 0.6953125 0.5625
vt 0.6875 0.5546875
vt 0.6953125 0.546875
vt 0.6953125 0.5546875
vt 0.6875 0.5390625
vt 0.6953125 0.53125
vt 0.6953125 0.5390625
vt 0.7109375 0.515625
vt 0.703125 0.5078125
vt 0.7109375 0.5
vt 0.7109375 0.5078125
vt 0.703125 0.5234375
vt 0.7109375 0.5234375
vt 0.6875 0.5234375
vt 0.6953125 0.515625
vt 0.6953125 0.5234375
vt 0.6875 0.5078125
vt 0.6953125 0.5
vt 0.6953125 0.5078125
vt 0.75 0.5703125
vt 0.7421875 0.578125
vt 0.734375 0.5703125
vt 0.7421875 0.5703125
vt 0.75 0.5859375
vt 0.7421875 0.59375
vt 0.734375 0.5859375
vt 0.7421875 0.5859375
vt 0.7265625 0.59375
vt 0.71875 0.5859375
vt 0.7265625 0.578125
vt 0.7265625 0.5859375
vt 0.71875 0.5703125
vt 0.7265625 0.5703125
vt 0.75 0.6015625
vt 0.7421875 0.609375
vt 0.734375 0.6015625
vt 0.7421875 0.6015625
vt 0.75 0.6171875
vt 0.7421875 0.625
vt 0.734375 0.6171875
vt 0.7421875 0.6171875
vt 0.7265625 0.625
vt 0.71875 0.6171875
vt 0.7265625 0.609375
vt 0.7265625 0.6171875
vt 0.71875 0.6015625
vt 0.7265625 0.6015625
vt 0.7109375 0.609375
vt 0.703125 0.6015625
vt 0.7109375 0.59375
vt 0.7109375 0.6015625
vt 0.7109375 0.625
vt 0.703125 0.6171875
vt 0.7109375 0.6171875
vt 0.6953125 0.625
vt 0.6875 0.6171875
vt 0.6953125 0.609375
vt 0.6953125 0.6171875
vt 0.6875 0.6015625
vt 0.6953125 0.59375
vt 0.6953125 0.6015625
vt 0.7109375 0.578125
vt 0.703125 0.5703125
vt 0.7109375 0.5703125
vt 0.703125 0.5859375
vt 0.7109375 0.5859375
vt 0.6875 0.5859375
vt 0.6953125 0.578125
vt 0.6953125 0.5859375
vt 0.6875 0.5703125
vt 0.6953125 0.5703125
vt 0.6796875 0.578125
vt 0.671875 0.5703125
vt 0.6796875 0.5625
vt 0.6796875 0.5703125
vt 0.6796875 0.59375
vt 0.671875 0.5859375
vt 0.6796875 0.5859375
vt 0.6640625 0.59375
vt 0.65625 0.5859375
vt 0.6640625 0.578125
vt 0.6640625 0.5859375
vt 0.65625 0.5703125
vt 0.6640625 0.5625
vt 0.6640625 0.5703125
vt 0.6796875 0.609375
vt 0.671875 0.6015625
vt 0.6796875 0.6015625
vt 0.6796875 0.625
vt 0.671875 0.6171875
vt 0.6796875 0.6171875
vt 0.6640625 0.625
vt 0.65625 0.6171875
vt 0.6640625 0.609375
vt 0.6640625 0.6171875
vt 0.65625 0.6015625
vt 0.6640625 0.6015625
vt 0.6484375 0.609375
vt 0.640625 0.6015625
vt 0.6484375 0.59375
vt 0.6484375 0.6015625
vt 0.6484375 0.625
vt 0.640625 0.6171875
vt 0.6484375 0.6171875
vt 0.6328125 0.625
vt 0.625 0.6171875
vt 0.6328125 0.609375
vt 0.6328125 0.6171875
vt 0.625 0.6015625
vt 0.6328125 0.59375
vt 0.6328125 0.6015625
vt 0.6484375 0.578125
vt 0.640625 0.5703125
vt 0.6484375 0.5625
vt 0.6484375 0.5703125
vt 0.640625 0.5859375
vt 0.6484375 0.5859375
vt 0.625 0.5859375
vt 0.6328125 0.578125
vt 0.6328125 0.5859375
vt 0.625 0.5703125
vt 0.6328125 0.5625
vt 0.6328125 0.5703125
vt 0.6796875 0.515625
vt 0.671875 0.5078125
vt 0.6796875 0.5
vt 0.6796875 0.5078125
vt 0.6796875 0.53125
vt 0.671875 0.5234375
vt 0.6796875 0.5234375
vt 0.6640625 0.53125
vt 0.65625 0.5234375
vt 0.6640625 0.515625
vt 0.6640625 0.5234375
vt 0.65625 0.5078125
vt 0.6640625 0.5
vt 0.6640625 0.5078125
vt 0.6796875 0.546875
vt 0.671875 0.5390625
vt 0.6796875 0.5390625
vt 0.671875 0.5546875
vt 0.6796875 0.5546875
vt 0.65625 0.5546875
vt 0.6640625 0.546875
vt 0.6640625 0.5546875
vt 0.65625 0.5390625
vt 0.6640625 0.5390625
vt 0.6484375 0.546875
vt 0.640625 0.5390625
vt 0.6484375 0.53125
vt 0.6484375 0.5390625
vt 0.640625 0.5546875
vt 0.6484375 0.5546875
vt 0.625 0.5546875
vt 0.6328125 0.546875
vt 0.6328125 0.5546875
vt 0.625 0.5390625
vt 0.6328125 0.53125
vt 0.6328125 0.5390625
vt 0.6484375 0.515625
vt 0.640625 0.5078125
vt 0.6484375 0.5
vt 0.6484375 0.5078125
vt 0.640625 0.5234375
vt 0.6484375 0.5234375
vt 0.625 0.5234375
vt 0.6328125 0.515625
vt 0.6328125 0.5234375
vt 0.625 0.5078125
vt 0.6328125 0.5
vt 0.6328125 0.5078125
vt 0.75 0.6328125
vt 0.7421875 0.640625
vt 0.734375 0.6328125
vt 0.7421875 0.6328125
vt 0.75 0.6484375
vt 0.7421875 0.65625
vt 0.734375 0.6484375
vt 0.7421875 0.6484375
vt 0.7265625 0.65625
vt 0.71875 0.6484375
vt 0.7265625 0.640625
vt 0.7265625 0.6484375
vt 0.71875 0.6328125
vt 0.7265625 0.6328125
vt 0.75 0.6640625
vt 0.7421875 0.671875
vt 0.734375 0.6640625
vt 0.7421875 0.6640625
vt 0.75 0.6796875
vt 0.7421875 0.6875
vt 0.734375 0.6796875
vt 0.7421875 0.6796875
vt 0.7265625 0.6875
vt 0.71875 0.6796875
vt 0.7265625 0.671875
vt 0.7265625 0.6796875
vt 0.71875 0.6640625
vt 0.7265625 0.6640625
vt 0.7109375 0.671875
vt 0.703125 0.6640625
vt 0.7109375 0.65625
vt 0.7109375 0.6640625
vt 0.7109375 0.6875
vt 0.703125 0.6796875
vt 0.7109375 0.6796875
vt 0.6953125 0.6875
vt 0.6875 0.6796875
vt 0.6953125 0.671875
vt 0.6953125 0.6796875
vt 0.6875 0.6640625
vt 0.6953125 0.65625
vt 0.6953125 0.6640625
vt 0.7109375 0.640625
vt 0.703125 0.6328125
vt 0.7109375 0.6328125
vt 0.703125 0.6484375
vt 0.7109375 0.6484375
vt 0.6875 0.6484375
vt 0.6953125 0.640625
vt 0.6953125 0.6484375
vt 0.6875 0.6328125
vt 0.6953125 0.6328125
vt 0.75 0.6953125
vt 0.7421875 0.703125
vt 0.734375 0.6953125
vt 0.7421875 0.6953125
vt 0.75 0.7109375
vt 0.7421875 0.71875
vt 0.734375 0.7109375
vt 0.7421875 0.7109375
vt 0.7265625 0.71875
vt 0.71875 0.7109375
vt 0.7265625 0.703125
vt 0.7265625 0.7109375
vt 0.71875 0.6953125
vt 0.7265625 0.6953125
vt 0.75 0.7265625
vt 0.7421875 0.734375
vt 0.734375 0.7265625
vt 0.7421875 0.7265625
vt 0.75 0.7421875
vt 0.7421875 0.75
vt 0.734375 0.7421875
vt 0.7421875 0.7421875
vt 0.7265625 0.75
vt 0.71875 0.7421875
vt 0.7265625 0.734375
vt 0.7265625 0.7421875
vt 0.71875 0.7265625
vt 0.7265625 0.7265625
vt 0.7109375 0.734375
vt 0.703125 0.7265625
vt 0.7109375 0.71875
vt 0.7109375 0.7265625
vt 0.7109375 0.75
vt 0.703125 0.7421875
vt 0.7109375 0.7421875
vt 0.6953125 0.75
vt 0.6875 0.7421875
vt 0.6953125 0.734375
vt 0.6953125 0.7421875
vt 0.6875 0.7265625
vt 0.6953125 0.71875
vt 0.6953125 0.7265625
vt 0.7109375 0.703125
vt 0.703125 0.6953125
vt 0.7109375 0.6953125
vt 0.703125 0.7109375
vt 0.7109375 0.7109375
vt 0.6875 0.7109375
vt 0.6953125 0.703125
vt 0.6953125 0.7109375
vt 0.6875 0.6953125
vt 0.6953125 0.6953125
vt 0.6796875 0.703125
vt 0.671875 0.6953125
vt 0.6796875 0.6875
vt 0.6796875 0.6953125
vt 0.6796875 0.71875
vt 0.671875 0.7109375
vt 0.6796875 0.7109375
vt 0.6640625 0.71875
vt 0.65625 0.7109375
vt 0.6640625 0.703125
vt 0.6640625 0.7109375
vt 0.65625 0.6953125
vt 0.6640625 0.6875
vt 0.6640625 0.6953125
vt 0.6796875 0.734375
vt 0.671875 0.7265625
vt 0.6796875 0.7265625
vt 0.6796875 0.75
vt 0.671875 0.7421875
vt 0.6796875 0.7421875
vt 0.6640625 0.75
vt 0.65625 0.7421875
vt 0.6640625 0.734375
vt 0.6640625 0.7421875
vt 0.65625 0.7265625
vt 0.6640625 0.7265625
vt 0.6484375 0.734375
vt 0.640625 0.7265625
vt 0.6484375 0.71875
vt 0.6484375 0.7265625
vt 0.6484375 0.75
vt 0.640625 0.7421875
vt 0.6484375 0.7421875
vt 0.6328125 0.75
vt 0.625 0.7421875
vt 0.6328125 0.734375
vt 0.6328125 0.7421875
vt 0.625 0.7265625
vt 0.6328125 0.71875
vt 0.6328125 0.7265625
vt 0.6484375 0.703125
vt 0.640625 0.6953125
vt 0.6484375 0.6875
vt 0.6484375 0.6953125
vt 0.640625 0.7109375
vt 0.6484375 0.7109375
vt 0.625 0.7109375
vt 0.6328125 0.703125
vt 0.6328125 0.7109375
vt 0.625 0.6953125
vt 0.6328125 0.6875
vt 0.6328125 0.6953125
vt 0.6796875 0.640625
vt 0.671875 0.6328125
vt 0.6796875 0.6328125
vt 0.6796875 0.65625
vt 0.671875 0.6484375
vt 0.6796875 0.6484375
vt 0.6640625 0.65625
vt 0.65625 0.6484375
vt 0.6640625 0.640625
vt 0.6640625 0.6484375
vt 0.65625 0.6328125
vt 0.6640625 0.6328125
vt 0.6796875 0.671875
vt 0.671875 0.6640625
vt 0.6796875 0.6640625
vt 0.671875 0.6796875
vt 0.6796875 0.6796875
vt 0.65625 0.6796875
vt 0.6640625 0.671875
vt 0.6640625 0.6796875
vt 0.65625 0.6640625
vt 0.6640625 0.6640625
vt 0.6484375 0.671875
vt 0.640625 0.6640625
vt 0.6484375 0.65625
vt 0.6484375 0.6640625
vt 0.640625 0.6796875
vt 0.6484375 0.6796875
vt 0.625 0.6796875
vt 0.6328125 0.671875
vt 0.6328125 0.6796875
vt 0.625 0.6640625
vt 0.6328125 0.65625
vt 0.6328125 0.6640625
vt 0.6484375 0.640625
vt 0.640625 0.6328125
vt 0.6484375 0.6328125
vt 0.640625 0.6484375
vt 0.6484375 0.6484375
vt 0.625 0.6484375
vt 0.6328125 0.640625
vt 0.6328125 0.6484375
vt 0.625 0.6328125
vt 0.6328125 0.6328125
vt 0.6171875 0.640625
vt 0.609375 0.6328125
vt 0.6171875 0.625
vt 0.6171875 0.6328125
vt 0.6171875 0.65625
vt 0.609375 0.6484375
vt 0.6171875 0.6484375
vt 0.6015625 0.65625
vt 0.59375 0.6484375
vt 0.6015625 0.640625
vt 0.6015625 0.6484375
vt 0.59375 0.6328125
vt 0.6015625 0.625
vt 0.6015625 0.6328125
vt 0.6171875 0.671875
vt 0.609375 0.6640625
vt 0.6171875 0.6640625
vt 0.6171875 0.6875
vt 0.609375 0.6796875
vt 0.6171875 0.6796875
vt 0.6015625 0.6875
vt 0.59375 0.6796875
vt 0.6015625 0.671875
vt 0.6015625 0.6796875
vt 0.59375 0.6640625
vt 0.6015625 0.6640625
vt 0.5859375 0.671875
vt 0.578125 0.6640625
vt 0.5859375 0.65625
vt 0.5859375 0.6640625
vt 0.5859375 0.6875
vt 0.578125 0.6796875
vt 0.5859375 0.6796875
vt 0.5703125 0.6875
vt 0.5625 0.6796875
vt 0.5703125 0.671875
vt 0.5703125 0.6796875
vt 0.5625 0.6640625
vt 0.5703125 0.65625
vt 0.5703125 0.6640625
vt 0.5859375 0.640625
vt 0.578125 0.6328125
vt 0.5859375 0.625
vt 0.5859375 0.6328125
vt 0.578125 0.6484375
vt 0.5859375 0.6484375
vt 0.5625 0.6484375
vt 0.5703125 0.640625
vt 0.5703125 0.6484375
vt 0.5625 0.6328125
vt 0.5703125 0.625
vt 0.5703125 0.6328125
vt 0.6171875 0.703125
vt 0.609375 0.6953125
vt 0.6171875 0.6953125
vt 0.6171875 0.71875
vt 0.609375 0.7109375
vt 0.6171875 0.7109375
vt 0.6015625 0.71875
vt 0.59375 0.7109375
vt 0.6015625 0.703125
vt 0.6015625 0.7109375
vt 0.59375 0.6953125
vt 0.6015625 0.6953125
vt 0.6171875 0.734375
vt 0.609375 0.7265625
vt 0.6171875 0.7265625
vt 0.6171875 0.75
vt 0.609375 0.7421875
vt 0.6171875 0.7421875
vt 0.6015625 0.75
vt 0.59375 0.7421875
vt 0.6015625 0.734375
vt 0.6015625 0.7421875
vt 0.59375 0.7265625
vt 0.6015625 0.7265625
vt 0.5859375 0.734375
vt 0.578125 0.7265625
vt 0.5859375 0.71875
vt 0.5859375 0.7265625
vt 0.5859375 0.75
vt 0.578125 0.7421875
vt 0.5859375 0.7421875
vt 0.5703125 0.75
vt 0.5625 0.7421875
vt 0.5703125 0.734375
vt 0.5703125 0.7421875
vt 0.5625 0.7265625
vt 0.5703125 0.71875
vt 0.5703125 0.7265625
vt 0.5859375 0.703125
vt 0.578125 0.6953125
vt 0.5859375 0.6953125
vt 0.578125 0.7109375
vt 0.5859375 0.7109375
vt 0.5625 0.7109375
vt 0.5703125 0.703125
vt 0.5703125 0.7109375
vt 0.5625 0.6953125
vt 0.5703125 0.6953125
vt 0.5546875 0.703125
vt 0.546875 0.6953125
vt 0.5546875 0.6875
vt 0.5546875 0.6953125
vt 0.5546875 0.71875
vt 0.546875 0.7109375
vt 0.5546875 0.7109375
vt 0.5390625 0.71875
vt 0.53125 0.7109375
vt 0.5390625 0.703125
vt 0.5390625 0.7109375
vt 0.53125 0.6953125
vt 0.5390625 0.6875
vt 0.5390625 0.6953125
vt 0.5546875 0.734375
vt 0.546875 0.7265625
vt 0.5546875 0.7265625
vt 0.5546875 0.75
vt 0.546875 0.7421875
vt 0.5546875 0.7421875
vt 0.5390625 0.75
vt 0.53125 0.7421875
vt 0.5390625 0.734375
vt 0.5390625 0.7421875
vt 0.53125 0.7265625
vt 0.5390625 0.7265625
vt 0.5234375 0.734375
vt 0.515625 0.7265625
vt 0.5234375 0.71875
vt 0.5234375 0.7265625
vt 0.5234375 0.75
vt 0.515625 0.7421875
vt 0.5234375 0.7421875
vt 0.5078125 0.75
vt 0.5 0.7421875
vt 0.5078125 0.734375
vt 0.5078125 0.7421875
vt 0.5 0.7265625
vt 0.5078125 0.71875
vt 0.5078125 0.7265625
vt 0.5234375 0.703125
vt 0.515625 0.6953125
vt 0.5234375 0.6875
vt 0.5234375 0.6953125
vt 0.515625 0.7109375
vt 0.5234375 0.7109375
vt 0.5 0.7109375
vt 0.5078125 0.703125
vt 0.5078125 0.7109375
vt 0.5 0.6953125
vt 0.5078125 0.6875
vt 0.5078125 0.6953125
vt 0.5546875 0.640625
vt 0.546875 0.6328125
vt 0.5546875 0.625
vt 0.5546875 0.6328125
vt 0.5546875 0.65625
vt 0.546875 0.6484375
vt 0.5546875 0.6484375
vt 0.5390625 0.65625
vt 0.53125 0.6484375
vt 0.5390625 0.640625
vt 0.5390625 0.6484375
vt 0.53125 0.6328125
vt 0.5390625 0.625
vt 0.5390625 0.6328125
vt 0.5546875 0.671875
vt 0.546875 0.6640625
vt 0.5546875 0.6640625
vt 0.546875 0.6796875
vt 0.5546875 0.6796875
vt 0.53125 0.6796875
vt 0.5390625 0.671875
vt 0.5390625 0.6796875
vt 0.53125 0.6640625
vt 0.5390625 0.6640625
vt 0.5234375 0.671875
vt 0.515625 0.6640625
vt 0.5234375 0.65625
vt 0.5234375 0.6640625
vt 0.515625 0.6796875
vt 0.5234375 0.6796875
vt 0.5 0.6796875
vt 0.5078125 0.671875
vt 0.5078125 0.6796875
vt 0.5 0.6640625
vt 0.5078125 0.65625
vt 0.5078125 0.6640625
vt 0.5234375 0.640625
vt 0.515625 0.6328125
vt 0.5234375 0.625
vt 0.5234375 0.6328125
vt 0.515625 0.6484375
vt 0.5234375 0.6484375
vt 0.5 0.6484375
vt 0.5078125 0.640625
vt 0.5078125 0.6484375
vt 0.5 0.6328125
vt 0.5078125 0.625
vt 0.5078125 0.6328125
vt 0.6171875 0.515625
vt 0.609375 0.5078125
vt 0.6171875 0.5
vt 0.6171875 0.5078125
vt 0.6171875 0.53125
vt 0.609375 0.5234375
vt 0.6171875 0.5234375
vt 0.6015625 0.53125
vt 0.59375 0.5234375
vt 0.6015625 0.515625
vt 0.6015625 0.5234375
vt 0.59375 0.5078125
vt 0.6015625 0.5
vt 0.6015625 0.5078125
vt 0.6171875 0.546875
vt 0.609375 0.5390625
vt 0.6171875 0.5390625
vt 0.6171875 0.5625
vt 0.609375 0.5546875
vt 0.6171875 0.5546875
vt 0.6015625 0.5625
vt 0.59375 0.5546875
vt 0.6015625 0.546875
vt 0.6015625 0.5546875
vt 0.59375 0.5390625
vt 0.6015625 0.5390625
vt 0.5859375 0.546875
vt 0.578125 0.5390625
vt 0.5859375 0.53125
vt 0.5859375 0.5390625
vt 0.5859375 0.5625
vt 0.578125 0.5546875
vt 0.5859375 0.5546875
vt 0.5703125 0.5625
vt 0.5625 0.5546875
vt 0.5703125 0.546875
vt 0.5703125 0.5546875
vt 0.5625 0.5390625
vt 0.5703125 0.53125
vt 0.5703125 0.5390625
vt 0.5859375 0.515625
vt 0.578125 0.5078125
vt 0.5859375 0.5
vt 0.5859375 0.5078125
vt 0.578125 0.5234375
vt 0.5859375 0.5234375
vt 0.5625 0.5234375
vt 0.5703125 0.515625
vt 0.5703125 0.5234375
vt 0.5625 0.5078125
vt 0.5703125 0.5
vt 0.5703125 0.5078125
vt 0.6171875 0.578125
vt 0.609375 0.5703125
vt 0.6171875 0.5703125
vt 0.6171875 0.59375
vt 0.609375 0.5859375
vt 0.6171875 0.5859375
vt 0.6015625 0.59375
vt 0.59375 0.5859375
vt 0.6015625 0.578125
vt 0.6015625 0.5859375
vt 0.59375 0.5703125
vt 0.6015625 0.5703125
vt 0.6171875 0.609375
vt 0.609375 0.6015625
vt 0.6171875 0.6015625
vt 0.609375 0.6171875
vt 0.6171875 0.6171875
vt 0.59375 0.6171875
vt 0.6015625 0.609375
vt 0.6015625 0.6171875
vt 0.59375 0.6015625
vt 0.6015625 0.6015625
vt 0.5859375 0.609375
vt 0.578125 0.6015625
vt 0.5859375 0.59375
vt 0.5859375 0.6015625
vt 0.578125 0.6171875
vt 0.5859375 0.6171875
vt 0.5625 0.6171875
vt 0.5703125 0.609375
vt 0.5703125 0.6171875
vt 0.5625 0.6015625
vt 0.5703125 0.59375
vt 0.5703125 0.6015625
vt 0.5859375 0.578125
vt 0.578125 0.5703125
vt 0.5859375 0.5703125
vt 0.578125 0.5859375
vt 0.5859375 0.5859375
vt 0.5625 0.5859375
vt 0.5703125 0.578125
vt 0.5703125 0.5859375
vt 0.5625 0.5703125
vt 0.5703125 0.5703125
vt 0.5546875 0.578125
vt 0.546875 0.5703125
vt 0.5546875 0.5625
vt 0.5546875 0.5703125
vt 0.5546875 0.59375
vt 0.546875 0.5859375
vt 0.5546875 0.5859375
vt 0.5390625 0.59375
vt 0.53125 0.5859375
vt 0.5390625 0.578125
vt 0.5390625 0.5859375
vt 0.53125 0.5703125
vt 0.5390625 0.5625
vt 0.5390625 0.5703125
vt 0.5546875 0.609375
vt 0.546875 0.6015625
vt 0.5546875 0.6015625
vt 0.546875 0.6171875
vt 0.5546875 0.6171875
vt 0.53125 0.6171875
vt 0.5390625 0.609375
vt 0.5390625 0.6171875
vt 0.53125 0.6015625
vt 0.5390625 0.6015625
vt 0.5234375 0.609375
vt 0.515625 0.6015625
vt 0.5234375 0.59375
vt 0.5234375 0.6015625
vt 0.515625 0.6171875
vt 0.5234375 0.6171875
vt 0.5 0.6171875
vt 0.5078125 0.609375
vt 0.5078125 0.6171875
vt 0.5 0.6015625
vt 0.5078125 0.59375
vt 0.5078125 0.6015625
vt 0.5234375 0.578125
vt 0.515625 0.5703125
vt 0.5234375 0.5625
vt 0.5234375 0.5703125
vt 0.515625 0.5859375
vt 0.5234375 0.5859375
vt 0.5 0.5859375
vt 0.5078125 0.578125
vt 0.5078125 0.5859375
vt 0.5 0.5703125
vt 0.5078125 0.5625
vt 0.5078125 0.5703125
vt 0.5546875 0.515625
vt 0.546875 0.5078125
vt 0.5546875 0.5
vt 0.5546875 0.5078125
vt 0.5546875 0.53125
vt 0.546875 0.5234375
vt 0.5546875 0.5234375
vt 0.5390625 0.53125
vt 0.53125 0.5234375
vt 0.5390625 0.515625
vt 0.5390625 0.5234375
vt 0.53125 0.5078125
vt 0.5390625 0.5
vt 0.5390625 0.5078125
vt 0.5546875 0.546875
vt 0.546875 0.5390625
vt 0.5546875 0.5390625
vt 0.546875 0.5546875
vt 0.5546875 0.5546875
vt 0.53125 0.5546875
vt 0.5390625 0.546875
vt 0.5390625 0.5546875
vt 0.53125 0.5390625
vt 0.5390625 0.5390625
vt 0.5234375 0.546875
vt 0.515625 0.5390625
vt 0.5234375 0.53125
vt 0.5234375 0.5390625
vt 0.515625 0.5546875
vt 0.5234375 0.5546875
vt 0.5 0.5546875
vt 0.5078125 0.546875
vt 0.5078125 0.5546875
vt 0.5 0.5390625
vt 0.5078125 0.53125
vt 0.5078125 0.5390625
vt 0.5234375 0.515625
vt 0.515625 0.5078125
vt 0.5234375 0.5
vt 0.5234375 0.5078125
vt 0.515625 0.5234375
vt 0.5234375 0.5234375
vt 0.5 0.5234375
vt 0.5078125 0.515625
vt 0.5078125 0.5234375
vt 0.5 0.5078125
vt 0.5078125 0.5
vt 0.5078125 0.5078125
vt 0.4921875 0.015625
vt 0.484375 0.0078125
vt 0.4921875 0
vt 0.4921875 0.0078125
vt 0.4921875 0.03125
vt 0.484375 0.0234375
vt 0.4921875 0.0234375
vt 0.4765625 0.03125
vt 0.46875 0.0234375
vt 0.4765625 0.015625
vt 0.4765625 0.0234375
vt 0.46875 0.0078125
vt 0.4765625 0
vt 0.4765625 0.0078125
vt 0.4921875 0.046875
vt 0.484375 0.0390625
vt 0.4921875 0.0390625
vt 0.4921875 0.0625
vt 0.484375 0.0546875
vt 0.4921875 0.0546875
vt 0.4765625 0.0625
vt 0.46875 0.0546875
vt 0.4765625 0.046875
vt 0.4765625 0.0546875
vt 0.46875 0.0390625
vt 0.4765625 0.0390625
vt 0.4609375 0.046875
vt 0.453125 0.0390625
vt 0.4609375 0.03125
vt 0.4609375 0.0390625
vt 0.4609375 0.0625
vt 0.453125 0.0546875
vt 0.4609375 0.0546875
vt 0.4453125 0.0625
vt 0.4375 0.0546875
vt 0.4453125 0.046875
vt 0.4453125 0.0546875
vt 0.4375 0.0390625
vt 0.4453125 0.03125
vt 0.4453125 0.0390625
vt 0.4609375 0.015625
vt 0.453125 0.0078125
vt 0.4609375 0
vt 0.4609375 0.0078125
vt 0.453125 0.0234375
vt 0.4609375 0.0234375
vt 0.4375 0.0234375
vt 0.4453125 0.015625
vt 0.4453125 0.0234375
vt 0.4375 0.0078125
vt 0.4453125 0
vt 0.4453125 0.0078125
vt 0.4921875 0.078125
vt 0.484375 0.0703125
vt 0.4921875 0.0703125
vt 0.4921875 0.09375
vt 0.484375 0.0859375
vt 0.4921875 0.0859375
vt 0.4765625 0.09375
vt 0.46875 0.0859375
vt 0.4765625 0.078125
vt 0.4765625 0.0859375
vt 0.46875 0.0703125
vt 0.4765625 0.0703125
vt 0.4921875 0.109375
vt 0.484375 0.1015625
vt 0.4921875 0.1015625
vt 0.4921875 0.125
vt 0.484375 0.1171875
vt 0.4921875 0.1171875
vt 0.4765625 0.125
vt 0.46875 0.1171875
vt 0.4765625 0.109375
vt 0.4765625 0.1171875
vt 0.46875 0.1015625
vt 0.4765625 0.1015625
vt 0.4609375 0.109375
vt 0.453125 0.1015625
vt 0.4609375 0.09375
vt 0.4609375 0.1015625
vt 0.4609375 0.125
vt 0.453125 0.1171875
vt 0.4609375 0.1171875
vt 0.4453125 0.125
vt 0.4375 0.1171875
vt 0.4453125 0.109375
vt 0.4453125 0.1171875
vt 0.4375 0.1015625
vt 0.4453125 0.09375
vt 0.4453125 0.1015625
vt 0.4609375 0.078125
vt 0.453125 0.0703125
vt 0.4609375 0.0703125
vt 0.453125 0.0859375
vt 0.4609375 0.0859375
vt 0.4375 0.0859375
vt 0.4453125 0.078125
vt 0.4453125 0.0859375
vt 0.4375 0.0703125
vt 0.4453125 0.0703125
vt 0.4296875 0.078125
vt 0.421875 0.0703125
vt 0.4296875 0.0625
vt 0.4296875 0.0703125
vt 0.4296875 0.09375
vt 0.421875 0.0859375
vt 0.4296875 0.0859375
vt 0.4140625 0.09375
vt 0.40625 0.0859375
vt 0.4140625 0.078125
vt 0.4140625 0.0859375
vt 0.40625 0.0703125
vt 0.4140625 0.0625
vt 0.4140625 0.0703125
vt 0.4296875 0.109375
vt 0.421875 0.1015625
vt 0.4296875 0.1015625
vt 0.4296875 0.125
vt 0.421875 0.1171875
vt 0.4296875 0.1171875
vt 0.4140625 0.125
vt 0.40625 0.1171875
vt 0.4140625 0.109375
vt 0.4140625 0.1171875
vt 0.40625 0.1015625
vt 0.4140625 0.1015625
vt 0.3984375 0.109375
vt 0.390625 0.1015625
vt 0.3984375 0.09375
vt 0.3984375 0.1015625
vt 0.3984375 0.125
vt 0.390625 0.1171875
vt 0.3984375 0.1171875
vt 0.3828125 0.125
vt 0.375 0.1171875
vt 0.3828125 0.109375
vt 0.3828125 0.1171875
vt 0.375 0.1015625
vt 0.3828125 0.09375
vt 0.3828125 0.1015625
vt 0.3984375 0.078125
vt 0.390625 0.0703125
vt 0.3984375 0.0625
vt 0.3984375 0.0703125
vt 0.390625 0.0859375
vt 0.3984375 0.0859375
vt 0.375 0.0859375
vt 0.3828125 0.078125
vt 0.3828125 0.0859375
vt 0.375 0.0703125
vt 0.3828125 0.0625
vt 0.3828125 0.0703125
vt 0.4296875 0.015625
vt 0.421875 0.0078125
vt 0.4296875 0
vt 0.4296875 0.0078125
vt 0.4296875 0.03125
vt 0.421875 0.0234375
vt 0.4296875 0.0234375
vt 0.4140625 0.03125
vt 0.40625 0.0234375
vt 0.4140625 0.015625
vt 0.4140625 0.0234375
vt 0.40625 0.0078125
vt 0.4140625 0
vt 0.4140625 0.0078125
vt 0.4296875 0.046875
vt 0.421875 0.0390625
vt 0.4296875 0.0390625
vt 0.421875 0.0546875
vt 0.4296875 0.0546875
vt 0.40625 0.0546875
vt 0.4140625 0.046875
vt 0.4140625 0.0546875
vt 0.40625 0.0390625
vt 0.4140625 0.0390625
vt 0.3984375 0.046875
vt 0.390625 0.0390625
vt 0.3984375 0.03125
vt 0.3984375 0.0390625
vt 0.390625 0.0546875
vt 0.3984375 0.0546875
vt 0.375 0.0546875
vt 0.3828125 0.046875
vt 0.3828125 0.0546875
vt 0.375 0.0390625
vt 0.3828125 0.03125
vt 0.3828125 0.0390625
vt 0.3984375 0.015625
vt 0.390625 0.0078125
vt 0.3984375 0
vt 0.3984375 0.0078125
vt 0.390625 0.0234375
vt 0.3984375 0.0234375
vt 0.375 0.0234375
vt 0.3828125 0.015625
vt 0.3828125 0.0234375
vt 0.375 0.0078125
vt 0.3828125 0
vt 0.3828125 0.0078125
vt 0.4921875 0.140625
vt 0.484375 0.1328125
vt 0.4921875 0.1328125
vt 0.4921875 0.15625
vt 0.484375 0.1484375
vt 0.4921875 0.1484375
vt 0.4765625 0.15625
vt 0.46875 0.1484375
vt 0.4765625 0.140625
vt 0.4765625 0.1484375
vt 0.46875 0.1328125
vt 0.4765625 0.1328125
vt 0.4921875 0.171875
vt 0.484375 0.1640625
vt 0.4921875 0.1640625
vt 0.4921875 0.1875
vt 0.484375 0.1796875
vt 0.4921875 0.1796875
vt 0.4765625 0.1875
vt 0.46875 0.1796875
vt 0.4765625 0.171875
vt 0.4765625 0.1796875
vt 0.46875 0.1640625
vt 0.4765625 0.1640625
vt 0.4609375 0.171875
vt 0.453125 0.1640625
vt 0.4609375 0.15625
vt 0.4609375 0.1640625
vt 0.4609375 0.1875
vt 0.453125 0.1796875
vt 0.4609375 0.1796875
vt 0.4453125 0.1875
vt 0.4375 0.1796875
vt 0.4453125 0.171875
vt 0.4453125 0.1796875
vt 0.4375 0.1640625
vt 0.4453125 0.15625
vt 0.4453125 0.1640625
vt 0.4609375 0.140625
vt 0.453125 0.1328125
vt 0.4609375 0.1328125
vt 0.453125 0.1484375
vt 0.4609375 0.1484375
vt 0.4375 0.1484375
vt 0.4453125 0.140625
vt 0.4453125 0.1484375
vt 0.4375 0.1328125
vt 0.4453125 0.1328125
vt 0.4921875 0.203125
vt 0.484375 0.1953125
vt 0.4921875 0.1953125
vt 0.4921875 0.21875
vt 0.484375 0.2109375
vt 0.4921875 0.2109375
vt 0.4765625 0.21875
vt 0.46875 0.2109375
vt 0.4765625 0.203125
vt 0.4765625 0.2109375
vt 0.46875 0.1953125
vt 0.4765625 0.1953125
vt 0.4921875 0.234375
vt 0.484375 0.2265625
vt 0.4921875 0.2265625
vt 0.4921875 0.25
vt 0.484375 0.2421875
vt 0.4921875 0.2421875
vt 0.4765625 0.25
vt 0.46875 0.2421875
vt 0.4765625 0.234375
vt 0.4765625 0.2421875
vt 0.46875 0.2265625
vt 0.4765625 0.2265625
vt 0.4609375 0.234375
vt 0.453125 0.2265625
vt 0.4609375 0.21875
vt 0.4609375 0.2265625
vt 0.4609375 0.25
vt 0.453125 0.2421875
vt 0.4609375 0.2421875
vt 0.4453125 0.25
vt 0.4375 0.2421875
vt 0.4453125 0.234375
vt 0.4453125 0.2421875
vt 0.4375 0.2265625
vt 0.4453125 0.21875
vt 0.4453125 0.2265625
vt 0.4609375 0.203125
vt 0.453125 0.1953125
vt 0.4609375 0.1953125
vt 0.453125 0.2109375
vt 0.4609375 0.2109375
vt 0.4375 0.2109375
vt 0.4453125 0.203125
vt 0.4453125 0.2109375
vt 0.4375 0.1953125
vt 0.4453125 0.1953125
vt 0.4296875 0.203125
vt 0.421875 0.1953125
vt 0.4296875 0.1875
vt 0.4296875 0.1953125
vt 0.4296875 0.21875
vt 0.421875 0.2109375
vt 0.4296875 0.2109375
vt 0.4140625 0.21875
vt 0.40625 0.2109375
vt 0.4140625 0.203125
vt 0.4140625 0.2109375
vt 0.40625 0.1953125
vt 0.4140625 0.1875
vt 0.4140625 0.1953125
vt 0.4296875 0.234375
vt 0.421875 0.2265625
vt 0.4296875 0.2265625
vt 0.4296875 0.25
vt 0.421875 0.2421875
vt 0.4296875 0.2421875
vt 0.4140625 0.25
vt 0.40625 0.2421875
vt 0.4140625 0.234375
vt 0.4140625 0.2421875
vt 0.40625 0.2265625
vt 0.4140625 0.2265625
vt 0.3984375 0.234375
vt 0.390625 0.2265625
vt 0.3984375 0.21875
vt 0.3984375 0.2265625
vt 0.3984375 0.25
vt 0.390625 0.2421875
vt 0.3984375 0.2421875
vt 0.3828125 0.25
vt 0.375 0.2421875
vt 0.3828125 0.234375
vt 0.3828125 0.2421875
vt 0.375 0.2265625
vt 0.3828125 0.21875
vt 0.3828125 0.2265625
vt 0.3984375 0.203125
vt 0.390625 0.1953125
vt 0.3984375 0.1875
vt 0.3984375 0.1953125
vt 0.390625 0.2109375
vt 0.3984375 0.2109375
vt 0.375 0.2109375
vt 0.3828125 0.203125
vt 0.3828125 0.2109375
vt 0.375 0.1953125
vt 0.3828125 0.1875
vt 0.3828125 0.1953125
vt 0.4296875 0.140625
vt 0.421875 0.1328125
vt 0.4296875 0.1328125
vt 0.4296875 0.15625
vt 0.421875 0.1484375
vt 0.4296875 0.1484375
vt 0.4140625 0.15625
vt 0.40625 0.1484375
vt 0.4140625 0.140625
vt 0.4140625 0.1484375
vt 0.40625 0.1328125
vt 0.4140625 0.1328125
vt 0.4296875 0.171875
vt 0.421875 0.1640625
vt 0.4296875 0.1640625
vt 0.421875 0.1796875
vt 0.4296875 0.1796875
vt 0.40625 0.1796875
vt 0.4140625 0.171875
vt 0.4140625 0.1796875
vt 0.40625 0.1640625
vt 0.4140625 0.1640625
vt 0.3984375 0.171875
vt 0.390625 0.1640625
vt 0.3984375 0.15625
vt 0.3984375 0.1640625
vt 0.390625 0.1796875
vt 0.3984375 0.1796875
vt 0.375 0.1796875
vt 0.3828125 0.171875
vt 0.3828125 0.1796875
vt 0.375 0.1640625
vt 0.3828125 0.15625
vt 0.3828125 0.1640625
vt 0.3984375 0.140625
vt 0.390625 0.1328125
vt 0.3984375 0.1328125
vt 0.390625 0.1484375
vt 0.3984375 0.1484375
vt 0.375 0.1484375
vt 0.3828125 0.140625
vt 0.3828125 0.1484375
vt 0.375 0.1328125
vt 0.3828125 0.1328125
vt 0.3671875 0.140625
vt 0.359375 0.1328125
vt 0.3671875 0.125
vt 0.3671875 0.1328125
vt 0.3671875 0.15625
vt 0.359375 0.1484375
vt 0.3671875 0.1484375
vt 0.3515625 0.15625
vt 0.34375 0.1484375
vt 0.3515625 0.140625
vt 0.3515625 0.1484375
vt 0.34375 0.1328125
vt 0.3515625 0.125
vt 0.3515625 0.1328125
vt 0.3671875 0.171875
vt 0.359375 0.1640625
vt 0.3671875 0.1640625
vt 0.3671875 0.1875
vt 0.359375 0.1796875
vt 0.3671875 0.1796875
vt 0.3515625 0.1875
vt 0.34375 0.1796875
vt 0.3515625 0.171875
vt 0.3515625 0.1796875
vt 0.34375 0.1640625
vt 0.3515625 0.1640625
vt 0.3359375 0.171875
vt 0.328125 0.1640625
vt 0.3359375 0.15625
vt 0.3359375 0.1640625
vt 0.3359375 0.1875
vt 0.328125 0.1796875
vt 0.3359375 0.1796875
vt 0.3203125 0.1875
vt 0.3125 0.1796875
vt 0.3203125 0.171875
vt 0.3203125 0.1796875
vt 0.3125 0.1640625
vt 0.3203125 0.15625
vt 0.3203125 0.1640625
vt 0.3359375 0.140625
vt 0.328125 0.1328125
vt 0.3359375 0.125
vt 0.3359375 0.1328125
vt 0.328125 0.1484375
vt 0.3359375 0.1484375
vt 0.3125 0.1484375
vt 0.3203125 0.140625
vt 0.3203125 0.1484375
vt 0.3125 0.1328125
vt 0.3203125 0.125
vt 0.3203125 0.1328125
vt 0.3671875 0.203125
vt 0.359375 0.1953125
vt 0.3671875 0.1953125
vt 0.3671875 0.21875
vt 0.359375 0.2109375
vt 0.3671875 0.2109375
vt 0.3515625 0.21875
vt 0.34375 0.2109375
vt 0.3515625 0.203125
vt 0.3515625 0.2109375
vt 0.34375 0.1953125
vt 0.3515625 0.1953125
vt 0.3671875 0.234375
vt 0.359375 0.2265625
vt 0.3671875 0.2265625
vt 0.3671875 0.25
vt 0.359375 0.2421875
vt 0.3671875 0.2421875
vt 0.3515625 0.25
vt 0.34375 0.2421875
vt 0.3515625 0.234375
vt 0.3515625 0.2421875
vt 0.34375 0.2265625
vt 0.3515625 0.2265625
vt 0.3359375 0.234375
vt 0.328125 0.2265625
vt 0.3359375 0.21875
vt 0.3359375 0.2265625
vt 0.3359375 0.25
vt 0.328125 0.2421875
vt 0.3359375 0.2421875
vt 0.3203125 0.25
vt 0.3125 0.2421875
vt 0.3203125 0.234375
vt 0.3203125 0.2421875
vt 0.3125 0.2265625
vt 0.3203125 0.21875
vt 0.3203125 0.2265625
vt 0.3359375 0.203125
vt 0.328125 0.1953125
vt 0.3359375 0.1953125
vt 0.328125 0.2109375
vt 0.3359375 0.2109375
vt 0.3125 0.2109375
vt 0.3203125 0.203125
vt 0.3203125 0.2109375
vt 0.3125 0.1953125
vt 0.3203125 0.1953125
vt 0.3046875 0.203125
vt 0.296875 0.1953125
vt 0.3046875 0.1875
vt 0.3046875 0.1953125
vt 0.3046875 0.21875
vt 0.296875 0.2109375
vt 0.3046875 0.2109375
vt 0.2890625 0.21875
vt 0.28125 0.2109375
vt 0.2890625 0.203125
vt 0.2890625 0.2109375
vt 0.28125 0.1953125
vt 0.2890625 0.1875
vt 0.2890625 0.1953125
vt 0.3046875 0.234375
vt 0.296875 0.2265625
vt 0.3046875 0.2265625
vt 0.3046875 0.25
vt 0.296875 0.2421875
vt 0.3046875 0.2421875
vt 0.2890625 0.25
vt 0.28125 0.2421875
vt 0.2890625 0.234375
vt 0.2890625 0.2421875
vt 0.28125 0.2265625
vt 0.2890625 0.2265625
vt 0.2734375 0.234375
vt 0.265625 0.2265625
vt 0.2734375 0.21875
vt 0.2734375 0.2265625
vt 0.2734375 0.25
vt 0.265625 0.2421875
vt 0.2734375 0.2421875
vt 0.2578125 0.25
vt 0.25 0.2421875
vt 0.2578125 0.234375
vt 0.2578125 0.2421875
vt 0.25 0.2265625
vt 0.2578125 0.21875
vt 0.2578125 0.2265625
vt 0.2734375 0.203125
vt 0.265625 0.1953125
vt 0.2734375 0.1875
vt 0.2734375 0.1953125
vt 0.265625 0.2109375
vt 0.2734375 0.2109375
vt 0.25 0.2109375
vt 0.2578125 0.203125
vt 0.2578125 0.2109375
vt 0.25 0.1953125
vt 0.2578125 0.1875
vt 0.2578125 0.1953125
vt 0.3046875 0.140625
vt 0.296875 0.1328125
vt 0.3046875 0.125
vt 0.3046875 0.1328125
vt 0.3046875 0.15625
vt 0.296875 0.1484375
vt 0.3046875 0.1484375
vt 0.2890625 0.15625
vt 0.28125 0.1484375
vt 0.2890625 0.140625
vt 0.2890625 0.1484375
vt 0.28125 0.1328125
vt 0.2890625 0.125
vt 0.2890625 0.1328125
vt 0.3046875 0.171875
vt 0.296875 0.1640625
vt 0.3046875 0.1640625
vt 0.296875 0.1796875
vt 0.3046875 0.1796875
vt 0.28125 0.1796875
vt 0.2890625 0.171875
vt 0.2890625 0.1796875
vt 0.28125 0.1640625
vt 0.2890625 0.1640625
vt 0.2734375 0.171875
vt 0.265625 0.1640625
vt 0.2734375 0.15625
vt 0.2734375 0.1640625
vt 0.265625 0.1796875
vt 0.2734375 0.1796875
vt 0.25 0.1796875
vt 0.2578125 0.171875
vt 0.2578125 0.1796875
vt 0.25 0.1640625
vt 0.2578125 0.15625
vt 0.2578125 0.1640625
vt 0.2734375 0.140625
vt 0.265625 0.1328125
vt 0.2734375 0.125
vt 0.2734375 0.1328125
vt 0.265625 0.1484375
vt 0.2734375 0.1484375
vt 0.25 0.1484375
vt 0.2578125 0.140625
vt 0.2578125 0.1484375
vt 0.25 0.1328125
vt 0.2578125 0.125
vt 0.2578125 0.1328125
vt 0.3671875 0.015625
vt 0.359375 0.0078125
vt 0.3671875 0
vt 0.3671875 0.0078125
vt 0.3671875 0.03125
vt 0.359375 0.0234375
vt 0.3671875 0.0234375
vt 0.3515625 0.03125
vt 0.34375 0.0234375
vt 0.3515625 0.015625
vt 0.3515625 0.0234375
vt 0.34375 0.0078125
vt 0.3515625 0
vt 0.3515625 0.0078125
vt 0.3671875 0.046875
vt 0.359375 0.0390625
vt 0.3671875 0.0390625
vt 0.3671875 0.0625
vt 0.359375 0.0546875
vt 0.3671875 0.0546875
vt 0.3515625 0.0625
vt 0.34375 0.0546875
vt 0.3515625 0.046875
vt 0.3515625 0.0546875
vt 0.34375 0.0390625
vt 0.3515625 0.0390625
vt 0.3359375 0.046875
vt 0.328125 0.0390625
vt 0.3359375 0.03125
vt 0.3359375 0.0390625
vt 0.3359375 0.0625
vt 0.328125 0.0546875
vt 0.3359375 0.0546875
vt 0.3203125 0.0625
vt 0.3125 0.0546875
vt 0.3203125 0.046875
vt 0.3203125 0.0546875
vt 0.3125 0.0390625
vt 0.3203125 0.03125
vt 0.3203125 0.0390625
vt 0.3359375 0.015625
vt 0.328125 0.0078125
vt 0.3359375 0
vt 0.3359375 0.0078125
vt 0.328125 0.0234375
vt 0.3359375 0.0234375
vt 0.3125 0.0234375
vt 0.3203125 0.015625
vt 0.3203125 0.0234375
vt 0.3125 0.0078125
vt 0.3203125 0
vt 0.3203125 0.0078125
vt 0.3671875 0.078125
vt 0.359375 0.0703125
vt 0.3671875 0.0703125
vt 0.3671875 0.09375
vt 0.359375 0.0859375
vt 0.3671875 0.0859375
vt 0.3515625 0.09375
vt 0.34375 0.0859375
vt 0.3515625 0.078125
vt 0.3515625 0.0859375
vt 0.34375 0.0703125
vt 0.3515625 0.0703125
vt 0.3671875 0.109375
vt 0.359375 0.1015625
vt 0.3671875 0.1015625
vt 0.359375 0.1171875
vt 0.3671875 0.1171875
vt 0.34375 0.1171875
vt 0.3515625 0.109375
vt 0.3515625 0.1171875
vt 0.34375 0.1015625
vt 0.3515625 0.1015625
vt 0.3359375 0.109375
vt 0.328125 0.1015625
vt 0.3359375 0.09375
vt 0.3359375 0.1015625
vt 0.328125 0.1171875
vt 0.3359375 0.1171875
vt 0.3125 0.1171875
vt 0.3203125 0.109375
vt 0.3203125 0.1171875
vt 0.3125 0.1015625
vt 0.3203125 0.09375
vt 0.3203125 0.1015625
vt 0.3359375 0.078125
vt 0.328125 0.0703125
vt 0.3359375 0.0703125
vt 0.328125 0.0859375
vt 0.3359375 0.0859375
vt 0.3125 0.0859375
vt 0.3203125 0.078125
vt 0.3203125 0.0859375
vt 0.3125 0.0703125
vt 0.3203125 0.0703125
vt 0.3046875 0.078125
vt 0.296875 0.0703125
vt 0.3046875 0.0625
vt 0.3046875 0.0703125
vt 0.3046875 0.09375
vt 0.296875 0.0859375
vt 0.3046875 0.0859375
vt 0.2890625 0.09375
vt 0.28125 0.0859375
vt 0.2890625 0.078125
vt 0.2890625 0.0859375
vt 0.28125 0.0703125
vt 0.2890625 0.0625
vt 0.2890625 0.0703125
vt 0.3046875 0.109375
vt 0.296875 0.1015625
vt 0.3046875 0.1015625
vt 0.296875 0.1171875
vt 0.3046875 0.1171875
vt 0.28125 0.1171875
vt 0.2890625 0.109375
vt 0.2890625 0.1171875
vt 0.28125 0.1015625
vt 0.2890625 0.1015625
vt 0.2734375 0.109375
vt 0.265625 0.1015625
vt 0.2734375 0.09375
vt 0.2734375 0.1015625
vt 0.265625 0.1171875
vt 0.2734375 0.1171875
vt 0.25 0.1171875
vt 0.2578125 0.109375
vt 0.2578125 0.1171875
vt 0.25 0.1015625
vt 0.2578125 0.09375
vt 0.2578125 0.1015625
vt 0.2734375 0.078125
vt 0.265625 0.0703125
vt 0.2734375 0.0625
vt 0.2734375 0.0703125
vt 0.265625 0.0859375
vt 0.2734375 0.0859375
vt 0.25 0.0859375
vt 0.2578125 0.078125
vt 0.2578125 0.0859375
vt 0.25 0.0703125
vt 0.2578125 0.0625
vt 0.2578125 0.0703125
vt 0.3046875 0.015625
vt 0.296875 0.0078125
vt 0.3046875 0
vt 0.3046875 0.0078125
vt 0.3046875 0.03125
vt 0.296875 0.0234375
vt 0.3046875 0.0234375
vt 0.2890625 0.03125
vt 0.28125 0.0234375
vt 0.2890625 0.015625
vt 0.2890625 0.0234375
vt 0.28125 0.0078125
vt 0.2890625 0
vt 0.2890625 0.0078125
vt 0.3046875 0.046875
vt 0.296875 0.0390625
vt 0.3046875 0.0390625
vt 0.296875 0.0546875
vt 0.3046875 0.0546875
vt 0.28125 0.0546875
vt 0.2890625 0.046875
vt 0.2890625 0.0546875
vt 0.28125 0.0390625
vt 0.2890625 0.0390625
vt 0.2734375 0.046875
vt 0.265625 0.0390625
vt 0.2734375 0.03125
vt 0.2734375 0.0390625
vt 0.265625 0.0546875
vt 0.2734375 0.0546875
vt 0.25 0.0546875
vt 0.2578125 0.046875
vt 0.2578125 0.0546875
vt 0.25 0.0390625
vt 0.2578125 0.03125
vt 0.2578125 0.0390625
vt 0.2734375 0.015625
vt 0.265625 0.0078125
vt 0.2734375 0
vt 0.2734375 0.0078125
vt 0.265625 0.0234375
vt 0.2734375 0.0234375
vt 0.25 0.0234375
vt 0.2578125 0.015625
vt 0.2578125 0.0234375
vt 0.25 0.0078125
vt 0.2578125 0
vt 0.2578125 0.0078125
vt 0.484375 0.9921875
vt 0.4921875 0.984375
vt 0.4921875 0.9921875
vt 0.46875 0.9921875
vt 0.4765625 0.984375
vt 0.4765625 0.9921875
vt 0.46875 0.9765625
vt 0.4765625 0.96875
vt 0.484375 0.9765625
vt 0.4765625 0.9765625
vt 0.4921875 0.96875
vt 0.4921875 0.9765625
vt 0.453125 0.9921875
vt 0.4609375 0.984375
vt 0.4609375 0.9921875
vt 0.4375 0.9921875
vt 0.4453125 0.984375
vt 0.4453125 0.9921875
vt 0.4375 0.9765625
vt 0.4453125 0.96875
vt 0.453125 0.9765625
vt 0.4453125 0.9765625
vt 0.4609375 0.96875
vt 0.4609375 0.9765625
vt 0.453125 0.9609375
vt 0.4609375 0.953125
vt 0.46875 0.9609375
vt 0.4609375 0.9609375
vt 0.4375 0.9609375
vt 0.4453125 0.953125
vt 0.4453125 0.9609375
vt 0.4375 0.9453125
vt 0.4453125 0.9375
vt 0.453125 0.9453125
vt 0.4453125 0.9453125
vt 0.4609375 0.9375
vt 0.46875 0.9453125
vt 0.4609375 0.9453125
vt 0.484375 0.9609375
vt 0.4921875 0.953125
vt 0.4921875 0.9609375
vt 0.4765625 0.953125
vt 0.4765625 0.9609375
vt 0.4765625 0.9375
vt 0.484375 0.9453125
vt 0.4765625 0.9453125
vt 0.4921875 0.9375
vt 0.4921875 0.9453125
vt 0.421875 0.9921875
vt 0.4296875 0.984375
vt 0.4296875 0.9921875
vt 0.40625 0.9921875
vt 0.4140625 0.984375
vt 0.4140625 0.9921875
vt 0.40625 0.9765625
vt 0.4140625 0.96875
vt 0.421875 0.9765625
vt 0.4140625 0.9765625
vt 0.4296875 0.96875
vt 0.4296875 0.9765625
vt 0.390625 0.9921875
vt 0.3984375 0.984375
vt 0.3984375 0.9921875
vt 0.375 0.9921875
vt 0.3828125 0.984375
vt 0.3828125 0.9921875
vt 0.375 0.9765625
vt 0.3828125 0.96875
vt 0.390625 0.9765625
vt 0.3828125 0.9765625
vt 0.3984375 0.96875
vt 0.3984375 0.9765625
vt 0.390625 0.9609375
vt 0.3984375 0.953125
vt 0.40625 0.9609375
vt 0.3984375 0.9609375
vt 0.375 0.9609375
vt 0.3828125 0.953125
vt 0.3828125 0.9609375
vt 0.375 0.9453125
vt 0.3828125 0.9375
vt 0.390625 0.9453125
vt 0.3828125 0.9453125
vt 0.3984375 0.9375
vt 0.40625 0.9453125
vt 0.3984375 0.9453125
vt 0.421875 0.9609375
vt 0.4296875 0.953125
vt 0.4296875 0.9609375
vt 0.4140625 0.953125
vt 0.4140625 0.9609375
vt 0.4140625 0.9375
vt 0.421875 0.9453125
vt 0.4140625 0.9453125
vt 0.4296875 0.9375
vt 0.4296875 0.9453125
vt 0.421875 0.9296875
vt 0.4296875 0.921875
vt 0.4375 0.9296875
vt 0.4296875 0.9296875
vt 0.40625 0.9296875
vt 0.4140625 0.921875
vt 0.4140625 0.9296875
vt 0.40625 0.9140625
vt 0.4140625 0.90625
vt 0.421875 0.9140625
vt 0.4140625 0.9140625
vt 0.4296875 0.90625
vt 0.4375 0.9140625
vt 0.4296875 0.9140625
vt 0.390625 0.9296875
vt 0.3984375 0.921875
vt 0.3984375 0.9296875
vt 0.375 0.9296875
vt 0.3828125 0.921875
vt 0.3828125 0.9296875
vt 0.375 0.9140625
vt 0.3828125 0.90625
vt 0.390625 0.9140625
vt 0.3828125 0.9140625
vt 0.3984375 0.90625
vt 0.3984375 0.9140625
vt 0.390625 0.8984375
vt 0.3984375 0.890625
vt 0.40625 0.8984375
vt 0.3984375 0.8984375
vt 0.375 0.8984375
vt 0.3828125 0.890625
vt 0.3828125 0.8984375
vt 0.375 0.8828125
vt 0.3828125 0.875
vt 0.390625 0.8828125
vt 0.3828125 0.8828125
vt 0.3984375 0.875
vt 0.40625 0.8828125
vt 0.3984375 0.8828125
vt 0.421875 0.8984375
vt 0.4296875 0.890625
vt 0.4375 0.8984375
vt 0.4296875 0.8984375
vt 0.4140625 0.890625
vt 0.4140625 0.8984375
vt 0.4140625 0.875
vt 0.421875 0.8828125
vt 0.4140625 0.8828125
vt 0.4296875 0.875
vt 0.4375 0.8828125
vt 0.4296875 0.8828125
vt 0.484375 0.9296875
vt 0.4921875 0.921875
vt 0.4921875 0.9296875
vt 0.46875 0.9296875
vt 0.4765625 0.921875
vt 0.4765625 0.9296875
vt 0.46875 0.9140625
vt 0.4765625 0.90625
vt 0.484375 0.9140625
vt 0.4765625 0.9140625
vt 0.4921875 0.90625
vt 0.4921875 0.9140625
vt 0.453125 0.9296875
vt 0.4609375 0.921875
vt 0.4609375 0.9296875
vt 0.4453125 0.921875
vt 0.4453125 0.9296875
vt 0.4453125 0.90625
vt 0.453125 0.9140625
vt 0.4453125 0.9140625
vt 0.4609375 0.90625
vt 0.4609375 0.9140625
vt 0.453125 0.8984375
vt 0.4609375 0.890625
vt 0.46875 0.8984375
vt 0.4609375 0.8984375
vt 0.4453125 0.890625
vt 0.4453125 0.8984375
vt 0.4453125 0.875
vt 0.453125 0.8828125
vt 0.4453125 0.8828125
vt 0.4609375 0.875
vt 0.46875 0.8828125
vt 0.4609375 0.8828125
vt 0.484375 0.8984375
vt 0.4921875 0.890625
vt 0.4921875 0.8984375
vt 0.4765625 0.890625
vt 0.4765625 0.8984375
vt 0.4765625 0.875
vt 0.484375 0.8828125
vt 0.4765625 0.8828125
vt 0.4921875 0.875
vt 0.4921875 0.8828125
vt 0.359375 0.9921875
vt 0.3671875 0.984375
vt 0.3671875 0.9921875
vt 0.34375 0.9921875
vt 0.3515625 0.984375
vt 0.3515625 0.9921875
vt 0.34375 0.9765625
vt 0.3515625 0.96875
vt 0.359375 0.9765625
vt 0.3515625 0.9765625
vt 0.3671875 0.96875
vt 0.3671875 0.9765625
vt 0.328125 0.9921875
vt 0.3359375 0.984375
vt 0.3359375 0.9921875
vt 0.3125 0.9921875
vt 0.3203125 0.984375
vt 0.3203125 0.9921875
vt 0.3125 0.9765625
vt 0.3203125 0.96875
vt 0.328125 0.9765625
vt 0.3203125 0.9765625
vt 0.3359375 0.96875
vt 0.3359375 0.9765625
vt 0.328125 0.9609375
vt 0.3359375 0.953125
vt 0.34375 0.9609375
vt 0.3359375 0.9609375
vt 0.3125 0.9609375
vt 0.3203125 0.953125
vt 0.3203125 0.9609375
vt 0.3125 0.9453125
vt 0.3203125 0.9375
vt 0.328125 0.9453125
vt 0.3203125 0.9453125
vt 0.3359375 0.9375
vt 0.34375 0.9453125
vt 0.3359375 0.9453125
vt 0.359375 0.9609375
vt 0.3671875 0.953125
vt 0.3671875 0.9609375
vt 0.3515625 0.953125
vt 0.3515625 0.9609375
vt 0.3515625 0.9375
vt 0.359375 0.9453125
vt 0.3515625 0.9453125
vt 0.3671875 0.9375
vt 0.3671875 0.9453125
vt 0.296875 0.9921875
vt 0.3046875 0.984375
vt 0.3046875 0.9921875
vt 0.28125 0.9921875
vt 0.2890625 0.984375
vt 0.2890625 0.9921875
vt 0.28125 0.9765625
vt 0.2890625 0.96875
vt 0.296875 0.9765625
vt 0.2890625 0.9765625
vt 0.3046875 0.96875
vt 0.3046875 0.9765625
vt 0.265625 0.9921875
vt 0.2734375 0.984375
vt 0.2734375 0.9921875
vt 0.25 0.9921875
vt 0.2578125 0.984375
vt 0.2578125 0.9921875
vt 0.25 0.9765625
vt 0.2578125 0.96875
vt 0.265625 0.9765625
vt 0.2578125 0.9765625
vt 0.2734375 0.96875
vt 0.2734375 0.9765625
vt 0.265625 0.9609375
vt 0.2734375 0.953125
vt 0.28125 0.9609375
vt 0.2734375 0.9609375
vt 0.25 0.9609375
vt 0.2578125 0.953125
vt 0.2578125 0.9609375
vt 0.25 0.9453125
vt 0.2578125 0.9375
vt 0.265625 0.9453125
vt 0.2578125 0.9453125
vt 0.2734375 0.9375
vt 0.28125 0.9453125
vt 0.2734375 0.9453125
vt 0.296875 0.9609375
vt 0.3046875 0.953125
vt 0.3046875 0.9609375
vt 0.2890625 0.953125
vt 0.2890625 0.9609375
vt 0.2890625 0.9375
vt 0.296875 0.9453125
vt 0.2890625 0.9453125
vt 0.3046875 0.9375
vt 0.3046875 0.9453125
vt 0.296875 0.9296875
vt 0.3046875 0.921875
vt 0.3125 0.9296875
vt 0.3046875 0.9296875
vt 0.28125 0.9296875
vt 0.2890625 0.921875
vt 0.2890625 0.9296875
vt 0.28125 0.9140625
vt 0.2890625 0.90625
vt 0.296875 0.9140625
vt 0.2890625 0.9140625
vt 0.3046875 0.90625
vt 0.3125 0.9140625
vt 0.3046875 0.9140625
vt 0.265625 0.9296875
vt 0.2734375 0.921875
vt 0.2734375 0.9296875
vt 0.25 0.9296875
vt 0.2578125 0.921875
vt 0.2578125 0.9296875
vt 0.25 0.9140625
vt 0.2578125 0.90625
vt 0.265625 0.9140625
vt 0.2578125 0.9140625
vt 0.2734375 0.90625
vt 0.2734375 0.9140625
vt 0.265625 0.8984375
vt 0.2734375 0.890625
vt 0.28125 0.8984375
vt 0.2734375 0.8984375
vt 0.25 0.8984375
vt 0.2578125 0.890625
vt 0.2578125 0.8984375
vt 0.25 0.8828125
vt 0.2578125 0.875
vt 0.265625 0.8828125
vt 0.2578125 0.8828125
vt 0.2734375 0.875
vt 0.28125 0.8828125
vt 0.2734375 0.8828125
vt 0.296875 0.8984375
vt 0.3046875 0.890625
vt 0.3125 0.8984375
vt 0.3046875 0.8984375
vt 0.2890625 0.890625
vt 0.2890625 0.8984375
vt 0.2890625 0.875
vt 0.296875 0.8828125
vt 0.2890625 0.8828125
vt 0.3046875 0.875
vt 0.3125 0.8828125
vt 0.3046875 0.8828125
vt 0.359375 0.9296875
vt 0.3671875 0.921875
vt 0.3671875 0.9296875
vt 0.34375 0.9296875
vt 0.3515625 0.921875
vt 0.3515625 0.9296875
vt 0.34375 0.9140625
vt 0.3515625 0.90625
vt 0.359375 0.9140625
vt 0.3515625 0.9140625
vt 0.3671875 0.90625
vt 0.3671875 0.9140625
vt 0.328125 0.9296875
vt 0.3359375 0.921875
vt 0.3359375 0.9296875
vt 0.3203125 0.921875
vt 0.3203125 0.9296875
vt 0.3203125 0.90625
vt 0.328125 0.9140625
vt 0.3203125 0.9140625
vt 0.3359375 0.90625
vt 0.3359375 0.9140625
vt 0.328125 0.8984375
vt 0.3359375 0.890625
vt 0.34375 0.8984375
vt 0.3359375 0.8984375
vt 0.3203125 0.890625
vt 0.3203125 0.8984375
vt 0.3203125 0.875
vt 0.328125 0.8828125
vt 0.3203125 0.8828125
vt 0.3359375 0.875
vt 0.34375 0.8828125
vt 0.3359375 0.8828125
vt 0.359375 0.8984375
vt 0.3671875 0.890625
vt 0.3671875 0.8984375
vt 0.3515625 0.890625
vt 0.3515625 0.8984375
vt 0.3515625 0.875
vt 0.359375 0.8828125
vt 0.3515625 0.8828125
vt 0.3671875 0.875
vt 0.3671875 0.8828125
vt 0.359375 0.8671875
vt 0.3671875 0.859375
vt 0.375 0.8671875
vt 0.3671875 0.8671875
vt 0.34375 0.8671875
vt 0.3515625 0.859375
vt 0.3515625 0.8671875
vt 0.34375 0.8515625
vt 0.3515625 0.84375
vt 0.359375 0.8515625
vt 0.3515625 0.8515625
vt 0.3671875 0.84375
vt 0.375 0.8515625
vt 0.3671875 0.8515625
vt 0.328125 0.8671875
vt 0.3359375 0.859375
vt 0.3359375 0.8671875
vt 0.3125 0.8671875
vt 0.3203125 0.859375
vt 0.3203125 0.8671875
vt 0.3125 0.8515625
vt 0.3203125 0.84375
vt 0.328125 0.8515625
vt 0.3203125 0.8515625
vt 0.3359375 0.84375
vt 0.3359375 0.8515625
vt 0.328125 0.8359375
vt 0.3359375 0.828125
vt 0.34375 0.8359375
vt 0.3359375 0.8359375
vt 0.3125 0.8359375
vt 0.3203125 0.828125
vt 0.3203125 0.8359375
vt 0.3125 0.8203125
vt 0.3203125 0.8125
vt 0.328125 0.8203125
vt 0.3203125 0.8203125
vt 0.3359375 0.8125
vt 0.34375 0.8203125
vt 0.3359375 0.8203125
vt 0.359375 0.8359375
vt 0.3671875 0.828125
vt 0.375 0.8359375
vt 0.3671875 0.8359375
vt 0.3515625 0.828125
vt 0.3515625 0.8359375
vt 0.3515625 0.8125
vt 0.359375 0.8203125
vt 0.3515625 0.8203125
vt 0.3671875 0.8125
vt 0.375 0.8203125
vt 0.3671875 0.8203125
vt 0.296875 0.8671875
vt 0.3046875 0.859375
vt 0.3046875 0.8671875
vt 0.28125 0.8671875
vt 0.2890625 0.859375
vt 0.2890625 0.8671875
vt 0.28125 0.8515625
vt 0.2890625 0.84375
vt 0.296875 0.8515625
vt 0.2890625 0.8515625
vt 0.3046875 0.84375
vt 0.3046875 0.8515625
vt 0.265625 0.8671875
vt 0.2734375 0.859375
vt 0.2734375 0.8671875
vt 0.25 0.8671875
vt 0.2578125 0.859375
vt 0.2578125 0.8671875
vt 0.25 0.8515625
vt 0.2578125 0.84375
vt 0.265625 0.8515625
vt 0.2578125 0.8515625
vt 0.2734375 0.84375
vt 0.2734375 0.8515625
vt 0.265625 0.8359375
vt 0.2734375 0.828125
vt 0.28125 0.8359375
vt 0.2734375 0.8359375
vt 0.25 0.8359375
vt 0.2578125 0.828125
vt 0.2578125 0.8359375
vt 0.25 0.8203125
vt 0.2578125 0.8125
vt 0.265625 0.8203125
vt 0.2578125 0.8203125
vt 0.2734375 0.8125
vt 0.28125 0.8203125
vt 0.2734375 0.8203125
vt 0.296875 0.8359375
vt 0.3046875 0.828125
vt 0.3046875 0.8359375
vt 0.2890625 0.828125
vt 0.2890625 0.8359375
vt 0.2890625 0.8125
vt 0.296875 0.8203125
vt 0.2890625 0.8203125
vt 0.3046875 0.8125
vt 0.3046875 0.8203125
vt 0.296875 0.8046875
vt 0.3046875 0.796875
vt 0.3125 0.8046875
vt 0.3046875 0.8046875
vt 0.28125 0.8046875
vt 0.2890625 0.796875
vt 0.2890625 0.8046875
vt 0.28125 0.7890625
vt 0.2890625 0.78125
vt 0.296875 0.7890625
vt 0.2890625 0.7890625
vt 0.3046875 0.78125
vt 0.3125 0.7890625
vt 0.3046875 0.7890625
vt 0.265625 0.8046875
vt 0.2734375 0.796875
vt 0.2734375 0.8046875
vt 0.25 0.8046875
vt 0.2578125 0.796875
vt 0.2578125 0.8046875
vt 0.25 0.7890625
vt 0.2578125 0.78125
vt 0.265625 0.7890625
vt 0.2578125 0.7890625
vt 0.2734375 0.78125
vt 0.2734375 0.7890625
vt 0.265625 0.7734375
vt 0.2734375 0.765625
vt 0.28125 0.7734375
vt 0.2734375 0.7734375
vt 0.25 0.7734375
vt 0.2578125 0.765625
vt 0.2578125 0.7734375
vt 0.25 0.7578125
vt 0.2578125 0.75
vt 0.265625 0.7578125
vt 0.2578125 0.7578125
vt 0.2734375 0.75
vt 0.28125 0.7578125
vt 0.2734375 0.7578125
vt 0.296875 0.7734375
vt 0.3046875 0.765625
vt 0.3125 0.7734375
vt 0.3046875 0.7734375
vt 0.2890625 0.765625
vt 0.2890625 0.7734375
vt 0.2890625 0.75
vt 0.296875 0.7578125
vt 0.2890625 0.7578125
vt 0.3046875 0.75
vt 0.3125 0.7578125
vt 0.3046875 0.7578125
vt 0.359375 0.8046875
vt 0.3671875 0.796875
vt 0.375 0.8046875
vt 0.3671875 0.8046875
vt 0.34375 0.8046875
vt 0.3515625 0.796875
vt 0.3515625 0.8046875
vt 0.34375 0.7890625
vt 0.3515625 0.78125
vt 0.359375 0.7890625
vt 0.3515625 0.7890625
vt 0.3671875 0.78125
vt 0.375 0.7890625
vt 0.3671875 0.7890625
vt 0.328125 0.8046875
vt 0.3359375 0.796875
vt 0.3359375 0.8046875
vt 0.3203125 0.796875
vt 0.3203125 0.8046875
vt 0.3203125 0.78125
vt 0.328125 0.7890625
vt 0.3203125 0.7890625
vt 0.3359375 0.78125
vt 0.3359375 0.7890625
vt 0.328125 0.7734375
vt 0.3359375 0.765625
vt 0.34375 0.7734375
vt 0.3359375 0.7734375
vt 0.3203125 0.765625
vt 0.3203125 0.7734375
vt 0.3203125 0.75
vt 0.328125 0.7578125
vt 0.3203125 0.7578125
vt 0.3359375 0.75
vt 0.34375 0.7578125
vt 0.3359375 0.7578125
vt 0.359375 0.7734375
vt 0.3671875 0.765625
vt 0.375 0.7734375
vt 0.3671875 0.7734375
vt 0.3515625 0.765625
vt 0.3515625 0.7734375
vt 0.3515625 0.75
vt 0.359375 0.7578125
vt 0.3515625 0.7578125
vt 0.3671875 0.75
vt 0.375 0.7578125
vt 0.3671875 0.7578125
vt 0.484375 0.8671875
vt 0.4921875 0.859375
vt 0.4921875 0.8671875
vt 0.46875 0.8671875
vt 0.4765625 0.859375
vt 0.4765625 0.8671875
vt 0.46875 0.8515625
vt 0.4765625 0.84375
vt 0.484375 0.8515625
vt 0.4765625 0.8515625
vt 0.4921875 0.84375
vt 0.4921875 0.8515625
vt 0.453125 0.8671875
vt 0.4609375 0.859375
vt 0.4609375 0.8671875
vt 0.4375 0.8671875
vt 0.4453125 0.859375
vt 0.4453125 0.8671875
vt 0.4375 0.8515625
vt 0.4453125 0.84375
vt 0.453125 0.8515625
vt 0.4453125 0.8515625
vt 0.4609375 0.84375
vt 0.4609375 0.8515625
vt 0.453125 0.8359375
vt 0.4609375 0.828125
vt 0.46875 0.8359375
vt 0.4609375 0.8359375
vt 0.4375 0.8359375
vt 0.4453125 0.828125
vt 0.4453125 0.8359375
vt 0.4375 0.8203125
vt 0.4453125 0.8125
vt 0.453125 0.8203125
vt 0.4453125 0.8203125
vt 0.4609375 0.8125
vt 0.46875 0.8203125
vt 0.4609375 0.8203125
vt 0.484375 0.8359375
vt 0.4921875 0.828125
vt 0.4921875 0.8359375
vt 0.4765625 0.828125
vt 0.4765625 0.8359375
vt 0.4765625 0.8125
vt 0.484375 0.8203125
vt 0.4765625 0.8203125
vt 0.4921875 0.8125
vt 0.4921875 0.8203125
vt 0.421875 0.8671875
vt 0.4296875 0.859375
vt 0.4296875 0.8671875
vt 0.40625 0.8671875
vt 0.4140625 0.859375
vt 0.4140625 0.8671875
vt 0.40625 0.8515625
vt 0.4140625 0.84375
vt 0.421875 0.8515625
vt 0.4140625 0.8515625
vt 0.4296875 0.84375
vt 0.4296875 0.8515625
vt 0.390625 0.8671875
vt 0.3984375 0.859375
vt 0.3984375 0.8671875
vt 0.3828125 0.859375
vt 0.3828125 0.8671875
vt 0.3828125 0.84375
vt 0.390625 0.8515625
vt 0.3828125 0.8515625
vt 0.3984375 0.84375
vt 0.3984375 0.8515625
vt 0.390625 0.8359375
vt 0.3984375 0.828125
vt 0.40625 0.8359375
vt 0.3984375 0.8359375
vt 0.3828125 0.828125
vt 0.3828125 0.8359375
vt 0.3828125 0.8125
vt 0.390625 0.8203125
vt 0.3828125 0.8203125
vt 0.3984375 0.8125
vt 0.40625 0.8203125
vt 0.3984375 0.8203125
vt 0.421875 0.8359375
vt 0.4296875 0.828125
vt 0.4296875 0.8359375
vt 0.4140625 0.828125
vt 0.4140625 0.8359375
vt 0.4140625 0.8125
vt 0.421875 0.8203125
vt 0.4140625 0.8203125
vt 0.4296875 0.8125
vt 0.4296875 0.8203125
vt 0.421875 0.8046875
vt 0.4296875 0.796875
vt 0.4375 0.8046875
vt 0.4296875 0.8046875
vt 0.40625 0.8046875
vt 0.4140625 0.796875
vt 0.4140625 0.8046875
vt 0.40625 0.7890625
vt 0.4140625 0.78125
vt 0.421875 0.7890625
vt 0.4140625 0.7890625
vt 0.4296875 0.78125
vt 0.4375 0.7890625
vt 0.4296875 0.7890625
vt 0.390625 0.8046875
vt 0.3984375 0.796875
vt 0.3984375 0.8046875
vt 0.3828125 0.796875
vt 0.3828125 0.8046875
vt 0.3828125 0.78125
vt 0.390625 0.7890625
vt 0.3828125 0.7890625
vt 0.3984375 0.78125
vt 0.3984375 0.7890625
vt 0.390625 0.7734375
vt 0.3984375 0.765625
vt 0.40625 0.7734375
vt 0.3984375 0.7734375
vt 0.3828125 0.765625
vt 0.3828125 0.7734375
vt 0.3828125 0.75
vt 0.390625 0.7578125
vt 0.3828125 0.7578125
vt 0.3984375 0.75
vt 0.40625 0.7578125
vt 0.3984375 0.7578125
vt 0.421875 0.7734375
vt 0.4296875 0.765625
vt 0.4375 0.7734375
vt 0.4296875 0.7734375
vt 0.4140625 0.765625
vt 0.4140625 0.7734375
vt 0.4140625 0.75
vt 0.421875 0.7578125
vt 0.4140625 0.7578125
vt 0.4296875 0.75
vt 0.4375 0.7578125
vt 0.4296875 0.7578125
vt 0.484375 0.8046875
vt 0.4921875 0.796875
vt 0.4921875 0.8046875
vt 0.46875 0.8046875
vt 0.4765625 0.796875
vt 0.4765625 0.8046875
vt 0.46875 0.7890625
vt 0.4765625 0.78125
vt 0.484375 0.7890625
vt 0.4765625 0.7890625
vt 0.4921875 0.78125
vt 0.4921875 0.7890625
vt 0.453125 0.8046875
vt 0.4609375 0.796875
vt 0.4609375 0.8046875
vt 0.4453125 0.796875
vt 0.4453125 0.8046875
vt 0.4453125 0.78125
vt 0.453125 0.7890625
vt 0.4453125 0.7890625
vt 0.4609375 0.78125
vt 0.4609375 0.7890625
vt 0.453125 0.7734375
vt 0.4609375 0.765625
vt 0.46875 0.7734375
vt 0.4609375 0.7734375
vt 0.4453125 0.765625
vt 0.4453125 0.7734375
vt 0.4453125 0.75
vt 0.453125 0.7578125
vt 0.4453125 0.7578125
vt 0.4609375 0.75
vt 0.46875 0.7578125
vt 0.4609375 0.7578125
vt 0.484375 0.7734375
vt 0.4921875 0.765625
vt 0.4921875 0.7734375
vt 0.4765625 0.765625
vt 0.4765625 0.7734375
vt 0.4765625 0.75
vt 0.484375 0.7578125
vt 0.4765625 0.7578125
vt 0.4921875 0.75
vt 0.4921875 0.7578125
vt 0.4921875 0.265625
vt 0.484375 0.2578125
vt 0.4921875 0.2578125
vt 0.4921875 0.28125
vt 0.484375 0.2734375
vt 0.4921875 0.2734375
vt 0.4765625 0.28125
vt 0.46875 0.2734375
vt 0.4765625 0.265625
vt 0.4765625 0.2734375
vt 0.46875 0.2578125
vt 0.4765625 0.2578125
vt 0.4921875 0.296875
vt 0.484375 0.2890625
vt 0.4921875 0.2890625
vt 0.4921875 0.3125
vt 0.484375 0.3046875
vt 0.4921875 0.3046875
vt 0.4765625 0.3125
vt 0.46875 0.3046875
vt 0.4765625 0.296875
vt 0.4765625 0.3046875
vt 0.46875 0.2890625
vt 0.4765625 0.2890625
vt 0.4609375 0.296875
vt 0.453125 0.2890625
vt 0.4609375 0.28125
vt 0.4609375 0.2890625
vt 0.4609375 0.3125
vt 0.453125 0.3046875
vt 0.4609375 0.3046875
vt 0.4453125 0.3125
vt 0.4375 0.3046875
vt 0.4453125 0.296875
vt 0.4453125 0.3046875
vt 0.4375 0.2890625
vt 0.4453125 0.28125
vt 0.4453125 0.2890625
vt 0.4609375 0.265625
vt 0.453125 0.2578125
vt 0.4609375 0.2578125
vt 0.453125 0.2734375
vt 0.4609375 0.2734375
vt 0.4375 0.2734375
vt 0.4453125 0.265625
vt 0.4453125 0.2734375
vt 0.4375 0.2578125
vt 0.4453125 0.2578125
vt 0.4921875 0.328125
vt 0.484375 0.3203125
vt 0.4921875 0.3203125
vt 0.4921875 0.34375
vt 0.484375 0.3359375
vt 0.4921875 0.3359375
vt 0.4765625 0.34375
vt 0.46875 0.3359375
vt 0.4765625 0.328125
vt 0.4765625 0.3359375
vt 0.46875 0.3203125
vt 0.4765625 0.3203125
vt 0.4921875 0.359375
vt 0.484375 0.3515625
vt 0.4921875 0.3515625
vt 0.4921875 0.375
vt 0.484375 0.3671875
vt 0.4921875 0.3671875
vt 0.4765625 0.375
vt 0.46875 0.3671875
vt 0.4765625 0.359375
vt 0.4765625 0.3671875
vt 0.46875 0.3515625
vt 0.4765625 0.3515625
vt 0.4609375 0.359375
vt 0.453125 0.3515625
vt 0.4609375 0.34375
vt 0.4609375 0.3515625
vt 0.4609375 0.375
vt 0.453125 0.3671875
vt 0.4609375 0.3671875
vt 0.4453125 0.375
vt 0.4375 0.3671875
vt 0.4453125 0.359375
vt 0.4453125 0.3671875
vt 0.4375 0.3515625
vt 0.4453125 0.34375
vt 0.4453125 0.3515625
vt 0.4609375 0.328125
vt 0.453125 0.3203125
vt 0.4609375 0.3203125
vt 0.453125 0.3359375
vt 0.4609375 0.3359375
vt 0.4375 0.3359375
vt 0.4453125 0.328125
vt 0.4453125 0.3359375
vt 0.4375 0.3203125
vt 0.4453125 0.3203125
vt 0.4296875 0.328125
vt 0.421875 0.3203125
vt 0.4296875 0.3125
vt 0.4296875 0.3203125
vt 0.4296875 0.34375
vt 0.421875 0.3359375
vt 0.4296875 0.3359375
vt 0.4140625 0.34375
vt 0.40625 0.3359375
vt 0.4140625 0.328125
vt 0.4140625 0.3359375
vt 0.40625 0.3203125
vt 0.4140625 0.3125
vt 0.4140625 0.3203125
vt 0.4296875 0.359375
vt 0.421875 0.3515625
vt 0.4296875 0.3515625
vt 0.4296875 0.375
vt 0.421875 0.3671875
vt 0.4296875 0.3671875
vt 0.4140625 0.375
vt 0.40625 0.3671875
vt 0.4140625 0.359375
vt 0.4140625 0.3671875
vt 0.40625 0.3515625
vt 0.4140625 0.3515625
vt 0.3984375 0.359375
vt 0.390625 0.3515625
vt 0.3984375 0.34375
vt 0.3984375 0.3515625
vt 0.3984375 0.375
vt 0.390625 0.3671875
vt 0.3984375 0.3671875
vt 0.3828125 0.375
vt 0.375 0.3671875
vt 0.3828125 0.359375
vt 0.3828125 0.3671875
vt 0.375 0.3515625
vt 0.3828125 0.34375
vt 0.3828125 0.3515625
vt 0.3984375 0.328125
vt 0.390625 0.3203125
vt 0.3984375 0.3125
vt 0.3984375 0.3203125
vt 0.390625 0.3359375
vt 0.3984375 0.3359375
vt 0.375 0.3359375
vt 0.3828125 0.328125
vt 0.3828125 0.3359375
vt 0.375 0.3203125
vt 0.3828125 0.3125
vt 0.3828125 0.3203125
vt 0.4296875 0.265625
vt 0.421875 0.2578125
vt 0.4296875 0.2578125
vt 0.4296875 0.28125
vt 0.421875 0.2734375
vt 0.4296875 0.2734375
vt 0.4140625 0.28125
vt 0.40625 0.2734375
vt 0.4140625 0.265625
vt 0.4140625 0.2734375
vt 0.40625 0.2578125
vt 0.4140625 0.2578125
vt 0.4296875 0.296875
vt 0.421875 0.2890625
vt 0.4296875 0.2890625
vt 0.421875 0.3046875
vt 0.4296875 0.3046875
vt 0.40625 0.3046875
vt 0.4140625 0.296875
vt 0.4140625 0.3046875
vt 0.40625 0.2890625
vt 0.4140625 0.2890625
vt 0.3984375 0.296875
vt 0.390625 0.2890625
vt 0.3984375 0.28125
vt 0.3984375 0.2890625
vt 0.390625 0.3046875
vt 0.3984375 0.3046875
vt 0.375 0.3046875
vt 0.3828125 0.296875
vt 0.3828125 0.3046875
vt 0.375 0.2890625
vt 0.3828125 0.28125
vt 0.3828125 0.2890625
vt 0.3984375 0.265625
vt 0.390625 0.2578125
vt 0.3984375 0.2578125
vt 0.390625 0.2734375
vt 0.3984375 0.2734375
vt 0.375 0.2734375
vt 0.3828125 0.265625
vt 0.3828125 0.2734375
vt 0.375 0.2578125
vt 0.3828125 0.2578125
vt 0.4921875 0.390625
vt 0.484375 0.3828125
vt 0.4921875 0.3828125
vt 0.4921875 0.40625
vt 0.484375 0.3984375
vt 0.4921875 0.3984375
vt 0.4765625 0.40625
vt 0.46875 0.3984375
vt 0.4765625 0.390625
vt 0.4765625 0.3984375
vt 0.46875 0.3828125
vt 0.4765625 0.3828125
vt 0.4921875 0.421875
vt 0.484375 0.4140625
vt 0.4921875 0.4140625
vt 0.4921875 0.4375
vt 0.484375 0.4296875
vt 0.4921875 0.4296875
vt 0.4765625 0.4375
vt 0.46875 0.4296875
vt 0.4765625 0.421875
vt 0.4765625 0.4296875
vt 0.46875 0.4140625
vt 0.4765625 0.4140625
vt 0.4609375 0.421875
vt 0.453125 0.4140625
vt 0.4609375 0.40625
vt 0.4609375 0.4140625
vt 0.4609375 0.4375
vt 0.453125 0.4296875
vt 0.4609375 0.4296875
vt 0.4453125 0.4375
vt 0.4375 0.4296875
vt 0.4453125 0.421875
vt 0.4453125 0.4296875
vt 0.4375 0.4140625
vt 0.4453125 0.40625
vt 0.4453125 0.4140625
vt 0.4609375 0.390625
vt 0.453125 0.3828125
vt 0.4609375 0.3828125
vt 0.453125 0.3984375
vt 0.4609375 0.3984375
vt 0.4375 0.3984375
vt 0.4453125 0.390625
vt 0.4453125 0.3984375
vt 0.4375 0.3828125
vt 0.4453125 0.3828125
vt 0.4921875 0.453125
vt 0.484375 0.4453125
vt 0.4921875 0.4453125
vt 0.4921875 0.46875
vt 0.484375 0.4609375
vt 0.4921875 0.4609375
vt 0.4765625 0.46875
vt 0.46875 0.4609375
vt 0.4765625 0.453125
vt 0.4765625 0.4609375
vt 0.46875 0.4453125
vt 0.4765625 0.4453125
vt 0.4921875 0.484375
vt 0.484375 0.4765625
vt 0.4921875 0.4765625
vt 0.4921875 0.5
vt 0.484375 0.4921875
vt 0.4921875 0.4921875
vt 0.4765625 0.5
vt 0.46875 0.4921875
vt 0.4765625 0.484375
vt 0.4765625 0.4921875
vt 0.46875 0.4765625
vt 0.4765625 0.4765625
vt 0.4609375 0.484375
vt 0.453125 0.4765625
vt 0.4609375 0.46875
vt 0.4609375 0.4765625
vt 0.4609375 0.5
vt 0.453125 0.4921875
vt 0.4609375 0.4921875
vt 0.4453125 0.5
vt 0.4375 0.4921875
vt 0.4453125 0.484375
vt 0.4453125 0.4921875
vt 0.4375 0.4765625
vt 0.4453125 0.46875
vt 0.4453125 0.4765625
vt 0.4609375 0.453125
vt 0.453125 0.4453125
vt 0.4609375 0.4453125
vt 0.453125 0.4609375
vt 0.4609375 0.4609375
vt 0.4375 0.4609375
vt 0.4453125 0.453125
vt 0.4453125 0.4609375
vt 0.4375 0.4453125
vt 0.4453125 0.4453125
vt 0.4296875 0.453125
vt 0.421875 0.4453125
vt 0.4296875 0.4375
vt 0.4296875 0.4453125
vt 0.4296875 0.46875
vt 0.421875 0.4609375
vt 0.4296875 0.4609375
vt 0.4140625 0.46875
vt 0.40625 0.4609375
vt 0.4140625 0.453125
vt 0.4140625 0.4609375
vt 0.40625 0.4453125
vt 0.4140625 0.4375
vt 0.4140625 0.4453125
vt 0.4296875 0.484375
vt 0.421875 0.4765625
vt 0.4296875 0.4765625
vt 0.4296875 0.5
vt 0.421875 0.4921875
vt 0.4296875 0.4921875
vt 0.4140625 0.5
vt 0.40625 0.4921875
vt 0.4140625 0.484375
vt 0.4140625 0.4921875
vt 0.40625 0.4765625
vt 0.4140625 0.4765625
vt 0.3984375 0.484375
vt 0.390625 0.4765625
vt 0.3984375 0.46875
vt 0.3984375 0.4765625
vt 0.3984375 0.5
vt 0.390625 0.4921875
vt 0.3984375 0.4921875
vt 0.3828125 0.5
vt 0.375 0.4921875
vt 0.3828125 0.484375
vt 0.3828125 0.4921875
vt 0.375 0.4765625
vt 0.3828125 0.46875
vt 0.3828125 0.4765625
vt 0.3984375 0.453125
vt 0.390625 0.4453125
vt 0.3984375 0.4375
vt 0.3984375 0.4453125
vt 0.390625 0.4609375
vt 0.3984375 0.4609375
vt 0.375 0.4609375
vt 0.3828125 0.453125
vt 0.3828125 0.4609375
vt 0.375 0.4453125
vt 0.3828125 0.4375
vt 0.3828125 0.4453125
vt 0.4296875 0.390625
vt 0.421875 0.3828125
vt 0.4296875 0.3828125
vt 0.4296875 0.40625
vt 0.421875 0.3984375
vt 0.4296875 0.3984375
vt 0.4140625 0.40625
vt 0.40625 0.3984375
vt 0.4140625 0.390625
vt 0.4140625 0.3984375
vt 0.40625 0.3828125
vt 0.4140625 0.3828125
vt 0.4296875 0.421875
vt 0.421875 0.4140625
vt 0.4296875 0.4140625
vt 0.421875 0.4296875
vt 0.4296875 0.4296875
vt 0.40625 0.4296875
vt 0.4140625 0.421875
vt 0.4140625 0.4296875
vt 0.40625 0.4140625
vt 0.4140625 0.4140625
vt 0.3984375 0.421875
vt 0.390625 0.4140625
vt 0.3984375 0.40625
vt 0.3984375 0.4140625
vt 0.390625 0.4296875
vt 0.3984375 0.4296875
vt 0.375 0.4296875
vt 0.3828125 0.421875
vt 0.3828125 0.4296875
vt 0.375 0.4140625
vt 0.3828125 0.40625
vt 0.3828125 0.4140625
vt 0.3984375 0.390625
vt 0.390625 0.3828125
vt 0.3984375 0.3828125
vt 0.390625 0.3984375
vt 0.3984375 0.3984375
vt 0.375 0.3984375
vt 0.3828125 0.390625
vt 0.3828125 0.3984375
vt 0.375 0.3828125
vt 0.3828125 0.3828125
vt 0.3671875 0.390625
vt 0.359375 0.3828125
vt 0.3671875 0.375
vt 0.3671875 0.3828125
vt 0.3671875 0.40625
vt 0.359375 0.3984375
vt 0.3671875 0.3984375
vt 0.3515625 0.40625
vt 0.34375 0.3984375
vt 0.3515625 0.390625
vt 0.3515625 0.3984375
vt 0.34375 0.3828125
vt 0.3515625 0.375
vt 0.3515625 0.3828125
vt 0.3671875 0.421875
vt 0.359375 0.4140625
vt 0.3671875 0.4140625
vt 0.3671875 0.4375
vt 0.359375 0.4296875
vt 0.3671875 0.4296875
vt 0.3515625 0.4375
vt 0.34375 0.4296875
vt 0.3515625 0.421875
vt 0.3515625 0.4296875
vt 0.34375 0.4140625
vt 0.3515625 0.4140625
vt 0.3359375 0.421875
vt 0.328125 0.4140625
vt 0.3359375 0.40625
vt 0.3359375 0.4140625
vt 0.3359375 0.4375
vt 0.328125 0.4296875
vt 0.3359375 0.4296875
vt 0.3203125 0.4375
vt 0.3125 0.4296875
vt 0.3203125 0.421875
vt 0.3203125 0.4296875
vt 0.3125 0.4140625
vt 0.3203125 0.40625
vt 0.3203125 0.4140625
vt 0.3359375 0.390625
vt 0.328125 0.3828125
vt 0.3359375 0.375
vt 0.3359375 0.3828125
vt 0.328125 0.3984375
vt 0.3359375 0.3984375
vt 0.3125 0.3984375
vt 0.3203125 0.390625
vt 0.3203125 0.3984375
vt 0.3125 0.3828125
vt 0.3203125 0.375
vt 0.3203125 0.3828125
vt 0.3671875 0.453125
vt 0.359375 0.4453125
vt 0.3671875 0.4453125
vt 0.3671875 0.46875
vt 0.359375 0.4609375
vt 0.3671875 0.4609375
vt 0.3515625 0.46875
vt 0.34375 0.4609375
vt 0.3515625 0.453125
vt 0.3515625 0.4609375
vt 0.34375 0.4453125
vt 0.3515625 0.4453125
vt 0.3671875 0.484375
vt 0.359375 0.4765625
vt 0.3671875 0.4765625
vt 0.3671875 0.5
vt 0.359375 0.4921875
vt 0.3671875 0.4921875
vt 0.3515625 0.5
vt 0.34375 0.4921875
vt 0.3515625 0.484375
vt 0.3515625 0.4921875
vt 0.34375 0.4765625
vt 0.3515625 0.4765625
vt 0.3359375 0.484375
vt 0.328125 0.4765625
vt 0.3359375 0.46875
vt 0.3359375 0.4765625
vt 0.3359375 0.5
vt 0.328125 0.4921875
vt 0.3359375 0.4921875
vt 0.3203125 0.5
vt 0.3125 0.4921875
vt 0.3203125 0.484375
vt 0.3203125 0.4921875
vt 0.3125 0.4765625
vt 0.3203125 0.46875
vt 0.3203125 0.4765625
vt 0.3359375 0.453125
vt 0.328125 0.4453125
vt 0.3359375 0.4453125
vt 0.328125 0.4609375
vt 0.3359375 0.4609375
vt 0.3125 0.4609375
vt 0.3203125 0.453125
vt 0.3203125 0.4609375
vt 0.3125 0.4453125
vt 0.3203125 0.4453125
vt 0.3046875 0.453125
vt 0.296875 0.4453125
vt 0.3046875 0.4375
vt 0.3046875 0.4453125
vt 0.3046875 0.46875
vt 0.296875 0.4609375
vt 0.3046875 0.4609375
vt 0.2890625 0.46875
vt 0.28125 0.4609375
vt 0.2890625 0.453125
vt 0.2890625 0.4609375
vt 0.28125 0.4453125
vt 0.2890625 0.4375
vt 0.2890625 0.4453125
vt 0.3046875 0.484375
vt 0.296875 0.4765625
vt 0.3046875 0.4765625
vt 0.3046875 0.5
vt 0.296875 0.4921875
vt 0.3046875 0.4921875
vt 0.2890625 0.5
vt 0.28125 0.4921875
vt 0.2890625 0.484375
vt 0.2890625 0.4921875
vt 0.28125 0.4765625
vt 0.2890625 0.4765625
vt 0.2734375 0.484375
vt 0.265625 0.4765625
vt 0.2734375 0.46875
vt 0.2734375 0.4765625
vt 0.2734375 0.5
vt 0.265625 0.4921875
vt 0.2734375 0.4921875
vt 0.2578125 0.5
vt 0.25 0.4921875
vt 0.2578125 0.484375
vt 0.2578125 0.4921875
vt 0.25 0.4765625
vt 0.2578125 0.46875
vt 0.2578125 0.4765625
vt 0.2734375 0.453125
vt 0.265625 0.4453125
vt 0.2734375 0.4375
vt 0.2734375 0.4453125
vt 0.265625 0.4609375
vt 0.2734375 0.4609375
vt 0.25 0.4609375
vt 0.2578125 0.453125
vt 0.2578125 0.4609375
vt 0.25 0.4453125
vt 0.2578125 0.4375
vt 0.2578125 0.4453125
vt 0.3046875 0.390625
vt 0.296875 0.3828125
vt 0.3046875 0.375
vt 0.3046875 0.3828125
vt 0.3046875 0.40625
vt 0.296875 0.3984375
vt 0.3046875 0.3984375
vt 0.2890625 0.40625
vt 0.28125 0.3984375
vt 0.2890625 0.390625
vt 0.2890625 0.3984375
vt 0.28125 0.3828125
vt 0.2890625 0.375
vt 0.2890625 0.3828125
vt 0.3046875 0.421875
vt 0.296875 0.4140625
vt 0.3046875 0.4140625
vt 0.296875 0.4296875
vt 0.3046875 0.4296875
vt 0.28125 0.4296875
vt 0.2890625 0.421875
vt 0.2890625 0.4296875
vt 0.28125 0.4140625
vt 0.2890625 0.4140625
vt 0.2734375 0.421875
vt 0.265625 0.4140625
vt 0.2734375 0.40625
vt 0.2734375 0.4140625
vt 0.265625 0.4296875
vt 0.2734375 0.4296875
vt 0.25 0.4296875
vt 0.2578125 0.421875
vt 0.2578125 0.4296875
vt 0.25 0.4140625
vt 0.2578125 0.40625
vt 0.2578125 0.4140625
vt 0.2734375 0.390625
vt 0.265625 0.3828125
vt 0.2734375 0.375
vt 0.2734375 0.3828125
vt 0.265625 0.3984375
vt 0.2734375 0.3984375
vt 0.25 0.3984375
vt 0.2578125 0.390625
vt 0.2578125 0.3984375
vt 0.25 0.3828125
vt 0.2578125 0.375
vt 0.2578125 0.3828125
vt 0.3671875 0.265625
vt 0.359375 0.2578125
vt 0.3671875 0.2578125
vt 0.3671875 0.28125
vt 0.359375 0.2734375
vt 0.3671875 0.2734375
vt 0.3515625 0.28125
vt 0.34375 0.2734375
vt 0.3515625 0.265625
vt 0.3515625 0.2734375
vt 0.34375 0.2578125
vt 0.3515625 0.2578125
vt 0.3671875 0.296875
vt 0.359375 0.2890625
vt 0.3671875 0.2890625
vt 0.3671875 0.3125
vt 0.359375 0.3046875
vt 0.3671875 0.3046875
vt 0.3515625 0.3125
vt 0.34375 0.3046875
vt 0.3515625 0.296875
vt 0.3515625 0.3046875
vt 0.34375 0.2890625
vt 0.3515625 0.2890625
vt 0.3359375 0.296875
vt 0.328125 0.2890625
vt 0.3359375 0.28125
vt 0.3359375 0.2890625
vt 0.3359375 0.3125
vt 0.328125 0.3046875
vt 0.3359375 0.3046875
vt 0.3203125 0.3125
vt 0.3125 0.3046875
vt 0.3203125 0.296875
vt 0.3203125 0.3046875
vt 0.3125 0.2890625
vt 0.3203125 0.28125
vt 0.3203125 0.2890625
vt 0.3359375 0.265625
vt 0.328125 0.2578125
vt 0.3359375 0.2578125
vt 0.328125 0.2734375
vt 0.3359375 0.2734375
vt 0.3125 0.2734375
vt 0.3203125 0.265625
vt 0.3203125 0.2734375
vt 0.3125 0.2578125
vt 0.3203125 0.2578125
vt 0.3671875 0.328125
vt 0.359375 0.3203125
vt 0.3671875 0.3203125
vt 0.3671875 0.34375
vt 0.359375 0.3359375
vt 0.3671875 0.3359375
vt 0.3515625 0.34375
vt 0.34375 0.3359375
vt 0.3515625 0.328125
vt 0.3515625 0.3359375
vt 0.34375 0.3203125
vt 0.3515625 0.3203125
vt 0.3671875 0.359375
vt 0.359375 0.3515625
vt 0.3671875 0.3515625
vt 0.359375 0.3671875
vt 0.3671875 0.3671875
vt 0.34375 0.3671875
vt 0.3515625 0.359375
vt 0.3515625 0.3671875
vt 0.34375 0.3515625
vt 0.3515625 0.3515625
vt 0.3359375 0.359375
vt 0.328125 0.3515625
vt 0.3359375 0.34375
vt 0.3359375 0.3515625
vt 0.328125 0.3671875
vt 0.3359375 0.3671875
vt 0.3125 0.3671875
vt 0.3203125 0.359375
vt 0.3203125 0.3671875
vt 0.3125 0.3515625
vt 0.3203125 0.34375
vt 0.3203125 0.3515625
vt 0.3359375 0.328125
vt 0.328125 0.3203125
vt 0.3359375 0.3203125
vt 0.328125 0.3359375
vt 0.3359375 0.3359375
vt 0.3125 0.3359375
vt 0.3203125 0.328125
vt 0.3203125 0.3359375
vt 0.3125 0.3203125
vt 0.3203125 0.3203125
vt 0.3046875 0.328125
vt 0.296875 0.3203125
vt 0.3046875 0.3125
vt 0.3046875 0.3203125
vt 0.3046875 0.34375
vt 0.296875 0.3359375
vt 0.3046875 0.3359375
vt 0.2890625 0.34375
vt 0.28125 0.3359375
vt 0.2890625 0.328125
vt 0.2890625 0.3359375
vt 0.28125 0.3203125
vt 0.2890625 0.3125
vt 0.2890625 0.3203125
vt 0.3046875 0.359375
vt 0.296875 0.3515625
vt 0.3046875 0.3515625
vt 0.296875 0.3671875
vt 0.3046875 0.3671875
vt 0.28125 0.3671875
vt 0.2890625 0.359375
vt 0.2890625 0.3671875
vt 0.28125 0.3515625
vt 0.2890625 0.3515625
vt 0.2734375 0.359375
vt 0.265625 0.3515625
vt 0.2734375 0.34375
vt 0.2734375 0.3515625
vt 0.265625 0.3671875
vt 0.2734375 0.3671875
vt 0.25 0.3671875
vt 0.2578125 0.359375
vt 0.2578125 0.3671875
vt 0.25 0.3515625
vt 0.2578125 0.34375
vt 0.2578125 0.3515625
vt 0.2734375 0.328125
vt 0.265625 0.3203125
vt 0.2734375 0.3125
vt 0.2734375 0.3203125
vt 0.265625 0.3359375
vt 0.2734375 0.3359375
vt 0.25 0.3359375
vt 0.2578125 0.328125
vt 0.2578125 0.3359375
vt 0.25 0.3203125
vt 0.2578125 0.3125
vt 0.2578125 0.3203125
vt 0.3046875 0.265625
vt 0.296875 0.2578125
vt 0.3046875 0.2578125
vt 0.3046875 0.28125
vt 0.296875 0.2734375
vt 0.3046875 0.2734375
vt 0.2890625 0.28125
vt 0.28125 0.2734375
vt 0.2890625 0.265625
vt 0.2890625 0.2734375
vt 0.28125 0.2578125
vt 0.2890625 0.2578125
vt 0.3046875 0.296875
vt 0.296875 0.2890625
vt 0.3046875 0.2890625
vt 0.296875 0.3046875
vt 0.3046875 0.3046875
vt 0.28125 0.3046875
vt 0.2890625 0.296875
vt 0.2890625 0.3046875
vt 0.28125 0.2890625
vt 0.2890625 0.2890625
vt 0.2734375 0.296875
vt 0.265625 0.2890625
vt 0.2734375 0.28125
vt 0.2734375 0.2890625
vt 0.265625 0.3046875
vt 0.2734375 0.3046875
vt 0.25 0.3046875
vt 0.2578125 0.296875
vt 0.2578125 0.3046875
vt 0.25 0.2890625
vt 0.2578125 0.28125
vt 0.2578125 0.2890625
vt 0.2734375 0.265625
vt 0.265625 0.2578125
vt 0.2734375 0.2578125
vt 0.265625 0.2734375
vt 0.2734375 0.2734375
vt 0.25 0.2734375
vt 0.2578125 0.265625
vt 0.2578125 0.2734375
vt 0.25 0.2578125
vt 0.2578125 0.2578125
vt 0.25 0.7421875
vt 0.2578125 0.734375
vt 0.265625 0.7421875
vt 0.2578125 0.7421875
vt 0.25 0.7265625
vt 0.2578125 0.71875
vt 0.265625 0.7265625
vt 0.2578125 0.7265625
vt 0.2734375 0.71875
vt 0.28125 0.7265625
vt 0.2734375 0.734375
vt 0.2734375 0.7265625
vt 0.28125 0.7421875
vt 0.2734375 0.7421875
vt 0.25 0.7109375
vt 0.2578125 0.703125
vt 0.265625 0.7109375
vt 0.2578125 0.7109375
vt 0.25 0.6953125
vt 0.2578125 0.6875
vt 0.265625 0.6953125
vt 0.2578125 0.6953125
vt 0.2734375 0.6875
vt 0.28125 0.6953125
vt 0.2734375 0.703125
vt 0.2734375 0.6953125
vt 0.28125 0.7109375
vt 0.2734375 0.7109375
vt 0.2890625 0.703125
vt 0.296875 0.7109375
vt 0.2890625 0.71875
vt 0.2890625 0.7109375
vt 0.2890625 0.6875
vt 0.296875 0.6953125
vt 0.2890625 0.6953125
vt 0.3046875 0.6875
vt 0.3125 0.6953125
vt 0.3046875 0.703125
vt 0.3046875 0.6953125
vt 0.3125 0.7109375
vt 0.3046875 0.71875
vt 0.3046875 0.7109375
vt 0.2890625 0.734375
vt 0.296875 0.7421875
vt 0.2890625 0.7421875
vt 0.296875 0.7265625
vt 0.2890625 0.7265625
vt 0.3125 0.7265625
vt 0.3046875 0.734375
vt 0.3046875 0.7265625
vt 0.3125 0.7421875
vt 0.3046875 0.7421875
vt 0.25 0.6796875
vt 0.2578125 0.671875
vt 0.265625 0.6796875
vt 0.2578125 0.6796875
vt 0.25 0.6640625
vt 0.2578125 0.65625
vt 0.265625 0.6640625
vt 0.2578125 0.6640625
vt 0.2734375 0.65625
vt 0.28125 0.6640625
vt 0.2734375 0.671875
vt 0.2734375 0.6640625
vt 0.28125 0.6796875
vt 0.2734375 0.6796875
vt 0.25 0.6484375
vt 0.2578125 0.640625
vt 0.265625 0.6484375
vt 0.2578125 0.6484375
vt 0.25 0.6328125
vt 0.2578125 0.625
vt 0.265625 0.6328125
vt 0.2578125 0.6328125
vt 0.2734375 0.625
vt 0.28125 0.6328125
vt 0.2734375 0.640625
vt 0.2734375 0.6328125
vt 0.28125 0.6484375
vt 0.2734375 0.6484375
vt 0.2890625 0.640625
vt 0.296875 0.6484375
vt 0.2890625 0.65625
vt 0.2890625 0.6484375
vt 0.2890625 0.625
vt 0.296875 0.6328125
vt 0.2890625 0.6328125
vt 0.3046875 0.625
vt 0.3125 0.6328125
vt 0.3046875 0.640625
vt 0.3046875 0.6328125
vt 0.3125 0.6484375
vt 0.3046875 0.65625
vt 0.3046875 0.6484375
vt 0.2890625 0.671875
vt 0.296875 0.6796875
vt 0.2890625 0.6796875
vt 0.296875 0.6640625
vt 0.2890625 0.6640625
vt 0.3125 0.6640625
vt 0.3046875 0.671875
vt 0.3046875 0.6640625
vt 0.3125 0.6796875
vt 0.3046875 0.6796875
vt 0.3203125 0.671875
vt 0.328125 0.6796875
vt 0.3203125 0.6875
vt 0.3203125 0.6796875
vt 0.3203125 0.65625
vt 0.328125 0.6640625
vt 0.3203125 0.6640625
vt 0.3359375 0.65625
vt 0.34375 0.6640625
vt 0.3359375 0.671875
vt 0.3359375 0.6640625
vt 0.34375 0.6796875
vt 0.3359375 0.6875
vt 0.3359375 0.6796875
vt 0.3203125 0.640625
vt 0.328125 0.6484375
vt 0.3203125 0.6484375
vt 0.3203125 0.625
vt 0.328125 0.6328125
vt 0.3203125 0.6328125
vt 0.3359375 0.625
vt 0.34375 0.6328125
vt 0.3359375 0.640625
vt 0.3359375 0.6328125
vt 0.34375 0.6484375
vt 0.3359375 0.6484375
vt 0.3515625 0.640625
vt 0.359375 0.6484375
vt 0.3515625 0.65625
vt 0.3515625 0.6484375
vt 0.3515625 0.625
vt 0.359375 0.6328125
vt 0.3515625 0.6328125
vt 0.3671875 0.625
vt 0.375 0.6328125
vt 0.3671875 0.640625
vt 0.3671875 0.6328125
vt 0.375 0.6484375
vt 0.3671875 0.65625
vt 0.3671875 0.6484375
vt 0.3515625 0.671875
vt 0.359375 0.6796875
vt 0.3515625 0.6875
vt 0.3515625 0.6796875
vt 0.359375 0.6640625
vt 0.3515625 0.6640625
vt 0.375 0.6640625
vt 0.3671875 0.671875
vt 0.3671875 0.6640625
vt 0.375 0.6796875
vt 0.3671875 0.6875
vt 0.3671875 0.6796875
vt 0.3203125 0.734375
vt 0.328125 0.7421875
vt 0.3203125 0.7421875
vt 0.3203125 0.71875
vt 0.328125 0.7265625
vt 0.3203125 0.7265625
vt 0.3359375 0.71875
vt 0.34375 0.7265625
vt 0.3359375 0.734375
vt 0.3359375 0.7265625
vt 0.34375 0.7421875
vt 0.3359375 0.7421875
vt 0.3203125 0.703125
vt 0.328125 0.7109375
vt 0.3203125 0.7109375
vt 0.328125 0.6953125
vt 0.3203125 0.6953125
vt 0.34375 0.6953125
vt 0.3359375 0.703125
vt 0.3359375 0.6953125
vt 0.34375 0.7109375
vt 0.3359375 0.7109375
vt 0.3515625 0.703125
vt 0.359375 0.7109375
vt 0.3515625 0.71875
vt 0.3515625 0.7109375
vt 0.359375 0.6953125
vt 0.3515625 0.6953125
vt 0.375 0.6953125
vt 0.3671875 0.703125
vt 0.3671875 0.6953125
vt 0.375 0.7109375
vt 0.3671875 0.71875
vt 0.3671875 0.7109375
vt 0.3515625 0.734375
vt 0.359375 0.7421875
vt 0.3515625 0.7421875
vt 0.359375 0.7265625
vt 0.3515625 0.7265625
vt 0.375 0.7265625
vt 0.3671875 0.734375
vt 0.3671875 0.7265625
vt 0.375 0.7421875
vt 0.3671875 0.7421875
vt 0.25 0.6171875
vt 0.2578125 0.609375
vt 0.265625 0.6171875
vt 0.2578125 0.6171875
vt 0.25 0.6015625
vt 0.2578125 0.59375
vt 0.265625 0.6015625
vt 0.2578125 0.6015625
vt 0.2734375 0.59375
vt 0.28125 0.6015625
vt 0.2734375 0.609375
vt 0.2734375 0.6015625
vt 0.28125 0.6171875
vt 0.2734375 0.6171875
vt 0.25 0.5859375
vt 0.2578125 0.578125
vt 0.265625 0.5859375
vt 0.2578125 0.5859375
vt 0.25 0.5703125
vt 0.2578125 0.5625
vt 0.265625 0.5703125
vt 0.2578125 0.5703125
vt 0.2734375 0.5625
vt 0.28125 0.5703125
vt 0.2734375 0.578125
vt 0.2734375 0.5703125
vt 0.28125 0.5859375
vt 0.2734375 0.5859375
vt 0.2890625 0.578125
vt 0.296875 0.5859375
vt 0.2890625 0.59375
vt 0.2890625 0.5859375
vt 0.2890625 0.5625
vt 0.296875 0.5703125
vt 0.2890625 0.5703125
vt 0.3046875 0.5625
vt 0.3125 0.5703125
vt 0.3046875 0.578125
vt 0.3046875 0.5703125
vt 0.3125 0.5859375
vt 0.3046875 0.59375
vt 0.3046875 0.5859375
vt 0.2890625 0.609375
vt 0.296875 0.6171875
vt 0.2890625 0.6171875
vt 0.296875 0.6015625
vt 0.2890625 0.6015625
vt 0.3125 0.6015625
vt 0.3046875 0.609375
vt 0.3046875 0.6015625
vt 0.3125 0.6171875
vt 0.3046875 0.6171875
vt 0.25 0.5546875
vt 0.2578125 0.546875
vt 0.265625 0.5546875
vt 0.2578125 0.5546875
vt 0.25 0.5390625
vt 0.2578125 0.53125
vt 0.265625 0.5390625
vt 0.2578125 0.5390625
vt 0.2734375 0.53125
vt 0.28125 0.5390625
vt 0.2734375 0.546875
vt 0.2734375 0.5390625
vt 0.28125 0.5546875
vt 0.2734375 0.5546875
vt 0.25 0.5234375
vt 0.2578125 0.515625
vt 0.265625 0.5234375
vt 0.2578125 0.5234375
vt 0.25 0.5078125
vt 0.265625 0.5078125
vt 0.2578125 0.5078125
vt 0.28125 0.5078125
vt 0.2734375 0.515625
vt 0.2734375 0.5078125
vt 0.28125 0.5234375
vt 0.2734375 0.5234375
vt 0.2890625 0.515625
vt 0.296875 0.5234375
vt 0.2890625 0.53125
vt 0.2890625 0.5234375
vt 0.296875 0.5078125
vt 0.2890625 0.5078125
vt 0.3125 0.5078125
vt 0.3046875 0.515625
vt 0.3046875 0.5078125
vt 0.3125 0.5234375
vt 0.3046875 0.53125
vt 0.3046875 0.5234375
vt 0.2890625 0.546875
vt 0.296875 0.5546875
vt 0.2890625 0.5546875
vt 0.296875 0.5390625
vt 0.2890625 0.5390625
vt 0.3125 0.5390625
vt 0.3046875 0.546875
vt 0.3046875 0.5390625
vt 0.3125 0.5546875
vt 0.3046875 0.5546875
vt 0.3203125 0.546875
vt 0.328125 0.5546875
vt 0.3203125 0.5625
vt 0.3203125 0.5546875
vt 0.3203125 0.53125
vt 0.328125 0.5390625
vt 0.3203125 0.5390625
vt 0.3359375 0.53125
vt 0.34375 0.5390625
vt 0.3359375 0.546875
vt 0.3359375 0.5390625
vt 0.34375 0.5546875
vt 0.3359375 0.5625
vt 0.3359375 0.5546875
vt 0.3203125 0.515625
vt 0.328125 0.5234375
vt 0.3203125 0.5234375
vt 0.328125 0.5078125
vt 0.3203125 0.5078125
vt 0.34375 0.5078125
vt 0.3359375 0.515625
vt 0.3359375 0.5078125
vt 0.34375 0.5234375
vt 0.3359375 0.5234375
vt 0.3515625 0.515625
vt 0.359375 0.5234375
vt 0.3515625 0.53125
vt 0.3515625 0.5234375
vt 0.359375 0.5078125
vt 0.3515625 0.5078125
vt 0.375 0.5078125
vt 0.3671875 0.515625
vt 0.3671875 0.5078125
vt 0.375 0.5234375
vt 0.3671875 0.53125
vt 0.3671875 0.5234375
vt 0.3515625 0.546875
vt 0.359375 0.5546875
vt 0.3515625 0.5625
vt 0.3515625 0.5546875
vt 0.359375 0.5390625
vt 0.3515625 0.5390625
vt 0.375 0.5390625
vt 0.3671875 0.546875
vt 0.3671875 0.5390625
vt 0.375 0.5546875
vt 0.3671875 0.5625
vt 0.3671875 0.5546875
vt 0.3203125 0.609375
vt 0.328125 0.6171875
vt 0.3203125 0.6171875
vt 0.3203125 0.59375
vt 0.328125 0.6015625
vt 0.3203125 0.6015625
vt 0.3359375 0.59375
vt 0.34375 0.6015625
vt 0.3359375 0.609375
vt 0.3359375 0.6015625
vt 0.34375 0.6171875
vt 0.3359375 0.6171875
vt 0.3203125 0.578125
vt 0.328125 0.5859375
vt 0.3203125 0.5859375
vt 0.328125 0.5703125
vt 0.3203125 0.5703125
vt 0.34375 0.5703125
vt 0.3359375 0.578125
vt 0.3359375 0.5703125
vt 0.34375 0.5859375
vt 0.3359375 0.5859375
vt 0.3515625 0.578125
vt 0.359375 0.5859375
vt 0.3515625 0.59375
vt 0.3515625 0.5859375
vt 0.359375 0.5703125
vt 0.3515625 0.5703125
vt 0.375 0.5703125
vt 0.3671875 0.578125
vt 0.3671875 0.5703125
vt 0.375 0.5859375
vt 0.3671875 0.59375
vt 0.3671875 0.5859375
vt 0.3515625 0.609375
vt 0.359375 0.6171875
vt 0.3515625 0.6171875
vt 0.359375 0.6015625
vt 0.3515625 0.6015625
vt 0.375 0.6015625
vt 0.3671875 0.609375
vt 0.3671875 0.6015625
vt 0.375 0.6171875
vt 0.3671875 0.6171875
vt 0.3828125 0.609375
vt 0.390625 0.6171875
vt 0.3828125 0.625
vt 0.3828125 0.6171875
vt 0.3828125 0.59375
vt 0.390625 0.6015625
vt 0.3828125 0.6015625
vt 0.3984375 0.59375
vt 0.40625 0.6015625
vt 0.3984375 0.609375
vt 0.3984375 0.6015625
vt 0.40625 0.6171875
vt 0.3984375 0.625
vt 0.3984375 0.6171875
vt 0.3828125 0.578125
vt 0.390625 0.5859375
vt 0.3828125 0.5859375
vt 0.3828125 0.5625
vt 0.390625 0.5703125
vt 0.3828125 0.5703125
vt 0.3984375 0.5625
vt 0.40625 0.5703125
vt 0.3984375 0.578125
vt 0.3984375 0.5703125
vt 0.40625 0.5859375
vt 0.3984375 0.5859375
vt 0.4140625 0.578125
vt 0.421875 0.5859375
vt 0.4140625 0.59375
vt 0.4140625 0.5859375
vt 0.4140625 0.5625
vt 0.421875 0.5703125
vt 0.4140625 0.5703125
vt 0.4296875 0.5625
vt 0.4375 0.5703125
vt 0.4296875 0.578125
vt 0.4296875 0.5703125
vt 0.4375 0.5859375
vt 0.4296875 0.59375
vt 0.4296875 0.5859375
vt 0.4140625 0.609375
vt 0.421875 0.6171875
vt 0.4140625 0.625
vt 0.4140625 0.6171875
vt 0.421875 0.6015625
vt 0.4140625 0.6015625
vt 0.4375 0.6015625
vt 0.4296875 0.609375
vt 0.4296875 0.6015625
vt 0.4375 0.6171875
vt 0.4296875 0.625
vt 0.4296875 0.6171875
vt 0.3828125 0.546875
vt 0.390625 0.5546875
vt 0.3828125 0.5546875
vt 0.3828125 0.53125
vt 0.390625 0.5390625
vt 0.3828125 0.5390625
vt 0.3984375 0.53125
vt 0.40625 0.5390625
vt 0.3984375 0.546875
vt 0.3984375 0.5390625
vt 0.40625 0.5546875
vt 0.3984375 0.5546875
vt 0.3828125 0.515625
vt 0.390625 0.5234375
vt 0.3828125 0.5234375
vt 0.390625 0.5078125
vt 0.3828125 0.5078125
vt 0.40625 0.5078125
vt 0.3984375 0.515625
vt 0.3984375 0.5078125
vt 0.40625 0.5234375
vt 0.3984375 0.5234375
vt 0.4140625 0.515625
vt 0.421875 0.5234375
vt 0.4140625 0.53125
vt 0.4140625 0.5234375
vt 0.421875 0.5078125
vt 0.4140625 0.5078125
vt 0.4375 0.5078125
vt 0.4296875 0.515625
vt 0.4296875 0.5078125
vt 0.4375 0.5234375
vt 0.4296875 0.53125
vt 0.4296875 0.5234375
vt 0.4140625 0.546875
vt 0.421875 0.5546875
vt 0.4140625 0.5546875
vt 0.421875 0.5390625
vt 0.4140625 0.5390625
vt 0.4375 0.5390625
vt 0.4296875 0.546875
vt 0.4296875 0.5390625
vt 0.4375 0.5546875
vt 0.4296875 0.5546875
vt 0.4453125 0.546875
vt 0.453125 0.5546875
vt 0.4453125 0.5625
vt 0.4453125 0.5546875
vt 0.4453125 0.53125
vt 0.453125 0.5390625
vt 0.4453125 0.5390625
vt 0.4609375 0.53125
vt 0.46875 0.5390625
vt 0.4609375 0.546875
vt 0.4609375 0.5390625
vt 0.46875 0.5546875
vt 0.4609375 0.5625
vt 0.4609375 0.5546875
vt 0.4453125 0.515625
vt 0.453125 0.5234375
vt 0.4453125 0.5234375
vt 0.453125 0.5078125
vt 0.4453125 0.5078125
vt 0.46875 0.5078125
vt 0.4609375 0.515625
vt 0.4609375 0.5078125
vt 0.46875 0.5234375
vt 0.4609375 0.5234375
vt 0.4765625 0.515625
vt 0.484375 0.5234375
vt 0.4765625 0.53125
vt 0.4765625 0.5234375
vt 0.484375 0.5078125
vt 0.4765625 0.5078125
vt 0.4921875 0.515625
vt 0.4921875 0.5078125
vt 0.4921875 0.53125
vt 0.4921875 0.5234375
vt 0.4765625 0.546875
vt 0.484375 0.5546875
vt 0.4765625 0.5625
vt 0.4765625 0.5546875
vt 0.484375 0.5390625
vt 0.4765625 0.5390625
vt 0.4921875 0.546875
vt 0.4921875 0.5390625
vt 0.4921875 0.5625
vt 0.4921875 0.5546875
vt 0.4453125 0.609375
vt 0.453125 0.6171875
vt 0.4453125 0.625
vt 0.4453125 0.6171875
vt 0.4453125 0.59375
vt 0.453125 0.6015625
vt 0.4453125 0.6015625
vt 0.4609375 0.59375
vt 0.46875 0.6015625
vt 0.4609375 0.609375
vt 0.4609375 0.6015625
vt 0.46875 0.6171875
vt 0.4609375 0.625
vt 0.4609375 0.6171875
vt 0.4453125 0.578125
vt 0.453125 0.5859375
vt 0.4453125 0.5859375
vt 0.453125 0.5703125
vt 0.4453125 0.5703125
vt 0.46875 0.5703125
vt 0.4609375 0.578125
vt 0.4609375 0.5703125
vt 0.46875 0.5859375
vt 0.4609375 0.5859375
vt 0.4765625 0.578125
vt 0.484375 0.5859375
vt 0.4765625 0.59375
vt 0.4765625 0.5859375
vt 0.484375 0.5703125
vt 0.4765625 0.5703125
vt 0.4921875 0.578125
vt 0.4921875 0.5703125
vt 0.4921875 0.59375
vt 0.4921875 0.5859375
vt 0.4765625 0.609375
vt 0.484375 0.6171875
vt 0.4765625 0.625
vt 0.4765625 0.6171875
vt 0.484375 0.6015625
vt 0.4765625 0.6015625
vt 0.4921875 0.609375
vt 0.4921875 0.6015625
vt 0.4921875 0.625
vt 0.4921875 0.6171875
vt 0.3828125 0.734375
vt 0.390625 0.7421875
vt 0.3828125 0.7421875
vt 0.3828125 0.71875
vt 0.390625 0.7265625
vt 0.3828125 0.7265625
vt 0.3984375 0.71875
vt 0.40625 0.7265625
vt 0.3984375 0.734375
vt 0.3984375 0.7265625
vt 0.40625 0.7421875
vt 0.3984375 0.7421875
vt 0.3828125 0.703125
vt 0.390625 0.7109375
vt 0.3828125 0.7109375
vt 0.3828125 0.6875
vt 0.390625 0.6953125
vt 0.3828125 0.6953125
vt 0.3984375 0.6875
vt 0.40625 0.6953125
vt 0.3984375 0.703125
vt 0.3984375 0.6953125
vt 0.40625 0.7109375
vt 0.3984375 0.7109375
vt 0.4140625 0.703125
vt 0.421875 0.7109375
vt 0.4140625 0.71875
vt 0.4140625 0.7109375
vt 0.4140625 0.6875
vt 0.421875 0.6953125
vt 0.4140625 0.6953125
vt 0.4296875 0.6875
vt 0.4375 0.6953125
vt 0.4296875 0.703125
vt 0.4296875 0.6953125
vt 0.4375 0.7109375
vt 0.4296875 0.71875
vt 0.4296875 0.7109375
vt 0.4140625 0.734375
vt 0.421875 0.7421875
vt 0.4140625 0.7421875
vt 0.421875 0.7265625
vt 0.4140625 0.7265625
vt 0.4375 0.7265625
vt 0.4296875 0.734375
vt 0.4296875 0.7265625
vt 0.4375 0.7421875
vt 0.4296875 0.7421875
vt 0.3828125 0.671875
vt 0.390625 0.6796875
vt 0.3828125 0.6796875
vt 0.3828125 0.65625
vt 0.390625 0.6640625
vt 0.3828125 0.6640625
vt 0.3984375 0.65625
vt 0.40625 0.6640625
vt 0.3984375 0.671875
vt 0.3984375 0.6640625
vt 0.40625 0.6796875
vt 0.3984375 0.6796875
vt 0.3828125 0.640625
vt 0.390625 0.6484375
vt 0.3828125 0.6484375
vt 0.390625 0.6328125
vt 0.3828125 0.6328125
vt 0.40625 0.6328125
vt 0.3984375 0.640625
vt 0.3984375 0.6328125
vt 0.40625 0.6484375
vt 0.3984375 0.6484375
vt 0.4140625 0.640625
vt 0.421875 0.6484375
vt 0.4140625 0.65625
vt 0.4140625 0.6484375
vt 0.421875 0.6328125
vt 0.4140625 0.6328125
vt 0.4375 0.6328125
vt 0.4296875 0.640625
vt 0.4296875 0.6328125
vt 0.4375 0.6484375
vt 0.4296875 0.65625
vt 0.4296875 0.6484375
vt 0.4140625 0.671875
vt 0.421875 0.6796875
vt 0.4140625 0.6796875
vt 0.421875 0.6640625
vt 0.4140625 0.6640625
vt 0.4375 0.6640625
vt 0.4296875 0.671875
vt 0.4296875 0.6640625
vt 0.4375 0.6796875
vt 0.4296875 0.6796875
vt 0.4453125 0.671875
vt 0.453125 0.6796875
vt 0.4453125 0.6875
vt 0.4453125 0.6796875
vt 0.4453125 0.65625
vt 0.453125 0.6640625
vt 0.4453125 0.6640625
vt 0.4609375 0.65625
vt 0.46875 0.6640625
vt 0.4609375 0.671875
vt 0.4609375 0.6640625
vt 0.46875 0.6796875
vt 0.4609375 0.6875
vt 0.4609375 0.6796875
vt 0.4453125 0.640625
vt 0.453125 0.6484375
vt 0.4453125 0.6484375
vt 0.453125 0.6328125
vt 0.4453125 0.6328125
vt 0.46875 0.6328125
vt 0.4609375 0.640625
vt 0.4609375 0.6328125
vt 0.46875 0.6484375
vt 0.4609375 0.6484375
vt 0.4765625 0.640625
vt 0.484375 0.6484375
vt 0.4765625 0.65625
vt 0.4765625 0.6484375
vt 0.484375 0.6328125
vt 0.4765625 0.6328125
vt 0.4921875 0.640625
vt 0.4921875 0.6328125
vt 0.4921875 0.65625
vt 0.4921875 0.6484375
vt 0.4765625 0.671875
vt 0.484375 0.6796875
vt 0.4765625 0.6875
vt 0.4765625 0.6796875
vt 0.484375 0.6640625
vt 0.4765625 0.6640625
vt 0.4921875 0.671875
vt 0.4921875 0.6640625
vt 0.4921875 0.6875
vt 0.4921875 0.6796875
vt 0.4453125 0.734375
vt 0.453125 0.7421875
vt 0.4453125 0.7421875
vt 0.4453125 0.71875
vt 0.453125 0.7265625
vt 0.4453125 0.7265625
vt 0.4609375 0.71875
vt 0.46875 0.7265625
vt 0.4609375 0.734375
vt 0.4609375 0.7265625
vt 0.46875 0.7421875
vt 0.4609375 0.7421875
vt 0.4453125 0.703125
vt 0.453125 0.7109375
vt 0.4453125 0.7109375
vt 0.453125 0.6953125
vt 0.4453125 0.6953125
vt 0.46875 0.6953125
vt 0.4609375 0.703125
vt 0.4609375 0.6953125
vt 0.46875 0.7109375
vt 0.4609375 0.7109375
vt 0.4765625 0.703125
vt 0.484375 0.7109375
vt 0.4765625 0.71875
vt 0.4765625 0.7109375
vt 0.484375 0.6953125
vt 0.4765625 0.6953125
vt 0.4921875 0.703125
vt 0.4921875 0.6953125
vt 0.4921875 0.71875
vt 0.4921875 0.7109375
vt 0.4765625 0.734375
vt 0.484375 0.7421875
vt 0.4765625 0.7421875
vt 0.484375 0.7265625
vt 0.4765625 0.7265625
vt 0.4921875 0.734375
vt 0.4921875 0.7265625
vt 0.4921875 0.7421875
vt 0.0078125 0.734375
vt 0.015625 0.7421875
vt 0.0078125 0.7421875
vt 0.0078125 0.71875
vt 0.015625 0.7265625
vt 0.0078125 0.7265625
vt 0.0234375 0.71875
vt 0.03125 0.7265625
vt 0.0234375 0.734375
vt 0.0234375 0.7265625
vt 0.03125 0.7421875
vt 0.0234375 0.7421875
vt 0.0078125 0.703125
vt 0.015625 0.7109375
vt 0.0078125 0.7109375
vt 0.0078125 0.6875
vt 0.015625 0.6953125
vt 0.0078125 0.6953125
vt 0.0234375 0.6875
vt 0.03125 0.6953125
vt 0.0234375 0.703125
vt 0.0234375 0.6953125
vt 0.03125 0.7109375
vt 0.0234375 0.7109375
vt 0.0390625 0.703125
vt 0.046875 0.7109375
vt 0.0390625 0.71875
vt 0.0390625 0.7109375
vt 0.0390625 0.6875
vt 0.046875 0.6953125
vt 0.0390625 0.6953125
vt 0.0546875 0.6875
vt 0.0625 0.6953125
vt 0.0546875 0.703125
vt 0.0546875 0.6953125
vt 0.0625 0.7109375
vt 0.0546875 0.71875
vt 0.0546875 0.7109375
vt 0.0390625 0.734375
vt 0.046875 0.7421875
vt 0.0390625 0.7421875
vt 0.046875 0.7265625
vt 0.0390625 0.7265625
vt 0.0625 0.7265625
vt 0.0546875 0.734375
vt 0.0546875 0.7265625
vt 0.0625 0.7421875
vt 0.0546875 0.7421875
vt 0.0078125 0.671875
vt 0.015625 0.6796875
vt 0.0078125 0.6796875
vt 0.0078125 0.65625
vt 0.015625 0.6640625
vt 0.0078125 0.6640625
vt 0.0234375 0.65625
vt 0.03125 0.6640625
vt 0.0234375 0.671875
vt 0.0234375 0.6640625
vt 0.03125 0.6796875
vt 0.0234375 0.6796875
vt 0.0078125 0.640625
vt 0.015625 0.6484375
vt 0.0078125 0.6484375
vt 0.0078125 0.625
vt 0.015625 0.6328125
vt 0.0078125 0.6328125
vt 0.0234375 0.625
vt 0.03125 0.6328125
vt 0.0234375 0.640625
vt 0.0234375 0.6328125
vt 0.03125 0.6484375
vt 0.0234375 0.6484375
vt 0.0390625 0.640625
vt 0.046875 0.6484375
vt 0.0390625 0.65625
vt 0.0390625 0.6484375
vt 0.0390625 0.625
vt 0.046875 0.6328125
vt 0.0390625 0.6328125
vt 0.0546875 0.625
vt 0.0625 0.6328125
vt 0.0546875 0.640625
vt 0.0546875 0.6328125
vt 0.0625 0.6484375
vt 0.0546875 0.65625
vt 0.0546875 0.6484375
vt 0.0390625 0.671875
vt 0.046875 0.6796875
vt 0.0390625 0.6796875
vt 0.046875 0.6640625
vt 0.0390625 0.6640625
vt 0.0625 0.6640625
vt 0.0546875 0.671875
vt 0.0546875 0.6640625
vt 0.0625 0.6796875
vt 0.0546875 0.6796875
vt 0.0703125 0.671875
vt 0.078125 0.6796875
vt 0.0703125 0.6875
vt 0.0703125 0.6796875
vt 0.0703125 0.65625
vt 0.078125 0.6640625
vt 0.0703125 0.6640625
vt 0.0859375 0.65625
vt 0.09375 0.6640625
vt 0.0859375 0.671875
vt 0.0859375 0.6640625
vt 0.09375 0.6796875
vt 0.0859375 0.6875
vt 0.0859375 0.6796875
vt 0.0703125 0.640625
vt 0.078125 0.6484375
vt 0.0703125 0.6484375
vt 0.0703125 0.625
vt 0.078125 0.6328125
vt 0.0703125 0.6328125
vt 0.0859375 0.625
vt 0.09375 0.6328125
vt 0.0859375 0.640625
vt 0.0859375 0.6328125
vt 0.09375 0.6484375
vt 0.0859375 0.6484375
vt 0.1015625 0.640625
vt 0.109375 0.6484375
vt 0.1015625 0.65625
vt 0.1015625 0.6484375
vt 0.1015625 0.625
vt 0.109375 0.6328125
vt 0.1015625 0.6328125
vt 0.1171875 0.625
vt 0.125 0.6328125
vt 0.1171875 0.640625
vt 0.1171875 0.6328125
vt 0.125 0.6484375
vt 0.1171875 0.65625
vt 0.1171875 0.6484375
vt 0.1015625 0.671875
vt 0.109375 0.6796875
vt 0.1015625 0.6875
vt 0.1015625 0.6796875
vt 0.109375 0.6640625
vt 0.1015625 0.6640625
vt 0.125 0.6640625
vt 0.1171875 0.671875
vt 0.1171875 0.6640625
vt 0.125 0.6796875
vt 0.1171875 0.6875
vt 0.1171875 0.6796875
vt 0.0703125 0.734375
vt 0.078125 0.7421875
vt 0.0703125 0.7421875
vt 0.0703125 0.71875
vt 0.078125 0.7265625
vt 0.0703125 0.7265625
vt 0.0859375 0.71875
vt 0.09375 0.7265625
vt 0.0859375 0.734375
vt 0.0859375 0.7265625
vt 0.09375 0.7421875
vt 0.0859375 0.7421875
vt 0.0703125 0.703125
vt 0.078125 0.7109375
vt 0.0703125 0.7109375
vt 0.078125 0.6953125
vt 0.0703125 0.6953125
vt 0.09375 0.6953125
vt 0.0859375 0.703125
vt 0.0859375 0.6953125
vt 0.09375 0.7109375
vt 0.0859375 0.7109375
vt 0.1015625 0.703125
vt 0.109375 0.7109375
vt 0.1015625 0.71875
vt 0.1015625 0.7109375
vt 0.109375 0.6953125
vt 0.1015625 0.6953125
vt 0.125 0.6953125
vt 0.1171875 0.703125
vt 0.1171875 0.6953125
vt 0.125 0.7109375
vt 0.1171875 0.71875
vt 0.1171875 0.7109375
vt 0.1015625 0.734375
vt 0.109375 0.7421875
vt 0.1015625 0.7421875
vt 0.109375 0.7265625
vt 0.1015625 0.7265625
vt 0.125 0.7265625
vt 0.1171875 0.734375
vt 0.1171875 0.7265625
vt 0.125 0.7421875
vt 0.1171875 0.7421875
vt 0.0078125 0.609375
vt 0.015625 0.6171875
vt 0.0078125 0.6171875
vt 0.0078125 0.59375
vt 0.015625 0.6015625
vt 0.0078125 0.6015625
vt 0.0234375 0.59375
vt 0.03125 0.6015625
vt 0.0234375 0.609375
vt 0.0234375 0.6015625
vt 0.03125 0.6171875
vt 0.0234375 0.6171875
vt 0.0078125 0.578125
vt 0.015625 0.5859375
vt 0.0078125 0.5859375
vt 0.0078125 0.5625
vt 0.015625 0.5703125
vt 0.0078125 0.5703125
vt 0.0234375 0.5625
vt 0.03125 0.5703125
vt 0.0234375 0.578125
vt 0.0234375 0.5703125
vt 0.03125 0.5859375
vt 0.0234375 0.5859375
vt 0.0390625 0.578125
vt 0.046875 0.5859375
vt 0.0390625 0.59375
vt 0.0390625 0.5859375
vt 0.0390625 0.5625
vt 0.046875 0.5703125
vt 0.0390625 0.5703125
vt 0.0546875 0.5625
vt 0.0625 0.5703125
vt 0.0546875 0.578125
vt 0.0546875 0.5703125
vt 0.0625 0.5859375
vt 0.0546875 0.59375
vt 0.0546875 0.5859375
vt 0.0390625 0.609375
vt 0.046875 0.6171875
vt 0.0390625 0.6171875
vt 0.046875 0.6015625
vt 0.0390625 0.6015625
vt 0.0625 0.6015625
vt 0.0546875 0.609375
vt 0.0546875 0.6015625
vt 0.0625 0.6171875
vt 0.0546875 0.6171875
vt 0.0078125 0.546875
vt 0.015625 0.5546875
vt 0.0078125 0.5546875
vt 0.0078125 0.53125
vt 0.015625 0.5390625
vt 0.0078125 0.5390625
vt 0.0234375 0.53125
vt 0.03125 0.5390625
vt 0.0234375 0.546875
vt 0.0234375 0.5390625
vt 0.03125 0.5546875
vt 0.0234375 0.5546875
vt 0.0078125 0.515625
vt 0.015625 0.5234375
vt 0.0078125 0.5234375
vt 0.015625 0.5078125
vt 0.0078125 0.5078125
vt 0.03125 0.5078125
vt 0.0234375 0.515625
vt 0.0234375 0.5078125
vt 0.03125 0.5234375
vt 0.0234375 0.5234375
vt 0.0390625 0.515625
vt 0.046875 0.5234375
vt 0.0390625 0.53125
vt 0.0390625 0.5234375
vt 0.046875 0.5078125
vt 0.0390625 0.5078125
vt 0.0625 0.5078125
vt 0.0546875 0.515625
vt 0.0546875 0.5078125
vt 0.0625 0.5234375
vt 0.0546875 0.53125
vt 0.0546875 0.5234375
vt 0.0390625 0.546875
vt 0.046875 0.5546875
vt 0.0390625 0.5546875
vt 0.046875 0.5390625
vt 0.0390625 0.5390625
vt 0.0625 0.5390625
vt 0.0546875 0.546875
vt 0.0546875 0.5390625
vt 0.0625 0.5546875
vt 0.0546875 0.5546875
vt 0.0703125 0.546875
vt 0.078125 0.5546875
vt 0.0703125 0.5625
vt 0.0703125 0.5546875
vt 0.0703125 0.53125
vt 0.078125 0.5390625
vt 0.0703125 0.5390625
vt 0.0859375 0.53125
vt 0.09375 0.5390625
vt 0.0859375 0.546875
vt 0.0859375 0.5390625
vt 0.09375 0.5546875
vt 0.0859375 0.5625
vt 0.0859375 0.5546875
vt 0.0703125 0.515625
vt 0.078125 0.5234375
vt 0.0703125 0.5234375
vt 0.078125 0.5078125
vt 0.0703125 0.5078125
vt 0.09375 0.5078125
vt 0.0859375 0.515625
vt 0.0859375 0.5078125
vt 0.09375 0.5234375
vt 0.0859375 0.5234375
vt 0.1015625 0.515625
vt 0.109375 0.5234375
vt 0.1015625 0.53125
vt 0.1015625 0.5234375
vt 0.109375 0.5078125
vt 0.1015625 0.5078125
vt 0.125 0.5078125
vt 0.1171875 0.515625
vt 0.1171875 0.5078125
vt 0.125 0.5234375
vt 0.1171875 0.53125
vt 0.1171875 0.5234375
vt 0.1015625 0.546875
vt 0.109375 0.5546875
vt 0.1015625 0.5625
vt 0.1015625 0.5546875
vt 0.109375 0.5390625
vt 0.1015625 0.5390625
vt 0.125 0.5390625
vt 0.1171875 0.546875
vt 0.1171875 0.5390625
vt 0.125 0.5546875
vt 0.1171875 0.5625
vt 0.1171875 0.5546875
vt 0.0703125 0.609375
vt 0.078125 0.6171875
vt 0.0703125 0.6171875
vt 0.0703125 0.59375
vt 0.078125 0.6015625
vt 0.0703125 0.6015625
vt 0.0859375 0.59375
vt 0.09375 0.6015625
vt 0.0859375 0.609375
vt 0.0859375 0.6015625
vt 0.09375 0.6171875
vt 0.0859375 0.6171875
vt 0.0703125 0.578125
vt 0.078125 0.5859375
vt 0.0703125 0.5859375
vt 0.078125 0.5703125
vt 0.0703125 0.5703125
vt 0.09375 0.5703125
vt 0.0859375 0.578125
vt 0.0859375 0.5703125
vt 0.09375 0.5859375
vt 0.0859375 0.5859375
vt 0.1015625 0.578125
vt 0.109375 0.5859375
vt 0.1015625 0.59375
vt 0.1015625 0.5859375
vt 0.109375 0.5703125
vt 0.1015625 0.5703125
vt 0.125 0.5703125
vt 0.1171875 0.578125
vt 0.1171875 0.5703125
vt 0.125 0.5859375
vt 0.1171875 0.59375
vt 0.1171875 0.5859375
vt 0.1015625 0.609375
vt 0.109375 0.6171875
vt 0.1015625 0.6171875
vt 0.109375 0.6015625
vt 0.1015625 0.6015625
vt 0.125 0.6015625
vt 0.1171875 0.609375
vt 0.1171875 0.6015625
vt 0.125 0.6171875
vt 0.1171875 0.6171875
vt 0.1328125 0.609375
vt 0.140625 0.6171875
vt 0.1328125 0.625
vt 0.1328125 0.6171875
vt 0.1328125 0.59375
vt 0.140625 0.6015625
vt 0.1328125 0.6015625
vt 0.1484375 0.59375
vt 0.15625 0.6015625
vt 0.1484375 0.609375
vt 0.1484375 0.6015625
vt 0.15625 0.6171875
vt 0.1484375 0.625
vt 0.1484375 0.6171875
vt 0.1328125 0.578125
vt 0.140625 0.5859375
vt 0.1328125 0.5859375
vt 0.1328125 0.5625
vt 0.140625 0.5703125
vt 0.1328125 0.5703125
vt 0.1484375 0.5625
vt 0.15625 0.5703125
vt 0.1484375 0.578125
vt 0.1484375 0.5703125
vt 0.15625 0.5859375
vt 0.1484375 0.5859375
vt 0.1640625 0.578125
vt 0.171875 0.5859375
vt 0.1640625 0.59375
vt 0.1640625 0.5859375
vt 0.1640625 0.5625
vt 0.171875 0.5703125
vt 0.1640625 0.5703125
vt 0.1796875 0.5625
vt 0.1875 0.5703125
vt 0.1796875 0.578125
vt 0.1796875 0.5703125
vt 0.1875 0.5859375
vt 0.1796875 0.59375
vt 0.1796875 0.5859375
vt 0.1640625 0.609375
vt 0.171875 0.6171875
vt 0.1640625 0.625
vt 0.1640625 0.6171875
vt 0.171875 0.6015625
vt 0.1640625 0.6015625
vt 0.1875 0.6015625
vt 0.1796875 0.609375
vt 0.1796875 0.6015625
vt 0.1875 0.6171875
vt 0.1796875 0.625
vt 0.1796875 0.6171875
vt 0.1328125 0.546875
vt 0.140625 0.5546875
vt 0.1328125 0.5546875
vt 0.1328125 0.53125
vt 0.140625 0.5390625
vt 0.1328125 0.5390625
vt 0.1484375 0.53125
vt 0.15625 0.5390625
vt 0.1484375 0.546875
vt 0.1484375 0.5390625
vt 0.15625 0.5546875
vt 0.1484375 0.5546875
vt 0.1328125 0.515625
vt 0.140625 0.5234375
vt 0.1328125 0.5234375
vt 0.140625 0.5078125
vt 0.1328125 0.5078125
vt 0.15625 0.5078125
vt 0.1484375 0.515625
vt 0.1484375 0.5078125
vt 0.15625 0.5234375
vt 0.1484375 0.5234375
vt 0.1640625 0.515625
vt 0.171875 0.5234375
vt 0.1640625 0.53125
vt 0.1640625 0.5234375
vt 0.171875 0.5078125
vt 0.1640625 0.5078125
vt 0.1875 0.5078125
vt 0.1796875 0.515625
vt 0.1796875 0.5078125
vt 0.1875 0.5234375
vt 0.1796875 0.53125
vt 0.1796875 0.5234375
vt 0.1640625 0.546875
vt 0.171875 0.5546875
vt 0.1640625 0.5546875
vt 0.171875 0.5390625
vt 0.1640625 0.5390625
vt 0.1875 0.5390625
vt 0.1796875 0.546875
vt 0.1796875 0.5390625
vt 0.1875 0.5546875
vt 0.1796875 0.5546875
vt 0.1953125 0.546875
vt 0.203125 0.5546875
vt 0.1953125 0.5625
vt 0.1953125 0.5546875
vt 0.1953125 0.53125
vt 0.203125 0.5390625
vt 0.1953125 0.5390625
vt 0.2109375 0.53125
vt 0.21875 0.5390625
vt 0.2109375 0.546875
vt 0.2109375 0.5390625
vt 0.21875 0.5546875
vt 0.2109375 0.5625
vt 0.2109375 0.5546875
vt 0.1953125 0.515625
vt 0.203125 0.5234375
vt 0.1953125 0.5234375
vt 0.203125 0.5078125
vt 0.1953125 0.5078125
vt 0.21875 0.5078125
vt 0.2109375 0.515625
vt 0.2109375 0.5078125
vt 0.21875 0.5234375
vt 0.2109375 0.5234375
vt 0.2265625 0.515625
vt 0.234375 0.5234375
vt 0.2265625 0.53125
vt 0.2265625 0.5234375
vt 0.234375 0.5078125
vt 0.2265625 0.5078125
vt 0.2421875 0.515625
vt 0.2421875 0.5078125
vt 0.2421875 0.53125
vt 0.2421875 0.5234375
vt 0.2265625 0.546875
vt 0.234375 0.5546875
vt 0.2265625 0.5625
vt 0.2265625 0.5546875
vt 0.234375 0.5390625
vt 0.2265625 0.5390625
vt 0.2421875 0.546875
vt 0.2421875 0.5390625
vt 0.2421875 0.5625
vt 0.2421875 0.5546875
vt 0.1953125 0.609375
vt 0.203125 0.6171875
vt 0.1953125 0.625
vt 0.1953125 0.6171875
vt 0.1953125 0.59375
vt 0.203125 0.6015625
vt 0.1953125 0.6015625
vt 0.2109375 0.59375
vt 0.21875 0.6015625
vt 0.2109375 0.609375
vt 0.2109375 0.6015625
vt 0.21875 0.6171875
vt 0.2109375 0.625
vt 0.2109375 0.6171875
vt 0.1953125 0.578125
vt 0.203125 0.5859375
vt 0.1953125 0.5859375
vt 0.203125 0.5703125
vt 0.1953125 0.5703125
vt 0.21875 0.5703125
vt 0.2109375 0.578125
vt 0.2109375 0.5703125
vt 0.21875 0.5859375
vt 0.2109375 0.5859375
vt 0.2265625 0.578125
vt 0.234375 0.5859375
vt 0.2265625 0.59375
vt 0.2265625 0.5859375
vt 0.234375 0.5703125
vt 0.2265625 0.5703125
vt 0.2421875 0.578125
vt 0.2421875 0.5703125
vt 0.2421875 0.59375
vt 0.2421875 0.5859375
vt 0.2265625 0.609375
vt 0.234375 0.6171875
vt 0.2265625 0.625
vt 0.2265625 0.6171875
vt 0.234375 0.6015625
vt 0.2265625 0.6015625
vt 0.2421875 0.609375
vt 0.2421875 0.6015625
vt 0.2421875 0.625
vt 0.2421875 0.6171875
vt 0.1328125 0.734375
vt 0.140625 0.7421875
vt 0.1328125 0.7421875
vt 0.1328125 0.71875
vt 0.140625 0.7265625
vt 0.1328125 0.7265625
vt 0.1484375 0.71875
vt 0.15625 0.7265625
vt 0.1484375 0.734375
vt 0.1484375 0.7265625
vt 0.15625 0.7421875
vt 0.1484375 0.7421875
vt 0.1328125 0.703125
vt 0.140625 0.7109375
vt 0.1328125 0.7109375
vt 0.1328125 0.6875
vt 0.140625 0.6953125
vt 0.1328125 0.6953125
vt 0.1484375 0.6875
vt 0.15625 0.6953125
vt 0.1484375 0.703125
vt 0.1484375 0.6953125
vt 0.15625 0.7109375
vt 0.1484375 0.7109375
vt 0.1640625 0.703125
vt 0.171875 0.7109375
vt 0.1640625 0.71875
vt 0.1640625 0.7109375
vt 0.1640625 0.6875
vt 0.171875 0.6953125
vt 0.1640625 0.6953125
vt 0.1796875 0.6875
vt 0.1875 0.6953125
vt 0.1796875 0.703125
vt 0.1796875 0.6953125
vt 0.1875 0.7109375
vt 0.1796875 0.71875
vt 0.1796875 0.7109375
vt 0.1640625 0.734375
vt 0.171875 0.7421875
vt 0.1640625 0.7421875
vt 0.171875 0.7265625
vt 0.1640625 0.7265625
vt 0.1875 0.7265625
vt 0.1796875 0.734375
vt 0.1796875 0.7265625
vt 0.1875 0.7421875
vt 0.1796875 0.7421875
vt 0.1328125 0.671875
vt 0.140625 0.6796875
vt 0.1328125 0.6796875
vt 0.1328125 0.65625
vt 0.140625 0.6640625
vt 0.1328125 0.6640625
vt 0.1484375 0.65625
vt 0.15625 0.6640625
vt 0.1484375 0.671875
vt 0.1484375 0.6640625
vt 0.15625 0.6796875
vt 0.1484375 0.6796875
vt 0.1328125 0.640625
vt 0.140625 0.6484375
vt 0.1328125 0.6484375
vt 0.140625 0.6328125
vt 0.1328125 0.6328125
vt 0.15625 0.6328125
vt 0.1484375 0.640625
vt 0.1484375 0.6328125
vt 0.15625 0.6484375
vt 0.1484375 0.6484375
vt 0.1640625 0.640625
vt 0.171875 0.6484375
vt 0.1640625 0.65625
vt 0.1640625 0.6484375
vt 0.171875 0.6328125
vt 0.1640625 0.6328125
vt 0.1875 0.6328125
vt 0.1796875 0.640625
vt 0.1796875 0.6328125
vt 0.1875 0.6484375
vt 0.1796875 0.65625
vt 0.1796875 0.6484375
vt 0.1640625 0.671875
vt 0.171875 0.6796875
vt 0.1640625 0.6796875
vt 0.171875 0.6640625
vt 0.1640625 0.6640625
vt 0.1875 0.6640625
vt 0.1796875 0.671875
vt 0.1796875 0.6640625
vt 0.1875 0.6796875
vt 0.1796875 0.6796875
vt 0.1953125 0.671875
vt 0.203125 0.6796875
vt 0.1953125 0.6875
vt 0.1953125 0.6796875
vt 0.1953125 0.65625
vt 0.203125 0.6640625
vt 0.1953125 0.6640625
vt 0.2109375 0.65625
vt 0.21875 0.6640625
vt 0.2109375 0.671875
vt 0.2109375 0.6640625
vt 0.21875 0.6796875
vt 0.2109375 0.6875
vt 0.2109375 0.6796875
vt 0.1953125 0.640625
vt 0.203125 0.6484375
vt 0.1953125 0.6484375
vt 0.203125 0.6328125
vt 0.1953125 0.6328125
vt 0.21875 0.6328125
vt 0.2109375 0.640625
vt 0.2109375 0.6328125
vt 0.21875 0.6484375
vt 0.2109375 0.6484375
vt 0.2265625 0.640625
vt 0.234375 0.6484375
vt 0.2265625 0.65625
vt 0.2265625 0.6484375
vt 0.234375 0.6328125
vt 0.2265625 0.6328125
vt 0.2421875 0.640625
vt 0.2421875 0.6328125
vt 0.2421875 0.65625
vt 0.2421875 0.6484375
vt 0.2265625 0.671875
vt 0.234375 0.6796875
vt 0.2265625 0.6875
vt 0.2265625 0.6796875
vt 0.234375 0.6640625
vt 0.2265625 0.6640625
vt 0.2421875 0.671875
vt 0.2421875 0.6640625
vt 0.2421875 0.6875
vt 0.2421875 0.6796875
vt 0.1953125 0.734375
vt 0.203125 0.7421875
vt 0.1953125 0.7421875
vt 0.1953125 0.71875
vt 0.203125 0.7265625
vt 0.1953125 0.7265625
vt 0.2109375 0.71875
vt 0.21875 0.7265625
vt 0.2109375 0.734375
vt 0.2109375 0.7265625
vt 0.21875 0.7421875
vt 0.2109375 0.7421875
vt 0.1953125 0.703125
vt 0.203125 0.7109375
vt 0.1953125 0.7109375
vt 0.203125 0.6953125
vt 0.1953125 0.6953125
vt 0.21875 0.6953125
vt 0.2109375 0.703125
vt 0.2109375 0.6953125
vt 0.21875 0.7109375
vt 0.2109375 0.7109375
vt 0.2265625 0.703125
vt 0.234375 0.7109375
vt 0.2265625 0.71875
vt 0.2265625 0.7109375
vt 0.234375 0.6953125
vt 0.2265625 0.6953125
vt 0.2421875 0.703125
vt 0.2421875 0.6953125
vt 0.2421875 0.71875
vt 0.2421875 0.7109375
vt 0.2265625 0.734375
vt 0.234375 0.7421875
vt 0.2265625 0.7421875
vt 0.234375 0.7265625
vt 0.2265625 0.7265625
vt 0.2421875 0.734375
vt 0.2421875 0.7265625
vt 0.2421875 0.7421875
vt 0.5 0
vt 0.75 0.75
vt 0.25 0
vt 0 0.75
vt 0.75 0.5
vt 0 0.5
vt 0.5 0.125
vt 0.375 1
vt 0.5 0.875
vt 0.5 0.375
vt 0 0.625
vt 0.125 0.5
vt 0.125 0.75
vt 0.5 0.0625
vt 0.5 0.1875
vt 0.4375 1
vt 0.5 0.9375
vt 0.3125 1
vt 0.5 0.8125
vt 0.5 0.3125
vt 0.5 0.4375
vt 0 0.6875
vt 0.0625 0.75
vt 0 0.5625
vt 0.0625 0.5
vt 0.1875 0.5
vt 0.1875 0.75
vt 0.5 0.03125
vt 0.5 0.09375
vt 0.5 0.15625
vt 0.5 0.21875
vt 0.46875 1
vt 0.5 0.96875
vt 0.40625 1
vt 0.5 0.90625
vt 0.34375 1
vt 0.28125 1
vt 0.5 0.84375
vt 0.5 0.78125
vt 0.5 0.28125
vt 0.5 0.34375
vt 0.5 0.40625
vt 0.5 0.46875
vt 0 0.71875
vt 0.03125 0.75
vt 0 0.65625
vt 0.09375 0.75
vt 0 0.59375
vt 0 0.53125
vt 0.03125 0.5
vt 0.09375 0.5
vt 0.15625 0.5
vt 0.21875 0.5
vt 0.15625 0.75
vt 0.21875 0.75
vt 0.5 0.015625
vt 0.5 0.046875
vt 0.5 0.078125
vt 0.5 0.109375
vt 0.5 0.140625
vt 0.5 0.171875
vt 0.5 0.203125
vt 0.5 0.234375
vt 0.484375 1
vt 0.5 0.984375
vt 0.453125 1
vt 0.5 0.953125
vt 0.421875 1
vt 0.390625 1
vt 0.5 0.921875
vt 0.5 0.890625
vt 0.359375 1
vt 0.328125 1
vt 0.296875 1
vt 0.265625 1
vt 0.5 0.859375
vt 0.5 0.828125
vt 0.5 0.796875
vt 0.5 0.765625
vt 0.5 0.265625
vt 0.5 0.296875
vt 0.5 0.328125
vt 0.5 0.359375
vt 0.5 0.390625
vt 0.5 0.421875
vt 0.5 0.453125
vt 0.5 0.484375
vt 0 0.734375
vt 0.015625 0.75
vt 0 0.703125
vt 0.046875 0.75
vt 0 0.671875
vt 0 0.640625
vt 0.078125 0.75
vt 0.109375 0.75
vt 0 0.609375
vt 0 0.578125
vt 0 0.546875
vt 0 0.515625
vt 0.015625 0.5
vt 0.046875 0.5
vt 0.078125 0.5
vt 0.109375 0.5
vt 0.140625 0.5
vt 0.171875 0.5
vt 0.203125 0.5
vt 0.234375 0.5
vt 0.140625 0.75
vt 0.171875 0.75
vt 0.203125 0.75
vt 0.234375 0.75
vt 0.5 0.0078125
vt 0.5 0.0234375
vt 0.5 0.0390625
vt 0.5 0.0546875
vt 0.5 0.0703125
vt 0.5 0.0859375
vt 0.5 0.1015625
vt 0.5 0.1171875
vt 0.5 0.1328125
vt 0.5 0.1484375
vt 0.5 0.1640625
vt 0.5 0.1796875
vt 0.5 0.1953125
vt 0.5 0.2109375
vt 0.5 0.2265625
vt 0.5 0.2421875
vt 0.4921875 1
vt 0.5 0.9921875
vt 0.4765625 1
vt 0.5 0.9765625
vt 0.4609375 1
vt 0.4453125 1
vt 0.5 0.9609375
vt 0.5 0.9453125
vt 0.4296875 1
vt 0.4140625 1
vt 0.3984375 1
vt 0.3828125 1
vt 0.5 0.9296875
vt 0.5 0.9140625
vt 0.5 0.8984375
vt 0.5 0.8828125
vt 0.3671875 1
vt 0.3515625 1
vt 0.3359375 1
vt 0.3203125 1
vt 0.3046875 1
vt 0.2890625 1
vt 0.2734375 1
vt 0.2578125 1
vt 0.5 0.8671875
vt 0.5 0.8515625
vt 0.5 0.8359375
vt 0.5 0.8203125
vt 0.5 0.8046875
vt 0.5 0.7890625
vt 0.5 0.7734375
vt 0.5 0.7578125
vt 0.5 0.2578125
vt 0.5 0.2734375
vt 0.5 0.2890625
vt 0.5 0.3046875
vt 0.5 0.3203125
vt 0.5 0.3359375
vt 0.5 0.3515625
vt 0.5 0.3671875
vt 0.5 0.3828125
vt 0.5 0.3984375
vt 0.5 0.4140625
vt 0.5 0.4296875
vt 0.5 0.4453125
vt 0.5 0.4609375
vt 0.5 0.4765625
vt 0.5 0.4921875
vt 0 0.7421875
vt 0.0078125 0.75
vt 0 0.7265625
vt 0.0234375 0.75
vt 0 0.7109375
vt 0 0.6953125
vt 0.0390625 0.75
vt 0.0546875 0.75
vt 0 0.6796875
vt 0 0.6640625
vt 0 0.6484375
vt 0 0.6328125
vt 0.0703125 0.75
vt 0.0859375 0.75
vt 0.1015625 0.75
vt 0.1171875 0.75
vt 0 0.6171875
vt 0 0.6015625
vt 0 0.5859375
vt 0 0.5703125
vt 0 0.5546875
vt 0 0.5390625
vt 0 0.5234375
vt 0 0.5078125
vt 0.0078125 0.5
vt 0.0234375 0.5
vt 0.0390625 0.5
vt 0.0546875 0.5
vt 0.0703125 0.5
vt 0.0859375 0.5
vt 0.1015625 0.5
vt 0.1171875 0.5
vt 0.1328125 0.5
vt 0.1484375 0.5
vt 0.1640625 0.5
vt 0.1796875 0.5
vt 0.1953125 0.5
vt 0.2109375 0.5
vt 0.2265625 0.5
vt 0.2421875 0.5
vt 0.1328125 0.75
vt 0.1484375 0.75
vt 0.1640625 0.75
vt 0.1796875 0.75
vt 0.1953125 0.75
vt 0.2109375 0.75
vt 0.2265625 0.75
vt 0.2421875 0.75
f 1/6151 1539/1539 1543/1543 1542/1542
f 1539/1539 387/387 1540/1540 1543/1543
f 1543/1543 1540/1540 391/391 1541/1541
f 1542/1542 1543/1543 1541/1541 390/390
f 387/387 1544/1544 1547/1547 1540/1540
f 1544/1544 99/99 1545/1545 1547/1547
f 1547/1547 1545/1545 388/388 1546/1546
f 1540/1540 1547/1547 1546/1546 391/391
f 391/391 1546/1546 1551/1551 1550/1550
f 1546/1546 388/388 1548/1548 1551/1551
f 1551/1551 1548/1548 103/103 1549/1549
f 1550/1550 1551/1551 1549/1549 389/389
f 390/390 1541/1541 1554/1554 1553/1553
f 1541/1541 391/391 1550/1550 1554/1554
f 1554/1554 1550/1550 389/389 1552/1552
f 1553/1553 1554/1554 1552/1552 102/102
f 99/99 1555/1555 1558/1558 1545/1545
f 1555/1555 392/392 1556/1556 1558/1558
f 1558/1558 1556/1556 395/395 1557/1557
f 1545/1545 1558/1558 1557/1557 388/388
f 392/392 1559/1559 1562/1562 1556/1556
f 1559/1559 27/27 1560/1560 1562/1562
f 1562/1562 1560/1560 393/393 1561/1561
f 1556/1556 1562/1562 1561/1561 395/395
f 395/395 1561/1561 1566/1566 1565/1565
f 1561/1561 393/393 1563/1563 1566/1566
f 1566/1566 1563/1563 100/100 1564/1564
f 1565/1565 1566/1566 1564/1564 394/394
f 388/388 1557/1557 1568/1568 1548/1548
f 1557/1557 395/395 1565/1565 1568/1568
f 1568/1568 1565/1565 394/394 1567/1567
f 1548/1548 1568/1568 1567/1567 103/103
f 103/103 1567/1567 1572/1572 1571/1571
f 1567/1567 394/394 1569/1569 1572/1572
f 1572/1572 1569/1569 399/399 1570/1570
f 1571/1571 1572/1572 1570/1570 398/398
f 394/394 1564/1564 1575/1575 1569/1569
f 1564/1564 100/100 1573/1573 1575/1575
f 1575/1575 1573/1573 396/396 1574/1574
f 1569/1569 1575/1575 1574/1574 399/399
f 399/399 1574/1574 1579/1579 1578/1578
f 1574/1574 396/396 1576/1576 1579/1579
f 1579/1579 1576/1576 31/31 1577/1577
f 1578/1578 1579/1579 1577/1577 397/397
f 398/398 1570/1570 1582/1582 1581/1581
f 1570/1570 399/399 1578/1578 1582/1582
f 1582/1582 1578/1578 397/397 1580/1580
f 1581/1581 1582/1582 1580/1580 101/101
f 102/102 1552/1552 1586/1586 1585/1585
f 1552/1552 389/389 1583/1583 1586/1586
f 1586/1586 1583/1583 402/402 1584/1584
f 1585/1585 1586/1586 1584/1584 401/401
f 389/389 1549/1549 1588/1588 1583/1583
f 1549/1549 103/103 1571/1571 1588/1588
f 1588/1588 1571/1571 398/398 1587/1587
f 1583/1583 1588/1588 1587/1587 402/402
f 402/402 1587/1587 1591/1591 1590/1590
f 1587/1587 398/398 1581/1581 1591/1591
f 1591/1591 1581/1581 101/101 1589/1589
f 1590/1590 1591/1591 1589/1589 400/400
f 401/401 1584/1584 1594/1594 1593/1593
f 1584/1584 402/402 1590/1590 1594/1594
f 1594/1594 1590/1590 400/400 1592/1592
f 1593/1593 1594/1594 1592/1592 30/30
f 27/27 1595/1595 1598/1598 1560/1560
f 1595/1595 403/403 1596/1596 1598/1598
f 1598/1598 1596/1596 406/406 1597/1597
f 1560/1560 1598/1598 1597/1597 393/393
f 403/403 1599/1599 1602/1602 1596/1596
f 1599/1599 104/104 1600/1600 1602/1602
f 1602/1602 1600/1600 404/404 1601/1601
f 1596/1596 1602/1602 1601/1601 406/406
f 406/406 1601/1601 1606/1606 1605/1605
f 1601/1601 404/404 1603/1603 1606/1606
f 1606/1606 1603/1603 107/107 1604/1604
f 1605/1605 1606/1606 1604/1604 405/405
f 393/393 1597/1597 1608/1608 1563/1563
f 1597/1597 406/406 1605/1605 1608/1608
f 1608/1608 1605/1605 405/405 1607/1607
f 1563/1563 1608/1608 1607/1607 100/100
f 104/104 1609/1609 1612/1612 1600/1600
f 1609/1609 407/407 1610/1610 1612/1612
f 1612/1612 1610/1610 410/410 1611/1611
f 1600/1600 1612/1612 1611/1611 404/404
f 407/407 1613/1613 1616/1616 1610/1610
f 1613/1613 9/9 1614/1614 1616/1616
f 1616/1616 1614/1614 408/408 1615/1615
f 1610/1610 1616/1616 1615/1615 410/410
f 410/410 1615/1615 1620/1620 1619/1619
f 1615/1615 408/408 1617/1617 1620/1620
f 1620/1620 1617/1617 105/105 1618/1618
f 1619/1619 1620/1620 1618/1618 409/409
f 404/404 1611/1611 1622/1622 1603/1603
f 1611/1611 410/410 1619/1619 1622/1622
f 1622/1622 1619/1619 409/409 1621/1621
f 1603/1603 1622/1622 1621/1621 107/107
f 107/107 1621/1621 1626/1626 1625/1625
f 1621/1621 409/409 1623/1623 1626/1626
f 1626/1626 1623/1623 414/414 1624/1624
f 1625/1625 1626/1626 1624/1624 413/413
f 409/409 1618/1618 1629/1629 1623/1623
f 1618/1618 105/105 1627/1627 1629/1629
f 1629/1629 1627/1627 411/411 1628/1628
f 1623/1623 1629/1629 1628/1628 414/414
f 414/414 1628/1628 1633/1633 1632/1632
f 1628/1628 411/411 1630/1630 1633/1633
f 1633/1633 1630/1630 28/28 1631/1631
f 1632/1632 1633/1633 1631/1631 412/412
f 413/413 1624/1624 1636/1636 1635/1635
f 1624/1624 414/414 1632/1632 1636/1636
f 1636/1636 1632/1632 412/412 1634/1634
f 1635/1635 1636/1636 1634/1634 106/106
f 100/100 1607/1607 1639/1639 1573/1573
f 1607/1607 405/405 1637/1637 1639/1639
f 1639/1639 1637/1637 416/416 1638/1638
f 1573/1573 1639/1639 1638/1638 396/396
f 405/405 1604/1604 1641/1641 1637/1637
f 1604/1604 107/107 1625/1625 1641/1641
f 1641/1641 1625/1625 413/413 1640/1640
f 1637/1637 1641/1641 1640/1640 416/416
f 416/416 1640/1640 1644/1644 1643/1643
f 1640/1640 413/413 1635/1635 1644/1644
f 1644/1644 1635/1635 106/106 1642/1642
f 1643/1643 1644/1644 1642/1642 415/415
f 396/396 1638/1638 1646/1646 1576/1576
f 1638/1638 416/416 1643/1643 1646/1646
f 1646/1646 1643/1643 415/415 1645/1645
f 1576/1576 1646/1646 1645/1645 31/31
f 31/31 1645/1645 1650/1650 1649/1649
f 1645/1645 415/415 1647/1647 1650/1650
f 1650/1650 1647/1647 420/420 1648/1648
f 1649/1649 1650/1650 1648/1648 419/419
f 415/415 1642/1642 1653/1653 1647/1647
f 1642/1642 106/106 1651/1651 1653/1653
f 1653/1653 1651/1651 417/417 1652/1652
f 1647/1647 1653/1653 1652/1652 420/420
f 420/420 1652/1652 1657/1657 1656/1656
f 1652/1652 417/417 1654/1654 1657/1657
f 1657/1657 1654/1654 111/111 1655/1655
f 1656/1656 1657/1657 1655/1655 418/418
f 419/419 1648/1648 1660/1660 1659/1659
f 1648/1648 420/420 1656/1656 1660/1660
f 1660/1660 1656/1656 418/418 1658/1658
f 1659/1659 1660/1660 1658/1658 110/110
f 106/106 1634/1634 1663/1663 1651/1651
f 1634/1634 412/412 1661/1661 1663/1663
f 1663/1663 1661/1661 423/423 1662/1662
f 1651/1651 1663/1663 1662/1662 417/417
f 412/412 1631/1631 1666/1666 1661/1661
f 1631/1631 28/28 1664/1664 1666/1666
f 1666/1666 1664/1664 421/421 1665/1665
f 1661/1661 1666/1666 1665/1665 423/423
f 423/423 1665/1665 1670/1670 1669/1669
f 1665/1665 421/421 1667/1667 1670/1670
f 1670/1670 1667/1667 108/108 1668/1668
f 1669/1669 1670/1670 1668/1668 422/422
f 417/417 1662/1662 1672/1672 1654/1654
f 1662/1662 423/423 1669/1669 1672/1672
f 1672/1672 1669/1669 422/422 1671/1671
f 1654/1654 1672/1672 1671/1671 111/111
f 111/111 1671/1671 1676/1676 1675/1675
f 1671/1671 422/422 1673/1673 1676/1676
f 1676/1676 1673/1673 427/427 1674/1674
f 1675/1675 1676/1676 1674/1674 426/426
f 422/422 1668/1668 1679/1679 1673/1673
f 1668/1668 108/108 1677/1677 1679/1679
f 1679/1679 1677/1677 424/424 1678/1678
f 1673/1673 1679/1679 1678/1678 427/427
f 427/427 1678/1678 1683/1683 1682/1682
f 1678/1678 424/424 1680/1680 1683/1683
f 1683/1683 1680/1680 13/13 1681/1681
f 1682/1682 1683/1683 1681/1681 425/425
f 426/426 1674/1674 1686/1686 1685/1685
f 1674/1674 427/427 1682/1682 1686/1686
f 1686/1686 1682/1682 425/425 1684/1684
f 1685/1685 1686/1686 1684/1684 109/109
f 110/110 1658/1658 1690/1690 1689/1689
f 1658/1658 418/418 1687/1687 1690/1690
f 1690/1690 1687/1687 430/430 1688/1688
f 1689/1689 1690/1690 1688/1688 429/429
f 418/418 1655/1655 1692/1692 1687/1687
f 1655/1655 111/111 1675/1675 1692/1692
f 1692/1692 1675/1675 426/426 1691/1691
f 1687/1687 1692/1692 1691/1691 430/430
f 430/430 1691/1691 1695/1695 1694/1694
f 1691/1691 426/426 1685/1685 1695/1695
f 1695/1695 1685/1685 109/109 1693/1693
f 1694/1694 1695/1695 1693/1693 428/428
f 429/429 1688/1688 1698/1698 1697/1697
f 1688/1688 430/430 1694/1694 1698/1698
f 1698/1698 1694/1694 428/428 1696/1696
f 1697/1697 1698/1698 1696/1696 29/29
f 30/30 1592/1592 1702/1702 1701/1701
f 1592/1592 400/400 1699/1699 1702/1702
f 1702/1702 1699/1699 434/434 1700/1700
f 1701/1701 1702/1702 1700/1700 433/433
f 400/400 1589/1589 1705/1705 1699/1699
f 1589/1589 101/101 1703/1703 1705/1705
f 1705/1705 1703/1703 431/431 1704/1704
f 1699/1699 1705/1705 1704/1704 434/434
f 434/434 1704/1704 1709/1709 1708/1708
f 1704/1704 431/431 1706/1706 1709/1709
f 1709/1709 1706/1706 114/114 1707/1707
f 1708/1708 1709/1709 1707/1707 432/432
f 433/433 1700/1700 1712/1712 1711/1711
f 1700/1700 434/434 1708/1708 1712/1712
f 1712/1712 1708/1708 432/432 1710/1710
f 1711/1711 1712/1712 1710/1710 113/113
f 101/101 1580/1580 1715/1715 1703/1703
f 1580/1580 397/397 1713/1713 1715/1715
f 1715/1715 1713/1713 436/436 1714/1714
f 1703/1703 1715/1715 1714/1714 431/431
f 397/397 1577/1577 1717/1717 1713/1713
f 1577/1577 31/31 1649/1649 1717/1717
f 1717/1717 1649/1649 419/419 1716/1716
f 1713/1713 1717/1717 1716/1716 436/436
f 436/436 1716/1716 1720/1720 1719/1719
f 1716/1716 419/419 1659/1659 1720/1720
f 1720/1720 1659/1659 110/110 1718/1718
f 1719/1719 1720/1720 1718/1718 435/435
f 431/431 1714/1714 1722/1722 1706/1706
f 1714/1714 436/436 1719/1719 1722/1722
f 1722/1722 1719/1719 435/435 1721/1721
f 1706/1706 1722/1722 1721/1721 114/114
f 114/114 1721/1721 1726/1726 1725/1725
f 1721/1721 435/435 1723/1723 1726/1726
f 1726/1726 1723/1723 439/439 1724/1724
f 1725/1725 1726/1726 1724/1724 438/438
f 435/435 1718/1718 1728/1728 1723/1723
f 1718/1718 110/110 1689/1689 1728/1728
f 1728/1728 1689/1689 429/429 1727/1727
f 1723/1723 1728/1728 1727/1727 439/439
f 439/439 1727/1727 1731/1731 1730/1730
f 1727/1727 429/429 1697/1697 1731/1731
f 1731/1731 1697/1697 29/29 1729/1729
f 1730/1730 1731/1731 1729/1729 437/437
f 438/438 1724/1724 1734/1734 1733/1733
f 1724/1724 439/439 1730/1730 1734/1734
f 1734/1734 1730/1730 437/437 1732/1732
f 1733/1733 1734/1734 1732/1732 112/112
f 113/113 1710/1710 1738/1738 1737/1737
f 1710/1710 432/432 1735/1735 1738/1738
f 1738/1738 1735/1735 442/442 1736/1736
f 1737/1737 1738/1738 1736/1736 441/441
f 432/432 1707/1707 1740/1740 1735/1735
f 1707/1707 114/114 1725/1725 1740/1740
f 1740/1740 1725/1725 438/438 1739/1739
f 1735/1735 1740/1740 1739/1739 442/442
f 442/442 1739/1739 1743/1743 1742/1742
f 1739/1739 438/438 1733/1733 1743/1743
f 1743/1743 1733/1733 112/112 1741/1741
f 1742/1742 1743/1743 1741/1741 440/440
f 441/441 1736/1736 1746/1746 1745/1745
f 1736/1736 442/442 1742/1742 1746/1746
f 1746/1746 1742/1742 440/440 1744/1744
f 1745/1745 1746/1746 1744/1744 12/12
f 9/9 1747/1747 1750/1750 1614/1614
f 1747/1747 443/443 1748/1748 1750/1750
f 1750/1750 1748/1748 446/446 1749/1749
f 1614/1614 1750/1750 1749/1749 408/408
f 443/443 1751/1751 1754/1754 1748/1748
f 1751/1751 115/115 1752/1752 1754/1754
f 1754/1754 1752/1752 444/444 1753/1753
f 1748/1748 1754/1754 1753/1753 446/446
f 446/446 1753/1753 1758/1758 1757/1757
f 1753/1753 444/444 1755/1755 1758/1758
f 1758/1758 1755/1755 118/118 1756/1756
f 1757/1757 1758/1758 1756/1756 445/445
f 408/408 1749/1749 1760/1760 1617/1617
f 1749/1749 446/446 1757/1757 1760/1760
f 1760/1760 1757/1757 445/445 1759/1759
f 1617/1617 1760/1760 1759/1759 105/105
f 115/115 1761/1761 1764/1764 1752/1752
f 1761/1761 447/447 1762/1762 1764/1764
f 1764/1764 1762/1762 450/450 1763/1763
f 1752/1752 1764/1764 1763/1763 444/444
f 447/447 1765/1765 1768/1768 1762/1762
f 1765/1765 32/32 1766/1766 1768/1768
f 1768/1768 1766/1766 448/448 1767/1767
f 1762/1762 1768/1768 1767/1767 450/450
f 450/450 1767/1767 1772/1772 1771/1771
f 1767/1767 448/448 1769/1769 1772/1772
f 1772/1772 1769/1769 116/116 1770/1770
f 1771/1771 1772/1772 1770/1770 449/449
f 444/444 1763/1763 1774/1774 1755/1755
f 1763/1763 450/450 1771/1771 1774/1774
f 1774/1774 1771/1771 449/449 1773/1773
f 1755/1755 1774/1774 1773/1773 118/118
f 118/118 1773/1773 1778/1778 1777/1777
f 1773/1773 449/449 1775/1775 1778/1778
f 1778/1778 1775/1775 454/454 1776/1776
f 1777/1777 1778/1778 1776/1776 453/453
f 449/449 1770/1770 1781/1781 1775/1775
f 1770/1770 116/116 1779/1779 1781/1781
f 1781/1781 1779/1779 451/451 1780/1780
f 1775/1775 1781/1781 1780/1780 454/454
f 454/454 1780/1780 1785/1785 1784/1784
f 1780/1780 451/451 1782/1782 1785/1785
f 1785/1785 1782/1782 35/35 1783/1783
f 1784/1784 1785/1785 1783/1783 452/452
f 453/453 1776/1776 1788/1788 1787/1787
f 1776/1776 454/454 1784/1784 1788/1788
f 1788/1788 1784/1784 452/452 1786/1786
f 1787/1787 1788/1788 1786/1786 117/117
f 105/105 1759/1759 1791/1791 1627/1627
f 1759/1759 445/445 1789/1789 1791/1791
f 1791/1791 1789/1789 456/456 1790/1790
f 1627/1627 1791/1791 1790/1790 411/411
f 445/445 1756/1756 1793/1793 1789/1789
f 1756/1756 118/118 1777/1777 1793/1793
f 1793/1793 1777/1777 453/453 1792/1792
f 1789/1789 1793/1793 1792/1792 456/456
f 456/456 1792/1792 1796/1796 1795/1795
f 1792/1792 453/453 1787/1787 1796/1796
f 1796/1796 1787/1787 117/117 1794/1794
f 1795/1795 1796/1796 1794/1794 455/455
f 411/411 1790/1790 1798/1798 1630/1630
f 1790/1790 456/456 1795/1795 1798/1798
f 1798/1798 1795/1795 455/455 1797/1797
f 1630/1630 1798/1798 1797/1797 28/28
f 32/32 1799/1799 1802/1802 1766/1766
f 1799/1799 457/457 1800/1800 1802/1802
f 1802/1802 1800/1800 460/460 1801/1801
f 1766/1766 1802/1802 1801/1801 448/448
f 457/457 1803/1803 1806/1806 1800/1800
f 1803/1803 119/119 1804/1804 1806/1806
f 1806/1806 1804/1804 458/458 1805/1805
f 1800/1800 1806/1806 1805/1805 460/460
f 460/460 1805/1805 1810/1810 1809/1809
f 1805/1805 458/458 1807/1807 1810/1810
f 1810/1810 1807/1807 122/122 1808/1808
f 1809/1809 1810/1810 1808/1808 459/459
f 448/448 1801/1801 1812/1812 1769/1769
f 1801/1801 460/460 1809/1809 1812/1812
f 1812/1812 1809/1809 459/459 1811/1811
f 1769/1769 1812/1812 1811/1811 116/116
f 119/119 1813/1813 1816/1816 1804/1804
f 1813/1813 461/461 1814/1814 1816/1816
f 1816/1816 1814/1814 464/464 1815/1815
f 1804/1804 1816/1816 1815/1815 458/458
f 461/461 1817/1817 1820/1820 1814/1814
f 1817/1817 2/6148 1818/1818 1820/1820
f 1820/1820 1818/1818 462/462 1819/1819
f 1814/1814 1820/1820 1819/1819 464/464
f 464/464 1819/1819 1824/1824 1823/1823
f 1819/1819 462/462 1821/1821 1824/1824
f 1824/1824 1821/1821 120/120 1822/1822
f 1823/1823 1824/1824 1822/1822 463/463
f 458/458 1815/1815 1826/1826 1807/1807
f 1815/1815 464/464 1823/1823 1826/1826
f 1826/1826 1823/1823 463/463 1825/1825
f 1807/1807 1826/1826 1825/1825 122/122
f 122/122 1825/1825 1830/1830 1829/1829
f 1825/1825 463/463 1827/1827 1830/1830
f 1830/1830 1827/1827 468/468 1828/1828
f 1829/1829 1830/1830 1828/1828 467/467
f 463/463 1822/1822 1833/1833 1827/1827
f 1822/1822 120/120 1831/1831 1833/1833
f 1833/1833 1831/1831 465/465 1832/1832
f 1827/1827 1833/1833 1832/1832 468/468
f 468/468 1832/1832 1837/1837 1836/1836
f 1832/1832 465/465 1834/1834 1837/1837
f 1837/1837 1834/1834 33/33 1835/1835
f 1836/1836 1837/1837 1835/1835 466/466
f 467/467 1828/1828 1840/1840 1839/1839
f 1828/1828 468/468 1836/1836 1840/1840
f 1840/1840 1836/1836 466/466 1838/1838
f 1839/1839 1840/1840 1838/1838 121/121
f 116/116 1811/1811 1843/1843 1779/1779
f 1811/1811 459/459 1841/1841 1843/1843
f 1843/1843 1841/1841 470/470 1842/1842
f 1779/1779 1843/1843 1842/1842 451/451
f 459/459 1808/1808 1845/1845 1841/1841
f 1808/1808 122/122 1829/1829 1845/1845
f 1845/1845 1829/1829 467/467 1844/1844
f 1841/1841 1845/1845 1844/1844 470/470
f 470/470 1844/1844 1848/1848 1847/1847
f 1844/1844 467/467 1839/1839 1848/1848
f 1848/1848 1839/1839 121/121 1846/1846
f 1847/1847 1848/1848 1846/1846 469/469
f 451/451 1842/1842 1850/1850 1782/1782
f 1842/1842 470/470 1847/1847 1850/1850
f 1850/1850 1847/1847 469/469 1849/1849
f 1782/1782 1850/1850 1849/1849 35/35
f 35/35 1849/1849 1854/1854 1853/1853
f 1849/1849 469/469 1851/1851 1854/1854
f 1854/1854 1851/1851 474/474 1852/1852
f 1853/1853 1854/1854 1852/1852 473/473
f 469/469 1846/1846 1857/1857 1851/1851
f 1846/1846 121/121 1855/1855 1857/1857
f 1857/1857 1855/1855 471/471 1856/1856
f 1851/1851 1857/1857 1856/1856 474/474
f 474/474 1856/1856 1861/1861 1860/1860
f 1856/1856 471/471 1858/1858 1861/1861
f 1861/1861 1858/1858 126/126 1859/1859
f 1860/1860 1861/1861 1859/1859 472/472
f 473/473 1852/1852 1864/1864 1863/1863
f 1852/1852 474/474 1860/1860 1864/1864
f 1864/1864 1860/1860 472/472 1862/1862
f 1863/1863 1864/1864 1862/1862 125/125
f 121/121 1838/1838 1867/1867 1855/1855
f 1838/1838 466/466 1865/1865 1867/1867
f 1867/1867 1865/1865 477/477 1866/1866
f 1855/1855 1867/1867 1866/1866 471/471
f 466/466 1835/1835 1870/1870 1865/1865
f 1835/1835 33/33 1868/1868 1870/1870
f 1870/1870 1868/1868 475/475 1869/1869
f 1865/1865 1870/1870 1869/1869 477/477
f 477/477 1869/1869 1874/1874 1873/1873
f 1869/1869 475/475 1871/1871 1874/1874
f 1874/1874 1871/1871 123/123 1872/1872
f 1873/1873 1874/1874 1872/1872 476/476
f 471/471 1866/1866 1876/1876 1858/1858
f 1866/1866 477/477 1873/1873 1876/1876
f 1876/1876 1873/1873 476/476 1875/1875
f 1858/1858 1876/1876 1875/1875 126/126
f 126/126 1875/1875 1880/1880 1879/1879
f 1875/1875 476/476 1877/1877 1880/1880
f 1880/1880 1877/1877 481/481 1878/1878
f 1879/1879 1880/1880 1878/1878 480/480
f 476/476 1872/1872 1883/1883 1877/1877
f 1872/1872 123/123 1881/1881 1883/1883
f 1883/1883 1881/1881 478/478 1882/1882
f 1877/1877 1883/1883 1882/1882 481/481
f 481/481 1882/1882 1887/1887 1886/1886
f 1882/1882 478/478 1884/1884 1887/1887
f 1887/1887 1884/1884 10/10 1885/1885
f 1886/1886 1887/1887 1885/1885 479/479
f 480/480 1878/1878 1890/1890 1889/1889
f 1878/1878 481/481 1886/1886 1890/1890
f 1890/1890 1886/1886 479/479 1888/1888
f 1889/1889 1890/1890 1888/1888 124/124
f 125/125 1862/1862 1894/1894 1893/1893
f 1862/1862 472/472 1891/1891 1894/1894
f 1894/1894 1891/1891 484/484 1892/1892
f 1893/1893 1894/1894 1892/1892 483/483
f 472/472 1859/1859 1896/1896 1891/1891
f 1859/1859 126/126 1879/1879 1896/1896
f 1896/1896 1879/1879 480/480 1895/1895
f 1891/1891 1896/1896 1895/1895 484/484
f 484/484 1895/1895 1899/1899 1898/1898
f 1895/1895 480/480 1889/1889 1899/1899
f 1899/1899 1889/1889 124/124 1897/1897
f 1898/1898 1899/1899 1897/1897 482/482
f 483/483 1892/1892 1902/1902 1901/1901
f 1892/1892 484/484 1898/1898 1902/1902
f 1902/1902 1898/1898 482/482 1900/1900
f 1901/1901 1902/1902 1900/1900 34/34
f 28/28 1797/1797 1905/1905 1664/1664
f 1797/1797 455/455 1903/1903 1905/1905
f 1905/1905 1903/1903 487/487 1904/1904
f 1664/1664 1905/1905 1904/1904 421/421
f 455/455 1794/1794 1908/1908 1903/1903
f 1794/1794 117/117 1906/1906 1908/1908
f 1908/1908 1906/1906 485/485 1907/1907
f 1903/1903 1908/1908 1907/1907 487/487
f 487/487 1907/1907 1912/1912 1911/1911
f 1907/1907 485/485 1909/1909 1912/1912
f 1912/1912 1909/1909 128/128 1910/1910
f 1911/1911 1912/1912 1910/1910 486/486
f 421/421 1904/1904 1914/1914 1667/1667
f 1904/1904 487/487 1911/1911 1914/1914
f 1914/1914 1911/1911 486/486 1913/1913
f 1667/1667 1914/1914 1913/1913 108/108
f 117/117 1786/1786 1917/1917 1906/1906
f 1786/1786 452/452 1915/1915 1917/1917
f 1917/1917 1915/1915 489/489 1916/1916
f 1906/1906 1917/1917 1916/1916 485/485
f 452/452 1783/1783 1919/1919 1915/1915
f 1783/1783 35/35 1853/1853 1919/1919
f 1919/1919 1853/1853 473/473 1918/1918
f 1915/1915 1919/1919 1918/1918 489/489
f 489/489 1918/1918 1922/1922 1921/1921
f 1918/1918 473/473 1863/1863 1922/1922
f 1922/1922 1863/1863 125/125 1920/1920
f 1921/1921 1922/1922 1920/1920 488/488
f 485/485 1916/1916 1924/1924 1909/1909
f 1916/1916 489/489 1921/1921 1924/1924
f 1924/1924 1921/1921 488/488 1923/1923
f 1909/1909 1924/1924 1923/1923 128/128
f 128/128 1923/1923 1928/1928 1927/1927
f 1923/1923 488/488 1925/1925 1928/1928
f 1928/1928 1925/1925 492/492 1926/1926
f 1927/1927 1928/1928 1926/1926 491/491
f 488/488 1920/1920 1930/1930 1925/1925
f 1920/1920 125/125 1893/1893 1930/1930
f 1930/1930 1893/1893 483/483 1929/1929
f 1925/1925 1930/1930 1929/1929 492/492
f 492/492 1929/1929 1933/1933 1932/1932
f 1929/1929 483/483 1901/1901 1933/1933
f 1933/1933 1901/1901 34/34 1931/1931
f 1932/1932 1933/1933 1931/1931 490/490
f 491/491 1926/1926 1936/1936 1935/1935
f 1926/1926 492/492 1932/1932 1936/1936
f 1936/1936 1932/1932 490/490 1934/1934
f 1935/1935 1936/1936 1934/1934 127/127
f 108/108 1913/1913 1939/1939 1677/1677
f 1913/1913 486/486 1937/1937 1939/1939
f 1939/1939 1937/1937 494/494 1938/1938
f 1677/1677 1939/1939 1938/1938 424/424
f 486/486 1910/1910 1941/1941 1937/1937
f 1910/1910 128/128 1927/1927 1941/1941
f 1941/1941 1927/1927 491/491 1940/1940
f 1937/1937 1941/1941 1940/1940 494/494
f 494/494 1940/1940 1944/1944 1943/1943
f 1940/1940 491/491 1935/1935 1944/1944
f 1944/1944 1935/1935 127/127 1942/1942
f 1943/1943 1944/1944 1942/1942 493/493
f 424/424 1938/1938 1946/1946 1680/1680
f 1938/1938 494/494 1943/1943 1946/1946
f 1946/1946 1943/1943 493/493 1945/1945
f 1680/1680 1946/1946 1945/1945 13/13
f 13/13 1945/1945 1950/1950 1949/1949
f 1945/1945 493/493 1947/1947 1950/1950
f 1950/1950 1947/1947 498/498 1948/1948
f 1949/1949 1950/1950 1948/1948 497/497
f 493/493 1942/1942 1953/1953 1947/1947
f 1942/1942 127/127 1951/1951 1953/1953
f 1953/1953 1951/1951 495/495 1952/1952
f 1947/1947 1953/1953 1952/1952 498/498
f 498/498 1952/1952 1957/1957 1956/1956
f 1952/1952 495/495 1954/1954 1957/1957
f 1957/1957 1954/1954 132/132 1955/1955
f 1956/1956 1957/1957 1955/1955 496/496
f 497/497 1948/1948 1960/1960 1959/1959
f 1948/1948 498/498 1956/1956 1960/1960
f 1960/1960 1956/1956 496/496 1958/1958
f 1959/1959 1960/1960 1958/1958 131/131
f 127/127 1934/1934 1963/1963 1951/1951
f 1934/1934 490/490 1961/1961 1963/1963
f 1963/1963 1961/1961 501/501 1962/1962
f 1951/1951 1963/1963 1962/1962 495/495
f 490/490 1931/1931 1966/1966 1961/1961
f 1931/1931 34/34 1964/1964 1966/1966
f 1966/1966 1964/1964 499/499 1965/1965
f 1961/1961 1966/1966 1965/1965 501/501
f 501/501 1965/1965 1970/1970 1969/1969
f 1965/1965 499/499 1967/1967 1970/1970
f 1970/1970 1967/1967 129/129 1968/1968
f 1969/1969 1970/1970 1968/1968 500/500
f 495/495 1962/1962 1972/1972 1954/1954
f 1962/1962 501/501 1969/1969 1972/1972
f 1972/1972 1969/1969 500/500 1971/1971
f 1954/1954 1972/1972 1971/1971 132/132
f 132/132 1971/1971 1976/1976 1975/1975
f 1971/1971 500/500 1973/1973 1976/1976
f 1976/1976 1973/1973 505/505 1974/1974
f 1975/1975 1976/1976 1974/1974 504/504
f 500/500 1968/1968 1979/1979 1973/1973
f 1968/1968 129/129 1977/1977 1979/1979
f 1979/1979 1977/1977 502/502 1978/1978
f 1973/1973 1979/1979 1978/1978 505/505
f 505/505 1978/1978 1983/1983 1982/1982
f 1978/1978 502/502 1980/1980 1983/1983
f 1983/1983 1980/1980 39/39 1981/1981
f 1982/1982 1983/1983 1981/1981 503/503
f 504/504 1974/1974 1986/1986 1985/1985
f 1974/1974 505/505 1982/1982 1986/1986
f 1986/1986 1982/1982 503/503 1984/1984
f 1985/1985 1986/1986 1984/1984 130/130
f 131/131 1958/1958 1990/1990 1989/1989
f 1958/1958 496/496 1987/1987 1990/1990
f 1990/1990 1987/1987 508/508 1988/1988
f 1989/1989 1990/1990 1988/1988 507/507
f 496/496 1955/1955 1992/1992 1987/1987
f 1955/1955 132/132 1975/1975 1992/1992
f 1992/1992 1975/1975 504/504 1991/1991
f 1987/1987 1992/1992 1991/1991 508/508
f 508/508 1991/1991 1995/1995 1994/1994
f 1991/1991 504/504 1985/1985 1995/1995
f 1995/1995 1985/1985 130/130 1993/1993
f 1994/1994 1995/1995 1993/1993 506/506
f 507/507 1988/1988 1998/1998 1997/1997
f 1988/1988 508/508 1994/1994 1998/1998
f 1998/1998 1994/1994 506/506 1996/1996
f 1997/1997 1998/1998 1996/1996 38/38
f 34/34 1900/1900 2001/2001 1964/1964
f 1900/1900 482/482 1999/1999 2001/2001
f 2001/2001 1999/1999 511/511 2000/2000
f 1964/1964 2001/2001 2000/2000 499/499
f 482/482 1897/1897 2004/2004 1999/1999
f 1897/1897 124/124 2002/2002 2004/2004
f 2004/2004 2002/2002 509/509 2003/2003
f 1999/1999 2004/2004 2003/2003 511/511
f 511/511 2003/2003 2008/2008 2007/2007
f 2003/2003 509/509 2005/2005 2008/2008
f 2008/2008 2005/2005 135/135 2006/2006
f 2007/2007 2008/2008 2006/2006 510/510
f 499/499 2000/2000 2010/2010 1967/1967
f 2000/2000 511/511 2007/2007 2010/2010
f 2010/2010 2007/2007 510/510 2009/2009
f 1967/1967 2010/2010 2009/2009 129/129
f 124/124 1888/1888 2013/2013 2002/2002
f 1888/1888 479/479 2011/2011 2013/2013
f 2013/2013 2011/2011 514/514 2012/2012
f 2002/2002 2013/2013 2012/2012 509/509
f 479/479 1885/1885 2016/2016 2011/2011
f 1885/1885 10/10 2014/2014 2016/2016
f 2016/2016 2014/2014 512/512 2015/2015
f 2011/2011 2016/2016 2015/2015 514/514
f 514/514 2015/2015 2020/2020 2019/2019
f 2015/2015 512/512 2017/2017 2020/2020
f 2020/2020 2017/2017 133/133 2018/2018
f 2019/2019 2020/2020 2018/2018 513/513
f 509/509 2012/2012 2022/2022 2005/2005
f 2012/2012 514/514 2019/2019 2022/2022
f 2022/2022 2019/2019 513/513 2021/2021
f 2005/2005 2022/2022 2021/2021 135/135
f 135/135 2021/2021 2026/2026 2025/2025
f 2021/2021 513/513 2023/2023 2026/2026
f 2026/2026 2023/2023 518/518 2024/2024
f 2025/2025 2026/2026 2024/2024 517/517
f 513/513 2018/2018 2029/2029 2023/2023
f 2018/2018 133/133 2027/2027 2029/2029
f 2029/2029 2027/2027 515/515 2028/2028
f 2023/2023 2029/2029 2028/2028 518/518
f 518/518 2028/2028 2033/2033 2032/2032
f 2028/2028 515/515 2030/2030 2033/2033
f 2033/2033 2030/2030 36/36 2031/2031
f 2032/2032 2033/2033 2031/2031 516/516
f 517/517 2024/2024 2036/2036 2035/2035
f 2024/2024 518/518 2032/2032 2036/2036
f 2036/2036 2032/2032 516/516 2034/2034
f 2035/2035 2036/2036 2034/2034 134/134
f 129/129 2009/2009 2039/2039 1977/1977
f 2009/2009 510/510 2037/2037 2039/2039
f 2039/2039 2037/2037 520/520 2038/2038
f 1977/1977 2039/2039 2038/2038 502/502
f 510/510 2006/2006 2041/2041 2037/2037
f 2006/2006 135/135 2025/2025 2041/2041
f 2041/2041 2025/2025 517/517 2040/2040
f 2037/2037 2041/2041 2040/2040 520/520
f 520/520 2040/2040 2044/2044 2043/2043
f 2040/2040 517/517 2035/2035 2044/2044
f 2044/2044 2035/2035 134/134 2042/2042
f 2043/2043 2044/2044 2042/2042 519/519
f 502/502 2038/2038 2046/2046 1980/1980
f 2038/2038 520/520 2043/2043 2046/2046
f 2046/2046 2043/2043 519/519 2045/2045
f 1980/1980 2046/2046 2045/2045 39/39
f 39/39 2045/2045 2050/2050 2049/2049
f 2045/2045 519/519 2047/2047 2050/2050
f 2050/2050 2047/2047 524/524 2048/2048
f 2049/2049 2050/2050 2048/2048 523/523
f 519/519 2042/2042 2053/2053 2047/2047
f 2042/2042 134/134 2051/2051 2053/2053
f 2053/2053 2051/2051 521/521 2052/2052
f 2047/2047 2053/2053 2052/2052 524/524
f 524/524 2052/2052 2057/2057 2056/2056
f 2052/2052 521/521 2054/2054 2057/2057
f 2057/2057 2054/2054 139/139 2055/2055
f 2056/2056 2057/2057 2055/2055 522/522
f 523/523 2048/2048 2060/2060 2059/2059
f 2048/2048 524/524 2056/2056 2060/2060
f 2060/2060 2056/2056 522/522 2058/2058
f 2059/2059 2060/2060 2058/2058 138/138
f 134/134 2034/2034 2063/2063 2051/2051
f 2034/2034 516/516 2061/2061 2063/2063
f 2063/2063 2061/2061 527/527 2062/2062
f 2051/2051 2063/2063 2062/2062 521/521
f 516/516 2031/2031 2066/2066 2061/2061
f 2031/2031 36/36 2064/2064 2066/2066
f 2066/2066 2064/2064 525/525 2065/2065
f 2061/2061 2066/2066 2065/2065 527/527
f 527/527 2065/2065 2070/2070 2069/2069
f 2065/2065 525/525 2067/2067 2070/2070
f 2070/2070 2067/2067 136/136 2068/2068
f 2069/2069 2070/2070 2068/2068 526/526
f 521/521 2062/2062 2072/2072 2054/2054
f 2062/2062 527/527 2069/2069 2072/2072
f 2072/2072 2069/2069 526/526 2071/2071
f 2054/2054 2072/2072 2071/2071 139/139
f 139/139 2071/2071 2076/2076 2075/2075
f 2071/2071 526/526 2073/2073 2076/2076
f 2076/2076 2073/2073 531/531 2074/2074
f 2075/2075 2076/2076 2074/2074 530/530
f 526/526 2068/2068 2079/2079 2073/2073
f 2068/2068 136/136 2077/2077 2079/2079
f 2079/2079 2077/2077 528/528 2078/2078
f 2073/2073 2079/2079 2078/2078 531/531
f 531/531 2078/2078 2083/2083 2082/2082
f 2078/2078 528/528 2080/2080 2083/2083
f 2083/2083 2080/2080 3/3 2081/2081
f 2082/2082 2083/2083 2081/2081 529/529
f 530/530 2074/2074 2086/2086 2085/2085
f 2074/2074 531/531 2082/2082 2086/2086
f 2086/2086 2082/2082 529/529 2084/2084
f 2085/2085 2086/2086 2084/2084 137/137
f 138/138 2058/2058 2090/2090 2089/2089
f 2058/2058 522/522 2087/2087 2090/2090
f 2090/2090 2087/2087 534/534 2088/2088
f 2089/2089 2090/2090 2088/2088 533/533
f 522/522 2055/2055 2092/2092 2087/2087
f 2055/2055 139/139 2075/2075 2092/2092
f 2092/2092 2075/2075 530/530 2091/2091
f 2087/2087 2092/2092 2091/2091 534/534
f 534/534 2091/2091 2095/2095 2094/2094
f 2091/2091 530/530 2085/2085 2095/2095
f 2095/2095 2085/2085 137/137 2093/2093
f 2094/2094 2095/2095 2093/2093 532/532
f 533/533 2088/2088 2098/2098 2097/2097
f 2088/2088 534/534 2094/2094 2098/2098
f 2098/2098 2094/2094 532/532 2096/2096
f 2097/2097 2098/2098 2096/2096 37/37
f 38/38 1996/1996 2102/2102 2101/2101
f 1996/1996 506/506 2099/2099 2102/2102
f 2102/2102 2099/2099 538/538 2100/2100
f 2101/2101 2102/2102 2100/2100 537/537
f 506/506 1993/1993 2105/2105 2099/2099
f 1993/1993 130/130 2103/2103 2105/2105
f 2105/2105 2103/2103 535/535 2104/2104
f 2099/2099 2105/2105 2104/2104 538/538
f 538/538 2104/2104 2109/2109 2108/2108
f 2104/2104 535/535 2106/2106 2109/2109
f 2109/2109 2106/2106 142/142 2107/2107
f 2108/2108 2109/2109 2107/2107 536/536
f 537/537 2100/2100 2112/2112 2111/2111
f 2100/2100 538/538 2108/2108 2112/2112
f 2112/2112 2108/2108 536/536 2110/2110
f 2111/2111 2112/2112 2110/2110 141/141
f 130/130 1984/1984 2115/2115 2103/2103
f 1984/1984 503/503 2113/2113 2115/2115
f 2115/2115 2113/2113 540/540 2114/2114
f 2103/2103 2115/2115 2114/2114 535/535
f 503/503 1981/1981 2117/2117 2113/2113
f 1981/1981 39/39 2049/2049 2117/2117
f 2117/2117 2049/2049 523/523 2116/2116
f 2113/2113 2117/2117 2116/2116 540/540
f 540/540 2116/2116 2120/2120 2119/2119
f 2116/2116 523/523 2059/2059 2120/2120
f 2120/2120 2059/2059 138/138 2118/2118
f 2119/2119 2120/2120 2118/2118 539/539
f 535/535 2114/2114 2122/2122 2106/2106
f 2114/2114 540/540 2119/2119 2122/2122
f 2122/2122 2119/2119 539/539 2121/2121
f 2106/2106 2122/2122 2121/2121 142/142
f 142/142 2121/2121 2126/2126 2125/2125
f 2121/2121 539/539 2123/2123 2126/2126
f 2126/2126 2123/2123 543/543 2124/2124
f 2125/2125 2126/2126 2124/2124 542/542
f 539/539 2118/2118 2128/2128 2123/2123
f 2118/2118 138/138 2089/2089 2128/2128
f 2128/2128 2089/2089 533/533 2127/2127
f 2123/2123 2128/2128 2127/2127 543/543
f 543/543 2127/2127 2131/2131 2130/2130
f 2127/2127 533/533 2097/2097 2131/2131
f 2131/2131 2097/2097 37/37 2129/2129
f 2130/2130 2131/2131 2129/2129 541/541
f 542/542 2124/2124 2134/2134 2133/2133
f 2124/2124 543/543 2130/2130 2134/2134
f 2134/2134 2130/2130 541/541 2132/2132
f 2133/2133 2134/2134 2132/2132 140/140
f 141/141 2110/2110 2138/2138 2137/2137
f 2110/2110 536/536 2135/2135 2138/2138
f 2138/2138 2135/2135 546/546 2136/2136
f 2137/2137 2138/2138 2136/2136 545/545
f 536/536 2107/2107 2140/2140 2135/2135
f 2107/2107 142/142 2125/2125 2140/2140
f 2140/2140 2125/2125 542/542 2139/2139
f 2135/2135 2140/2140 2139/2139 546/546
f 546/546 2139/2139 2143/2143 2142/2142
f 2139/2139 542/542 2133/2133 2143/2143
f 2143/2143 2133/2133 140/140 2141/2141
f 2142/2142 2143/2143 2141/2141 544/544
f 545/545 2136/2136 2146/2146 2145/2145
f 2136/2136 546/546 2142/2142 2146/2146
f 2146/2146 2142/2142 544/544 2144/2144
f 2145/2145 2146/2146 2144/2144 11/11
f 12/12 1744/1744 2150/2150 2149/2149
f 1744/1744 440/440 2147/2147 2150/2150
f 2150/2150 2147/2147 550/550 2148/2148
f 2149/2149 2150/2150 2148/2148 549/549
f 440/440 1741/1741 2153/2153 2147/2147
f 1741/1741 112/112 2151/2151 2153/2153
f 2153/2153 2151/2151 547/547 2152/2152
f 2147/2147 2153/2153 2152/2152 550/550
f 550/550 2152/2152 2157/2157 2156/2156
f 2152/2152 547/547 2154/2154 2157/2157
f 2157/2157 2154/2154 146/146 2155/2155
f 2156/2156 2157/2157 2155/2155 548/548
f 549/549 2148/2148 2160/2160 2159/2159
f 2148/2148 550/550 2156/2156 2160/2160
f 2160/2160 2156/2156 548/548 2158/2158
f 2159/2159 2160/2160 2158/2158 145/145
f 112/112 1732/1732 2163/2163 2151/2151
f 1732/1732 437/437 2161/2161 2163/2163
f 2163/2163 2161/2161 553/553 2162/2162
f 2151/2151 2163/2163 2162/2162 547/547
f 437/437 1729/1729 2166/2166 2161/2161
f 1729/1729 29/29 2164/2164 2166/2166
f 2166/2166 2164/2164 551/551 2165/2165
f 2161/2161 2166/2166 2165/2165 553/553
f 553/553 2165/2165 2170/2170 2169/2169
f 2165/2165 551/551 2167/2167 2170/2170
f 2170/2170 2167/2167 143/143 2168/2168
f 2169/2169 2170/2170 2168/2168 552/552
f 547/547 2162/2162 2172/2172 2154/2154
f 2162/2162 553/553 2169/2169 2172/2172
f 2172/2172 2169/2169 552/552 2171/2171
f 2154/2154 2172/2172 2171/2171 146/146
f 146/146 2171/2171 2176/2176 2175/2175
f 2171/2171 552/552 2173/2173 2176/2176
f 2176/2176 2173/2173 557/557 2174/2174
f 2175/2175 2176/2176 2174/2174 556/556
f 552/552 2168/2168 2179/2179 2173/2173
f 2168/2168 143/143 2177/2177 2179/2179
f 2179/2179 2177/2177 554/554 2178/2178
f 2173/2173 2179/2179 2178/2178 557/557
f 557/557 2178/2178 2183/2183 2182/2182
f 2178/2178 554/554 2180/2180 2183/2183
f 2183/2183 2180/2180 42/42 2181/2181
f 2182/2182 2183/2183 2181/2181 555/555
f 556/556 2174/2174 2186/2186 2185/2185
f 2174/2174 557/557 2182/2182 2186/2186
f 2186/2186 2182/2182 555/555 2184/2184
f 2185/2185 2186/2186 2184/2184 144/144
f 145/145 2158/2158 2190/2190 2189/2189
f 2158/2158 548/548 2187/2187 2190/2190
f 2190/2190 2187/2187 560/560 2188/2188
f 2189/2189 2190/2190 2188/2188 559/559
f 548/548 2155/2155 2192/2192 2187/2187
f 2155/2155 146/146 2175/2175 2192/2192
f 2192/2192 2175/2175 556/556 2191/2191
f 2187/2187 2192/2192 2191/2191 560/560
f 560/560 2191/2191 2195/2195 2194/2194
f 2191/2191 556/556 2185/2185 2195/2195
f 2195/2195 2185/2185 144/144 2193/2193
f 2194/2194 2195/2195 2193/2193 558/558
f 559/559 2188/2188 2198/2198 2197/2197
f 2188/2188 560/560 2194/2194 2198/2198
f 2198/2198 2194/2194 558/558 2196/2196
f 2197/2197 2198/2198 2196/2196 41/41
f 29/29 1696/1696 2201/2201 2164/2164
f 1696/1696 428/428 2199/2199 2201/2201
f 2201/2201 2199/2199 563/563 2200/2200
f 2164/2164 2201/2201 2200/2200 551/551
f 428/428 1693/1693 2204/2204 2199/2199
f 1693/1693 109/109 2202/2202 2204/2204
f 2204/2204 2202/2202 561/561 2203/2203
f 2199/2199 2204/2204 2203/2203 563/563
f 563/563 2203/2203 2208/2208 2207/2207
f 2203/2203 561/561 2205/2205 2208/2208
f 2208/2208 2205/2205 148/148 2206/2206
f 2207/2207 2208/2208 2206/2206 562/562
f 551/551 2200/2200 2210/2210 2167/2167
f 2200/2200 563/563 2207/2207 2210/2210
f 2210/2210 2207/2207 562/562 2209/2209
f 2167/2167 2210/2210 2209/2209 143/143
f 109/109 1684/1684 2213/2213 2202/2202
f 1684/1684 425/425 2211/2211 2213/2213
f 2213/2213 2211/2211 565/565 2212/2212
f 2202/2202 2213/2213 2212/2212 561/561
f 425/425 1681/1681 2215/2215 2211/2211
f 1681/1681 13/13 1949/1949 2215/2215
f 2215/2215 1949/1949 497/497 2214/2214
f 2211/2211 2215/2215 2214/2214 565/565
f 565/565 2214/2214 2218/2218 2217/2217
f 2214/2214 497/497 1959/1959 2218/2218
f 2218/2218 1959/1959 131/131 2216/2216
f 2217/2217 2218/2218 2216/2216 564/564
f 561/561 2212/2212 2220/2220 2205/2205
f 2212/2212 565/565 2217/2217 2220/2220
f 2220/2220 2217/2217 564/564 2219/2219
f 2205/2205 2220/2220 2219/2219 148/148
f 148/148 2219/2219 2224/2224 2223/2223
f 2219/2219 564/564 2221/2221 2224/2224
f 2224/2224 2221/2221 568/568 2222/2222
f 2223/2223 2224/2224 2222/2222 567/567
f 564/564 2216/2216 2226/2226 2221/2221
f 2216/2216 131/131 1989/1989 2226/2226
f 2226/2226 1989/1989 507/507 2225/2225
f 2221/2221 2226/2226 2225/2225 568/568
f 568/568 2225/2225 2229/2229 2228/2228
f 2225/2225 507/507 1997/1997 2229/2229
f 2229/2229 1997/1997 38/38 2227/2227
f 2228/2228 2229/2229 2227/2227 566/566
f 567/567 2222/2222 2232/2232 2231/2231
f 2222/2222 568/568 2228/2228 2232/2232
f 2232/2232 2228/2228 566/566 2230/2230
f 2231/2231 2232/2232 2230/2230 147/147
f 143/143 2209/2209 2235/2235 2177/2177
f 2209/2209 562/562 2233/2233 2235/2235
f 2235/2235 2233/2233 570/570 2234/2234
f 2177/2177 2235/2235 2234/2234 554/554
f 562/562 2206/2206 2237/2237 2233/2233
f 2206/2206 148/148 2223/2223 2237/2237
f 2237/2237 2223/2223 567/567 2236/2236
f 2233/2233 2237/2237 2236/2236 570/570
f 570/570 2236/2236 2240/2240 2239/2239
f 2236/2236 567/567 2231/2231 2240/2240
f 2240/2240 2231/2231 147/147 2238/2238
f 2239/2239 2240/2240 2238/2238 569/569
f 554/554 2234/2234 2242/2242 2180/2180
f 2234/2234 570/570 2239/2239 2242/2242
f 2242/2242 2239/2239 569/569 2241/2241
f 2180/2180 2242/2242 2241/2241 42/42
f 42/42 2241/2241 2246/2246 2245/2245
f 2241/2241 569/569 2243/2243 2246/2246
f 2246/2246 2243/2243 574/574 2244/2244
f 2245/2245 2246/2246 2244/2244 573/573
f 569/569 2238/2238 2249/2249 2243/2243
f 2238/2238 147/147 2247/2247 2249/2249
f 2249/2249 2247/2247 571/571 2248/2248
f 2243/2243 2249/2249 2248/2248 574/574
f 574/574 2248/2248 2253/2253 2252/2252
f 2248/2248 571/571 2250/2250 2253/2253
f 2253/2253 2250/2250 151/151 2251/2251
f 2252/2252 2253/2253 2251/2251 572/572
f 573/573 2244/2244 2256/2256 2255/2255
f 2244/2244 574/574 2252/2252 2256/2256
f 2256/2256 2252/2252 572/572 2254/2254
f 2255/2255 2256/2256 2254/2254 150/150
f 147/147 2230/2230 2259/2259 2247/2247
f 2230/2230 566/566 2257/2257 2259/2259
f 2259/2259 2257/2257 576/576 2258/2258
f 2247/2247 2259/2259 2258/2258 571/571
f 566/566 2227/2227 2261/2261 2257/2257
f 2227/2227 38/38 2101/2101 2261/2261
f 2261/2261 2101/2101 537/537 2260/2260
f 2257/2257 2261/2261 2260/2260 576/576
f 576/576 2260/2260 2264/2264 2263/2263
f 2260/2260 537/537 2111/2111 2264/2264
f 2264/2264 2111/2111 141/141 2262/2262
f 2263/2263 2264/2264 2262/2262 575/575
f 571/571 2258/2258 2266/2266 2250/2250
f 2258/2258 576/576 2263/2263 2266/2266
f 2266/2266 2263/2263 575/575 2265/2265
f 2250/2250 2266/2266 2265/2265 151/151
f 151/151 2265/2265 2270/2270 2269/2269
f 2265/2265 575/575 2267/2267 2270/2270
f 2270/2270 2267/2267 579/579 2268/2268
f 2269/2269 2270/2270 2268/2268 578/578
f 575/575 2262/2262 2272/2272 2267/2267
f 2262/2262 141/141 2137/2137 2272/2272
f 2272/2272 2137/2137 545/545 2271/2271
f 2267/2267 2272/2272 2271/2271 579/579
f 579/579 2271/2271 2275/2275 2274/2274
f 2271/2271 545/545 2145/2145 2275/2275
f 2275/2275 2145/2145 11/11 2273/2273
f 2274/2274 2275/2275 2273/2273 577/577
f 578/578 2268/2268 2278/2278 2277/2277
f 2268/2268 579/579 2274/2274 2278/2278
f 2278/2278 2274/2274 577/577 2276/2276
f 2277/2277 2278/2278 2276/2276 149/149
f 150/150 2254/2254 2282/2282 2281/2281
f 2254/2254 572/572 2279/2279 2282/2282
f 2282/2282 2279/2279 582/582 2280/2280
f 2281/2281 2282/2282 2280/2280 581/581
f 572/572 2251/2251 2284/2284 2279/2279
f 2251/2251 151/151 2269/2269 2284/2284
f 2284/2284 2269/2269 578/578 2283/2283
f 2279/2279 2284/2284 2283/2283 582/582
f 582/582 2283/2283 2287/2287 2286/2286
f 2283/2283 578/578 2277/2277 2287/2287
f 2287/2287 2277/2277 149/149 2285/2285
f 2286/2286 2287/2287 2285/2285 580/580
f 581/581 2280/2280 2290/2290 2289/2289
f 2280/2280 582/582 2286/2286 2290/2290
f 2290/2290 2286/2286 580/580 2288/2288
f 2289/2289 2290/2290 2288/2288 40/40
f 41/41 2196/2196 2294/2294 2293/2293
f 2196/2196 558/558 2291/2291 2294/2294
f 2294/2294 2291/2291 586/586 2292/2292
f 2293/2293 2294/2294 2292/2292 585/585
f 558/558 2193/2193 2297/2297 2291/2291
f 2193/2193 144/144 2295/2295 2297/2297
f 2297/2297 2295/2295 583/583 2296/2296
f 2291/2291 2297/2297 2296/2296 586/586
f 586/586 2296/2296 2301/2301 2300/2300
f 2296/2296 583/583 2298/2298 2301/2301
f 2301/2301 2298/2298 154/154 2299/2299
f 2300/2300 2301/2301 2299/2299 584/584
f 585/585 2292/2292 2304/2304 2303/2303
f 2292/2292 586/586 2300/2300 2304/2304
f 2304/2304 2300/2300 584/584 2302/2302
f 2303/2303 2304/2304 2302/2302 153/153
f 144/144 2184/2184 2307/2307 2295/2295
f 2184/2184 555/555 2305/2305 2307/2307
f 2307/2307 2305/2305 588/588 2306/2306
f 2295/2295 2307/2307 2306/2306 583/583
f 555/555 2181/2181 2309/2309 2305/2305
f 2181/2181 42/42 2245/2245 2309/2309
f 2309/2309 2245/2245 573/573 2308/2308
f 2305/2305 2309/2309 2308/2308 588/588
f 588/588 2308/2308 2312/2312 2311/2311
f 2308/2308 573/573 2255/2255 2312/2312
f 2312/2312 2255/2255 150/150 2310/2310
f 2311/2311 2312/2312 2310/2310 587/587
f 583/583 2306/2306 2314/2314 2298/2298
f 2306/2306 588/588 2311/2311 2314/2314
f 2314/2314 2311/2311 587/587 2313/2313
f 2298/2298 2314/2314 2313/2313 154/154
f 154/154 2313/2313 2318/2318 2317/2317
f 2313/2313 587/587 2315/2315 2318/2318
f 2318/2318 2315/2315 591/591 2316/2316
f 2317/2317 2318/2318 2316/2316 590/590
f 587/587 2310/2310 2320/2320 2315/2315
f 2310/2310 150/150 2281/2281 2320/2320
f 2320/2320 2281/2281 581/581 2319/2319
f 2315/2315 2320/2320 2319/2319 591/591
f 591/591 2319/2319 2323/2323 2322/2322
f 2319/2319 581/581 2289/2289 2323/2323
f 2323/2323 2289/2289 40/40 2321/2321
f 2322/2322 2323/2323 2321/2321 589/589
f 590/590 2316/2316 2326/2326 2325/2325
f 2316/2316 591/591 2322/2322 2326/2326
f 2326/2326 2322/2322 589/589 2324/2324
f 2325/2325 2326/2326 2324/2324 152/152
f 153/153 2302/2302 2330/2330 2329/2329
f 2302/2302 584/584 2327/2327 2330/2330
f 2330/2330 2327/2327 594/594 2328/2328
f 2329/2329 2330/2330 2328/2328 593/593
f 584/584 2299/2299 2332/2332 2327/2327
f 2299/2299 154/154 2317/2317 2332/2332
f 2332/2332 2317/2317 590/590 2331/2331
f 2327/2327 2332/2332 2331/2331 594/594
f 594/594 2331/2331 2335/2335 2334/2334
f 2331/2331 590/590 2325/2325 2335/2335
f 2335/2335 2325/2325 152/152 2333/2333
f 2334/2334 2335/2335 2333/2333 592/592
f 593/593 2328/2328 2338/2338 2337/2337
f 2328/2328 594/594 2334/2334 2338/2338
f 2338/2338 2334/2334 592/592 2336/2336
f 2337/2337 2338/2338 2336/2336 4/4
f 2/6147 1817/6258 2342/2342 2341/2341
f 1817/6258 461/6202 2339/2339 2342/2342
f 2342/2342 2339/2339 598/598 2340/2340
f 2341/2341 2342/2342 2340/2340 597/597
f 461/6202 1813/6259 2345/2345 2339/2339
f 1813/6259 119/6174 2343/2343 2345/2345
f 2345/2345 2343/2343 595/595 2344/2344
f 2339/2339 2345/2345 2344/2344 598/598
f 598/598 2344/2344 2349/2349 2348/2348
f 2344/2344 595/595 2346/2346 2349/2349
f 2349/2349 2346/2346 158/158 2347/2347
f 2348/2348 2349/2349 2347/2347 596/596
f 597/597 2340/2340 2352/2352 2351/2351
f 2340/2340 598/598 2348/2348 2352/2352
f 2352/2352 2348/2348 596/596 2350/2350
f 2351/2351 2352/2352 2350/2350 157/157
f 119/6174 1803/6260 2355/2355 2343/2343
f 1803/6260 457/6203 2353/2353 2355/2355
f 2355/2355 2353/2353 601/601 2354/2354
f 2343/2343 2355/2355 2354/2354 595/595
f 457/6203 1799/6261 2358/2358 2353/2353
f 1799/6261 32/6160 2356/2356 2358/2358
f 2358/2358 2356/2356 599/599 2357/2357
f 2353/2353 2358/2358 2357/2357 601/601
f 601/601 2357/2357 2362/2362 2361/2361
f 2357/2357 599/599 2359/2359 2362/2362
f 2362/2362 2359/2359 155/155 2360/2360
f 2361/2361 2362/2362 2360/2360 600/600
f 595/595 2354/2354 2364/2364 2346/2346
f 2354/2354 601/601 2361/2361 2364/2364
f 2364/2364 2361/2361 600/600 2363/2363
f 2346/2346 2364/2364 2363/2363 158/158
f 158/158 2363/2363 2368/2368 2367/2367
f 2363/2363 600/600 2365/2365 2368/2368
f 2368/2368 2365/2365 605/605 2366/2366
f 2367/2367 2368/2368 2366/2366 604/604
f 600/600 2360/2360 2371/2371 2365/2365
f 2360/2360 155/155 2369/2369 2371/2371
f 2371/2371 2369/2369 602/602 2370/2370
f 2365/2365 2371/2371 2370/2370 605/605
f 605/605 2370/2370 2375/2375 2374/2374
f 2370/2370 602/602 2372/2372 2375/2375
f 2375/2375 2372/2372 46/46 2373/2373
f 2374/2374 2375/2375 2373/2373 603/603
f 604/604 2366/2366 2378/2378 2377/2377
f 2366/2366 605/605 2374/2374 2378/2378
f 2378/2378 2374/2374 603/603 2376/2376
f 2377/2377 2378/2378 2376/2376 156/156
f 157/157 2350/2350 2382/2382 2381/2381
f 2350/2350 596/596 2379/2379 2382/2382
f 2382/2382 2379/2379 608/608 2380/2380
f 2381/2381 2382/2382 2380/2380 607/607
f 596/596 2347/2347 2384/2384 2379/2379
f 2347/2347 158/158 2367/2367 2384/2384
f 2384/2384 2367/2367 604/604 2383/2383
f 2379/2379 2384/2384 2383/2383 608/608
f 608/608 2383/2383 2387/2387 2386/2386
f 2383/2383 604/604 2377/2377 2387/2387
f 2387/2387 2377/2377 156/156 2385/2385
f 2386/2386 2387/2387 2385/2385 606/606
f 607/607 2380/2380 2390/2390 2389/2389
f 2380/2380 608/608 2386/2386 2390/2390
f 2390/2390 2386/2386 606/606 2388/2388
f 2389/2389 2390/2390 2388/2388 45/45
f 32/6160 1765/6262 2393/2393 2356/2356
f 1765/6262 447/6204 2391/2391 2393/2393
f 2393/2393 2391/2391 611/611 2392/2392
f 2356/2356 2393/2393 2392/2392 599/599
f 447/6204 1761/6263 2396/2396 2391/2391
f 1761/6263 115/6175 2394/2394 2396/2396
f 2396/2396 2394/2394 609/609 2395/2395
f 2391/2391 2396/2396 2395/2395 611/611
f 611/611 2395/2395 2400/2400 2399/2399
f 2395/2395 609/609 2397/2397 2400/2400
f 2400/2400 2397/2397 161/161 2398/2398
f 2399/2399 2400/2400 2398/2398 610/610
f 599/599 2392/2392 2402/2402 2359/2359
f 2392/2392 611/611 2399/2399 2402/2402
f 2402/2402 2399/2399 610/610 2401/2401
f 2359/2359 2402/2402 2401/2401 155/155
f 115/6175 1751/6264 2405/2405 2394/2394
f 1751/6264 443/6205 2403/2403 2405/2405
f 2405/2405 2403/2403 614/614 2404/2404
f 2394/2394 2405/2405 2404/2404 609/609
f 443/6205 1747/6265 2408/2408 2403/2403
f 1747/6265 9/6153 2406/2406 2408/2408
f 2408/2408 2406/2406 612/612 2407/2407
f 2403/2403 2408/2408 2407/2407 614/614
f 614/614 2407/2407 2412/2412 2411/2411
f 2407/2407 612/612 2409/2409 2412/2412
f 2412/2412 2409/2409 159/159 2410/2410
f 2411/2411 2412/2412 2410/2410 613/613
f 609/609 2404/2404 2414/2414 2397/2397
f 2404/2404 614/614 2411/2411 2414/2414
f 2414/2414 2411/2411 613/613 2413/2413
f 2397/2397 2414/2414 2413/2413 161/161
f 161/161 2413/2413 2418/2418 2417/2417
f 2413/2413 613/613 2415/2415 2418/2418
f 2418/2418 2415/2415 618/618 2416/2416
f 2417/2417 2418/2418 2416/2416 617/617
f 613/613 2410/2410 2421/2421 2415/2415
f 2410/2410 159/159 2419/2419 2421/2421
f 2421/2421 2419/2419 615/615 2420/2420
f 2415/2415 2421/2421 2420/2420 618/618
f 618/618 2420/2420 2425/2425 2424/2424
f 2420/2420 615/615 2422/2422 2425/2425
f 2425/2425 2422/2422 43/43 2423/2423
f 2424/2424 2425/2425 2423/2423 616/616
f 617/617 2416/2416 2428/2428 2427/2427
f 2416/2416 618/618 2424/2424 2428/2428
f 2428/2428 2424/2424 616/616 2426/2426
f 2427/2427 2428/2428 2426/2426 160/160
f 155/155 2401/2401 2431/2431 2369/2369
f 2401/2401 610/610 2429/2429 2431/2431
f 2431/2431 2429/2429 620/620 2430/2430
f 2369/2369 2431/2431 2430/2430 602/602
f 610/610 2398/2398 2433/2433 2429/2429
f 2398/2398 161/161 2417/2417 2433/2433
f 2433/2433 2417/2417 617/617 2432/2432
f 2429/2429 2433/2433 2432/2432 620/620
f 620/620 2432/2432 2436/2436 2435/2435
f 2432/2432 617/617 2427/2427 2436/2436
f 2436/2436 2427/2427 160/160 2434/2434
f 2435/2435 2436/2436 2434/2434 619/619
f 602/602 2430/2430 2438/2438 2372/2372
f 2430/2430 620/620 2435/2435 2438/2438
f 2438/2438 2435/2435 619/619 2437/2437
f 2372/2372 2438/2438 2437/2437 46/46
f 46/46 2437/2437 2442/2442 2441/2441
f 2437/2437 619/619 2439/2439 2442/2442
f 2442/2442 2439/2439 624/624 2440/2440
f 2441/2441 2442/2442 2440/2440 623/623
f 619/619 2434/2434 2445/2445 2439/2439
f 2434/2434 160/160 2443/2443 2445/2445
f 2445/2445 2443/2443 621/621 2444/2444
f 2439/2439 2445/2445 2444/2444 624/624
f 624/624 2444/2444 2449/2449 2448/2448
f 2444/2444 621/621 2446/2446 2449/2449
f 2449/2449 2446/2446 165/165 2447/2447
f 2448/2448 2449/2449 2447/2447 622/622
f 623/623 2440/2440 2452/2452 2451/2451
f 2440/2440 624/624 2448/2448 2452/2452
f 2452/2452 2448/2448 622/622 2450/2450
f 2451/2451 2452/2452 2450/2450 164/164
f 160/160 2426/2426 2455/2455 2443/2443
f 2426/2426 616/616 2453/2453 2455/2455
f 2455/2455 2453/2453 627/627 2454/2454
f 2443/2443 2455/2455 2454/2454 621/621
f 616/616 2423/2423 2458/2458 2453/2453
f 2423/2423 43/43 2456/2456 2458/2458
f 2458/2458 2456/2456 625/625 2457/2457
f 2453/2453 2458/2458 2457/2457 627/627
f 627/627 2457/2457 2462/2462 2461/2461
f 2457/2457 625/625 2459/2459 2462/2462
f 2462/2462 2459/2459 162/162 2460/2460
f 2461/2461 2462/2462 2460/2460 626/626
f 621/621 2454/2454 2464/2464 2446/2446
f 2454/2454 627/627 2461/2461 2464/2464
f 2464/2464 2461/2461 626/626 2463/2463
f 2446/2446 2464/2464 2463/2463 165/165
f 165/165 2463/2463 2468/2468 2467/2467
f 2463/2463 626/626 2465/2465 2468/2468
f 2468/2468 2465/2465 631/631 2466/2466
f 2467/2467 2468/2468 2466/2466 630/630
f 626/626 2460/2460 2471/2471 2465/2465
f 2460/2460 162/162 2469/2469 2471/2471
f 2471/2471 2469/2469 628/628 2470/2470
f 2465/2465 2471/2471 2470/2470 631/631
f 631/631 2470/2470 2475/2475 2474/2474
f 2470/2470 628/628 2472/2472 2475/2475
f 2475/2475 2472/2472 17/17 2473/2473
f 2474/2474 2475/2475 2473/2473 629/629
f 630/630 2466/2466 2478/2478 2477/2477
f 2466/2466 631/631 2474/2474 2478/2478
f 2478/2478 2474/2474 629/629 2476/2476
f 2477/2477 2478/2478 2476/2476 163/163
f 164/164 2450/2450 2482/2482 2481/2481
f 2450/2450 622/622 2479/2479 2482/2482
f 2482/2482 2479/2479 634/634 2480/2480
f 2481/2481 2482/2482 2480/2480 633/633
f 622/622 2447/2447 2484/2484 2479/2479
f 2447/2447 165/165 2467/2467 2484/2484
f 2484/2484 2467/2467 630/630 2483/2483
f 2479/2479 2484/2484 2483/2483 634/634
f 634/634 2483/2483 2487/2487 2486/2486
f 2483/2483 630/630 2477/2477 2487/2487
f 2487/2487 2477/2477 163/163 2485/2485
f 2486/2486 2487/2487 2485/2485 632/632
f 633/633 2480/2480 2490/2490 2489/2489
f 2480/2480 634/634 2486/2486 2490/2490
f 2490/2490 2486/2486 632/632 2488/2488
f 2489/2489 2490/2490 2488/2488 44/44
f 45/45 2388/2388 2494/2494 2493/2493
f 2388/2388 606/606 2491/2491 2494/2494
f 2494/2494 2491/2491 638/638 2492/2492
f 2493/2493 2494/2494 2492/2492 637/637
f 606/606 2385/2385 2497/2497 2491/2491
f 2385/2385 156/156 2495/2495 2497/2497
f 2497/2497 2495/2495 635/635 2496/2496
f 2491/2491 2497/2497 2496/2496 638/638
f 638/638 2496/2496 2501/2501 2500/2500
f 2496/2496 635/635 2498/2498 2501/2501
f 2501/2501 2498/2498 168/168 2499/2499
f 2500/2500 2501/2501 2499/2499 636/636
f 637/637 2492/2492 2504/2504 2503/2503
f 2492/2492 638/638 2500/2500 2504/2504
f 2504/2504 2500/2500 636/636 2502/2502
f 2503/2503 2504/2504 2502/2502 167/167
f 156/156 2376/2376 2507/2507 2495/2495
f 2376/2376 603/603 2505/2505 2507/2507
f 2507/2507 2505/2505 640/640 2506/2506
f 2495/2495 2507/2507 2506/2506 635/635
f 603/603 2373/2373 2509/2509 2505/2505
f 2373/2373 46/46 2441/2441 2509/2509
f 2509/2509 2441/2441 623/623 2508/2508
f 2505/2505 2509/2509 2508/2508 640/640
f 640/640 2508/2508 2512/2512 2511/2511
f 2508/2508 623/623 2451/2451 2512/2512
f 2512/2512 2451/2451 164/164 2510/2510
f 2511/2511 2512/2512 2510/2510 639/639
f 635/635 2506/2506 2514/2514 2498/2498
f 2506/2506 640/640 2511/2511 2514/2514
f 2514/2514 2511/2511 639/639 2513/2513
f 2498/2498 2514/2514 2513/2513 168/168
f 168/168 2513/2513 2518/2518 2517/2517
f 2513/2513 639/639 2515/2515 2518/2518
f 2518/2518 2515/2515 643/643 2516/2516
f 2517/2517 2518/2518 2516/2516 642/642
f 639/639 2510/2510 2520/2520 2515/2515
f 2510/2510 164/164 2481/2481 2520/2520
f 2520/2520 2481/2481 633/633 2519/2519
f 2515/2515 2520/2520 2519/2519 643/643
f 643/643 2519/2519 2523/2523 2522/2522
f 2519/2519 633/633 2489/2489 2523/2523
f 2523/2523 2489/2489 44/44 2521/2521
f 2522/2522 2523/2523 2521/2521 641/641
f 642/642 2516/2516 2526/2526 2525/2525
f 2516/2516 643/643 2522/2522 2526/2526
f 2526/2526 2522/2522 641/641 2524/2524
f 2525/2525 2526/2526 2524/2524 166/166
f 167/167 2502/2502 2530/2530 2529/2529
f 2502/2502 636/636 2527/2527 2530/2530
f 2530/2530 2527/2527 646/646 2528/2528
f 2529/2529 2530/2530 2528/2528 645/645
f 636/636 2499/2499 2532/2532 2527/2527
f 2499/2499 168/168 2517/2517 2532/2532
f 2532/2532 2517/2517 642/642 2531/2531
f 2527/2527 2532/2532 2531/2531 646/646
f 646/646 2531/2531 2535/2535 2534/2534
f 2531/2531 642/642 2525/2525 2535/2535
f 2535/2535 2525/2525 166/166 2533/2533
f 2534/2534 2535/2535 2533/2533 644/644
f 645/645 2528/2528 2538/2538 2537/2537
f 2528/2528 646/646 2534/2534 2538/2538
f 2538/2538 2534/2534 644/644 2536/2536
f 2537/2537 2538/2538 2536/2536 16/16
f 9/6153 1613/6266 2541/2541 2406/2406
f 1613/6266 407/6206 2539/2539 2541/2541
f 2541/2541 2539/2539 649/649 2540/2540
f 2406/2406 2541/2541 2540/2540 612/612
f 407/6206 1609/6267 2544/2544 2539/2539
f 1609/6267 104/6176 2542/2542 2544/2544
f 2544/2544 2542/2542 647/647 2543/2543
f 2539/2539 2544/2544 2543/2543 649/649
f 649/649 2543/2543 2548/2548 2547/2547
f 2543/2543 647/647 2545/2545 2548/2548
f 2548/2548 2545/2545 171/171 2546/2546
f 2547/2547 2548/2548 2546/2546 648/648
f 612/612 2540/2540 2550/2550 2409/2409
f 2540/2540 649/649 2547/2547 2550/2550
f 2550/2550 2547/2547 648/648 2549/2549
f 2409/2409 2550/2550 2549/2549 159/159
f 104/6176 1599/6268 2553/2553 2542/2542
f 1599/6268 403/6207 2551/2551 2553/2553
f 2553/2553 2551/2551 652/652 2552/2552
f 2542/2542 2553/2553 2552/2552 647/647
f 403/6207 1595/6269 2556/2556 2551/2551
f 1595/6269 27/6161 2554/2554 2556/2556
f 2556/2556 2554/2554 650/650 2555/2555
f 2551/2551 2556/2556 2555/2555 652/652
f 652/652 2555/2555 2560/2560 2559/2559
f 2555/2555 650/650 2557/2557 2560/2560
f 2560/2560 2557/2557 169/169 2558/2558
f 2559/2559 2560/2560 2558/2558 651/651
f 647/647 2552/2552 2562/2562 2545/2545
f 2552/2552 652/652 2559/2559 2562/2562
f 2562/2562 2559/2559 651/651 2561/2561
f 2545/2545 2562/2562 2561/2561 171/171
f 171/171 2561/2561 2566/2566 2565/2565
f 2561/2561 651/651 2563/2563 2566/2566
f 2566/2566 2563/2563 656/656 2564/2564
f 2565/2565 2566/2566 2564/2564 655/655
f 651/651 2558/2558 2569/2569 2563/2563
f 2558/2558 169/169 2567/2567 2569/2569
f 2569/2569 2567/2567 653/653 2568/2568
f 2563/2563 2569/2569 2568/2568 656/656
f 656/656 2568/2568 2573/2573 2572/2572
f 2568/2568 653/653 2570/2570 2573/2573
f 2573/2573 2570/2570 49/49 2571/2571
f 2572/2572 2573/2573 2571/2571 654/654
f 655/655 2564/2564 2576/2576 2575/2575
f 2564/2564 656/656 2572/2572 2576/2576
f 2576/2576 2572/2572 654/654 2574/2574
f 2575/2575 2576/2576 2574/2574 170/170
f 159/159 2549/2549 2579/2579 2419/2419
f 2549/2549 648/648 2577/2577 2579/2579
f 2579/2579 2577/2577 658/658 2578/2578
f 2419/2419 2579/2579 2578/2578 615/615
f 648/648 2546/2546 2581/2581 2577/2577
f 2546/2546 171/171 2565/2565 2581/2581
f 2581/2581 2565/2565 655/655 2580/2580
f 2577/2577 2581/2581 2580/2580 658/658
f 658/658 2580/2580 2584/2584 2583/2583
f 2580/2580 655/655 2575/2575 2584/2584
f 2584/2584 2575/2575 170/170 2582/2582
f 2583/2583 2584/2584 2582/2582 657/657
f 615/615 2578/2578 2586/2586 2422/2422
f 2578/2578 658/658 2583/2583 2586/2586
f 2586/2586 2583/2583 657/657 2585/2585
f 2422/2422 2586/2586 2585/2585 43/43
f 27/6161 1559/6270 2589/2589 2554/2554
f 1559/6270 392/6208 2587/2587 2589/2589
f 2589/2589 2587/2587 661/661 2588/2588
f 2554/2554 2589/2589 2588/2588 650/650
f 392/6208 1555/6271 2592/2592 2587/2587
f 1555/6271 99/6177 2590/2590 2592/2592
f 2592/2592 2590/2590 659/659 2591/2591
f 2587/2587 2592/2592 2591/2591 661/661
f 661/661 2591/2591 2596/2596 2595/2595
f 2591/2591 659/659 2593/2593 2596/2596
f 2596/2596 2593/2593 174/174 2594/2594
f 2595/2595 2596/2596 2594/2594 660/660
f 650/650 2588/2588 2598/2598 2557/2557
f 2588/2588 661/661 2595/2595 2598/2598
f 2598/2598 2595/2595 660/660 2597/2597
f 2557/2557 2598/2598 2597/2597 169/169
f 99/6177 1544/6272 2601/2601 2590/2590
f 1544/6272 387/6209 2599/2599 2601/2601
f 2601/2601 2599/2599 664/664 2600/2600
f 2590/2590 2601/2601 2600/2600 659/659
f 387/6209 1539/6273 2604/2604 2599/2599
f 1539/6273 1/1 2602/2602 2604/2604
f 2604/2604 2602/2602 662/662 2603/2603
f 2599/2599 2604/2604 2603/2603 664/664
f 664/664 2603/2603 2608/2608 2607/2607
f 2603/2603 662/662 2605/2605 2608/2608
f 2608/2608 2605/2605 172/172 2606/2606
f 2607/2607 2608/2608 2606/2606 663/663
f 659/659 2600/2600 2610/2610 2593/2593
f 2600/2600 664/664 2607/2607 2610/2610
f 2610/2610 2607/2607 663/663 2609/2609
f 2593/2593 2610/2610 2609/2609 174/174
f 174/174 2609/2609 2614/2614 2613/2613
f 2609/2609 663/663 2611/2611 2614/2614
f 2614/2614 2611/2611 668/668 2612/2612
f 2613/2613 2614/2614 2612/2612 667/667
f 663/663 2606/2606 2617/2617 2611/2611
f 2606/2606 172/172 2615/2615 2617/2617
f 2617/2617 2615/2615 665/665 2616/2616
f 2611/2611 2617/2617 2616/2616 668/668
f 668/668 2616/2616 2621/2621 2620/2620
f 2616/2616 665/665 2618/2618 2621/2621
f 2621/2621 2618/2618 47/47 2619/2619
f 2620/2620 2621/2621 2619/2619 666/666
f 667/667 2612/2612 2624/2624 2623/2623
f 2612/2612 668/668 2620/2620 2624/2624
f 2624/2624 2620/2620 666/666 2622/2622
f 2623/2623 2624/2624 2622/2622 173/173
f 169/169 2597/2597 2627/2627 2567/2567
f 2597/2597 660/660 2625/2625 2627/2627
f 2627/2627 2625/2625 670/670 2626/2626
f 2567/2567 2627/2627 2626/2626 653/653
f 660/660 2594/2594 2629/2629 2625/2625
f 2594/2594 174/174 2613/2613 2629/2629
f 2629/2629 2613/2613 667/667 2628/2628
f 2625/2625 2629/2629 2628/2628 670/670
f 670/670 2628/2628 2632/2632 2631/2631
f 2628/2628 667/667 2623/2623 2632/2632
f 2632/2632 2623/2623 173/173 2630/2630
f 2631/2631 2632/2632 2630/2630 669/669
f 653/653 2626/2626 2634/2634 2570/2570
f 2626/2626 670/670 2631/2631 2634/2634
f 2634/2634 2631/2631 669/669 2633/2633
f 2570/2570 2634/2634 2633/2633 49/49
f 49/49 2633/2633 2638/2638 2637/2637
f 2633/2633 669/669 2635/2635 2638/2638
f 2638/2638 2635/2635 674/674 2636/2636
f 2637/2637 2638/2638 2636/2636 673/673
f 669/669 2630/2630 2641/2641 2635/2635
f 2630/2630 173/173 2639/2639 2641/2641
f 2641/2641 2639/2639 671/671 2640/2640
f 2635/2635 2641/2641 2640/2640 674/674
f 674/674 2640/2640 2645/2645 2644/2644
f 2640/2640 671/671 2642/2642 2645/2645
f 2645/2645 2642/2642 178/178 2643/2643
f 2644/2644 2645/2645 2643/2643 672/672
f 673/673 2636/2636 2648/2648 2647/2647
f 2636/2636 674/674 2644/2644 2648/2648
f 2648/2648 2644/2644 672/672 2646/2646
f 2647/2647 2648/2648 2646/2646 177/177
f 173/173 2622/2622 2651/2651 2639/2639
f 2622/2622 666/666 2649/2649 2651/2651
f 2651/2651 2649/2649 677/677 2650/2650
f 2639/2639 2651/2651 2650/2650 671/671
f 666/666 2619/2619 2654/2654 2649/2649
f 2619/2619 47/47 2652/2652 2654/2654
f 2654/2654 2652/2652 675/675 2653/2653
f 2649/2649 2654/2654 2653/2653 677/677
f 677/677 2653/2653 2658/2658 2657/2657
f 2653/2653 675/675 2655/2655 2658/2658
f 2658/2658 2655/2655 175/175 2656/2656
f 2657/2657 2658/2658 2656/2656 676/676
f 671/671 2650/2650 2660/2660 2642/2642
f 2650/2650 677/677 2657/2657 2660/2660
f 2660/2660 2657/2657 676/676 2659/2659
f 2642/2642 2660/2660 2659/2659 178/178
f 178/178 2659/2659 2664/2664 2663/2663
f 2659/2659 676/676 2661/2661 2664/2664
f 2664/2664 2661/2661 681/681 2662/2662
f 2663/2663 2664/2664 2662/2662 680/680
f 676/676 2656/2656 2667/2667 2661/2661
f 2656/2656 175/175 2665/2665 2667/2667
f 2667/2667 2665/2665 678/678 2666/2666
f 2661/2661 2667/2667 2666/2666 681/681
f 681/681 2666/2666 2671/2671 2670/2670
f 2666/2666 678/678 2668/2668 2671/2671
f 2671/2671 2668/2668 14/14 2669/2669
f 2670/2670 2671/2671 2669/2669 679/679
f 680/680 2662/2662 2674/2674 2673/2673
f 2662/2662 681/681 2670/2670 2674/2674
f 2674/2674 2670/2670 679/679 2672/2672
f 2673/2673 2674/2674 2672/2672 176/176
f 177/177 2646/2646 2678/2678 2677/2677
f 2646/2646 672/672 2675/2675 2678/2678
f 2678/2678 2675/2675 684/684 2676/2676
f 2677/2677 2678/2678 2676/2676 683/683
f 672/672 2643/2643 2680/2680 2675/2675
f 2643/2643 178/178 2663/2663 2680/2680
f 2680/2680 2663/2663 680/680 2679/2679
f 2675/2675 2680/2680 2679/2679 684/684
f 684/684 2679/2679 2683/2683 2682/2682
f 2679/2679 680/680 2673/2673 2683/2683
f 2683/2683 2673/2673 176/176 2681/2681
f 2682/2682 2683/2683 2681/2681 682/682
f 683/683 2676/2676 2686/2686 2685/2685
f 2676/2676 684/684 2682/2682 2686/2686
f 2686/2686 2682/2682 682/682 2684/2684
f 2685/2685 2686/2686 2684/2684 48/48
f 43/43 2585/2585 2689/2689 2456/2456
f 2585/2585 657/657 2687/2687 2689/2689
f 2689/2689 2687/2687 687/687 2688/2688
f 2456/2456 2689/2689 2688/2688 625/625
f 657/657 2582/2582 2692/2692 2687/2687
f 2582/2582 170/170 2690/2690 2692/2692
f 2692/2692 2690/2690 685/685 2691/2691
f 2687/2687 2692/2692 2691/2691 687/687
f 687/687 2691/2691 2696/2696 2695/2695
f 2691/2691 685/685 2693/2693 2696/2696
f 2696/2696 2693/2693 180/180 2694/2694
f 2695/2695 2696/2696 2694/2694 686/686
f 625/625 2688/2688 2698/2698 2459/2459
f 2688/2688 687/687 2695/2695 2698/2698
f 2698/2698 2695/2695 686/686 2697/2697
f 2459/2459 2698/2698 2697/2697 162/162
f 170/170 2574/2574 2701/2701 2690/2690
f 2574/2574 654/654 2699/2699 2701/2701
f 2701/2701 2699/2699 689/689 2700/2700
f 2690/2690 2701/2701 2700/2700 685/685
f 654/654 2571/2571 2703/2703 2699/2699
f 2571/2571 49/49 2637/2637 2703/2703
f 2703/2703 2637/2637 673/673 2702/2702
f 2699/2699 2703/2703 2702/2702 689/689
f 689/689 2702/2702 2706/2706 2705/2705
f 2702/2702 673/673 2647/2647 2706/2706
f 2706/2706 2647/2647 177/177 2704/2704
f 2705/2705 2706/2706 2704/2704 688/688
f 685/685 2700/2700 2708/2708 2693/2693
f 2700/2700 689/689 2705/2705 2708/2708
f 2708/2708 2705/2705 688/688 2707/2707
f 2693/2693 2708/2708 2707/2707 180/180
f 180/180 2707/2707 2712/2712 2711/2711
f 2707/2707 688/688 2709/2709 2712/2712
f 2712/2712 2709/2709 692/692 2710/2710
f 2711/2711 2712/2712 2710/2710 691/691
f 688/688 2704/2704 2714/2714 2709/2709
f 2704/2704 177/177 2677/2677 2714/2714
f 2714/2714 2677/2677 683/683 2713/2713
f 2709/2709 2714/2714 2713/2713 692/692
f 692/692 2713/2713 2717/2717 2716/2716
f 2713/2713 683/683 2685/2685 2717/2717
f 2717/2717 2685/2685 48/48 2715/2715
f 2716/2716 2717/2717 2715/2715 690/690
f 691/691 2710/2710 2720/2720 2719/2719
f 2710/2710 692/692 2716/2716 2720/2720
f 2720/2720 2716/2716 690/690 2718/2718
f 2719/2719 2720/2720 2718/2718 179/179
f 162/162 2697/2697 2723/2723 2469/2469
f 2697/2697 686/686 2721/2721 2723/2723
f 2723/2723 2721/2721 694/694 2722/2722
f 2469/2469 2723/2723 2722/2722 628/628
f 686/686 2694/2694 2725/2725 2721/2721
f 2694/2694 180/180 2711/2711 2725/2725
f 2725/2725 2711/2711 691/691 2724/2724
f 2721/2721 2725/2725 2724/2724 694/694
f 694/694 2724/2724 2728/2728 2727/2727
f 2724/2724 691/691 2719/2719 2728/2728
f 2728/2728 2719/2719 179/179 2726/2726
f 2727/2727 2728/2728 2726/2726 693/693
f 628/628 2722/2722 2730/2730 2472/2472
f 2722/2722 694/694 2727/2727 2730/2730
f 2730/2730 2727/2727 693/693 2729/2729
f 2472/2472 2730/2730 2729/2729 17/17
f 17/17 2729/2729 2734/2734 2733/2733
f 2729/2729 693/693 2731/2731 2734/2734
f 2734/2734 2731/2731 698/698 2732/2732
f 2733/2733 2734/2734 2732/2732 697/697
f 693/693 2726/2726 2737/2737 2731/2731
f 2726/2726 179/179 2735/2735 2737/2737
f 2737/2737 2735/2735 695/695 2736/2736
f 2731/2731 2737/2737 2736/2736 698/698
f 698/698 2736/2736 2741/2741 2740/2740
f 2736/2736 695/695 2738/2738 2741/2741
f 2741/2741 2738/2738 184/184 2739/2739
f 2740/2740 2741/2741 2739/2739 696/696
f 697/697 2732/2732 2744/2744 2743/2743
f 2732/2732 698/698 2740/2740 2744/2744
f 2744/2744 2740/2740 696/696 2742/2742
f 2743/2743 2744/2744 2742/2742 183/183
f 179/179 2718/2718 2747/2747 2735/2735
f 2718/2718 690/690 2745/2745 2747/2747
f 2747/2747 2745/2745 701/701 2746/2746
f 2735/2735 2747/2747 2746/2746 695/695
f 690/690 2715/2715 2750/2750 2745/2745
f 2715/2715 48/48 2748/2748 2750/2750
f 2750/2750 2748/2748 699/699 2749/2749
f 2745/2745 2750/2750 2749/2749 701/701
f 701/701 2749/2749 2754/2754 2753/2753
f 2749/2749 699/699 2751/2751 2754/2754
f 2754/2754 2751/2751 181/181 2752/2752
f 2753/2753 2754/2754 2752/2752 700/700
f 695/695 2746/2746 2756/2756 2738/2738
f 2746/2746 701/701 2753/2753 2756/2756
f 2756/2756 2753/2753 700/700 2755/2755
f 2738/2738 2756/2756 2755/2755 184/184
f 184/184 2755/2755 2760/2760 2759/2759
f 2755/2755 700/700 2757/2757 2760/2760
f 2760/2760 2757/2757 705/705 2758/2758
f 2759/2759 2760/2760 2758/2758 704/704
f 700/700 2752/2752 2763/2763 2757/2757
f 2752/2752 181/181 2761/2761 2763/2763
f 2763/2763 2761/2761 702/702 2762/2762
f 2757/2757 2763/2763 2762/2762 705/705
f 705/705 2762/2762 2767/2767 2766/2766
f 2762/2762 702/702 2764/2764 2767/2767
f 2767/2767 2764/2764 53/53 2765/2765
f 2766/2766 2767/2767 2765/2765 703/703
f 704/704 2758/2758 2770/2770 2769/2769
f 2758/2758 705/705 2766/2766 2770/2770
f 2770/2770 2766/2766 703/703 2768/2768
f 2769/2769 2770/2770 2768/2768 182/182
f 183/183 2742/2742 2774/2774 2773/2773
f 2742/2742 696/696 2771/2771 2774/2774
f 2774/2774 2771/2771 708/708 2772/2772
f 2773/2773 2774/2774 2772/2772 707/707
f 696/696 2739/2739 2776/2776 2771/2771
f 2739/2739 184/184 2759/2759 2776/2776
f 2776/2776 2759/2759 704/704 2775/2775
f 2771/2771 2776/2776 2775/2775 708/708
f 708/708 2775/2775 2779/2779 2778/2778
f 2775/2775 704/704 2769/2769 2779/2779
f 2779/2779 2769/2769 182/182 2777/2777
f 2778/2778 2779/2779 2777/2777 706/706
f 707/707 2772/2772 2782/2782 2781/2781
f 2772/2772 708/708 2778/2778 2782/2782
f 2782/2782 2778/2778 706/706 2780/2780
f 2781/2781 2782/2782 2780/2780 52/52
f 48/48 2684/2684 2785/2785 2748/2748
f 2684/2684 682/682 2783/2783 2785/2785
f 2785/2785 2783/2783 711/711 2784/2784
f 2748/2748 2785/2785 2784/2784 699/699
f 682/682 2681/2681 2788/2788 2783/2783
f 2681/2681 176/176 2786/2786 2788/2788
f 2788/2788 2786/2786 709/709 2787/2787
f 2783/2783 2788/2788 2787/2787 711/711
f 711/711 2787/2787 2792/2792 2791/2791
f 2787/2787 709/709 2789/2789 2792/2792
f 2792/2792 2789/2789 187/187 2790/2790
f 2791/2791 2792/2792 2790/2790 710/710
f 699/699 2784/2784 2794/2794 2751/2751
f 2784/2784 711/711 2791/2791 2794/2794
f 2794/2794 2791/2791 710/710 2793/2793
f 2751/2751 2794/2794 2793/2793 181/181
f 176/176 2672/2672 2797/2797 2786/2786
f 2672/2672 679/679 2795/2795 2797/2797
f 2797/2797 2795/2795 714/714 2796/2796
f 2786/2786 2797/2797 2796/2796 709/709
f 679/679 2669/2669 2800/2800 2795/2795
f 2669/2669 14/14 2798/2798 2800/2800
f 2800/2800 2798/2798 712/712 2799/2799
f 2795/2795 2800/2800 2799/2799 714/714
f 714/714 2799/2799 2804/2804 2803/2803
f 2799/2799 712/712 2801/2801 2804/2804
f 2804/2804 2801/2801 185/185 2802/2802
f 2803/2803 2804/2804 2802/2802 713/713
f 709/709 2796/2796 2806/2806 2789/2789
f 2796/2796 714/714 2803/2803 2806/2806
f 2806/2806 2803/2803 713/713 2805/2805
f 2789/2789 2806/2806 2805/2805 187/187
f 187/187 2805/2805 2810/2810 2809/2809
f 2805/2805 713/713 2807/2807 2810/2810
f 2810/2810 2807/2807 718/718 2808/2808
f 2809/2809 2810/2810 2808/2808 717/717
f 713/713 2802/2802 2813/2813 2807/2807
f 2802/2802 185/185 2811/2811 2813/2813
f 2813/2813 2811/2811 715/715 2812/2812
f 2807/2807 2813/2813 2812/2812 718/718
f 718/718 2812/2812 2817/2817 2816/2816
f 2812/2812 715/715 2814/2814 2817/2817
f 2817/2817 2814/2814 50/50 2815/2815
f 2816/2816 2817/2817 2815/2815 716/716
f 717/717 2808/2808 2820/2820 2819/2819
f 2808/2808 718/718 2816/2816 2820/2820
f 2820/2820 2816/2816 716/716 2818/2818
f 2819/2819 2820/2820 2818/2818 186/186
f 181/181 2793/2793 2823/2823 2761/2761
f 2793/2793 710/710 2821/2821 2823/2823
f 2823/2823 2821/2821 720/720 2822/2822
f 2761/2761 2823/2823 2822/2822 702/702
f 710/710 2790/2790 2825/2825 2821/2821
f 2790/2790 187/187 2809/2809 2825/2825
f 2825/2825 2809/2809 717/717 2824/2824
f 2821/2821 2825/2825 2824/2824 720/720
f 720/720 2824/2824 2828/2828 2827/2827
f 2824/2824 717/717 2819/2819 2828/2828
f 2828/2828 2819/2819 186/186 2826/2826
f 2827/2827 2828/2828 2826/2826 719/719
f 702/702 2822/2822 2830/2830 2764/2764
f 2822/2822 720/720 2827/2827 2830/2830
f 2830/2830 2827/2827 719/719 2829/2829
f 2764/2764 2830/2830 2829/2829 53/53
f 53/53 2829/2829 2834/2834 2833/2833
f 2829/2829 719/719 2831/2831 2834/2834
f 2834/2834 2831/2831 724/724 2832/2832
f 2833/2833 2834/2834 2832/2832 723/723
f 719/719 2826/2826 2837/2837 2831/2831
f 2826/2826 186/186 2835/2835 2837/2837
f 2837/2837 2835/2835 721/721 2836/2836
f 2831/2831 2837/2837 2836/2836 724/724
f 724/724 2836/2836 2841/2841 2840/2840
f 2836/2836 721/721 2838/2838 2841/2841
f 2841/2841 2838/2838 191/191 2839/2839
f 2840/2840 2841/2841 2839/2839 722/722
f 723/723 2832/2832 2844/2844 2843/2843
f 2832/2832 724/724 2840/2840 2844/2844
f 2844/2844 2840/2840 722/722 2842/2842
f 2843/2843 2844/2844 2842/2842 190/190
f 186/186 2818/2818 2847/2847 2835/2835
f 2818/2818 716/716 2845/2845 2847/2847
f 2847/2847 2845/2845 727/727 2846/2846
f 2835/2835 2847/2847 2846/2846 721/721
f 716/716 2815/2815 2850/2850 2845/2845
f 2815/2815 50/50 2848/2848 2850/2850
f 2850/2850 2848/2848 725/725 2849/2849
f 2845/2845 2850/2850 2849/2849 727/727
f 727/727 2849/2849 2854/2854 2853/2853
f 2849/2849 725/725 2851/2851 2854/2854
f 2854/2854 2851/2851 188/188 2852/2852
f 2853/2853 2854/2854 2852/2852 726/726
f 721/721 2846/2846 2856/2856 2838/2838
f 2846/2846 727/727 2853/2853 2856/2856
f 2856/2856 2853/2853 726/726 2855/2855
f 2838/2838 2856/2856 2855/2855 191/191
f 191/191 2855/2855 2860/2860 2859/2859
f 2855/2855 726/726 2857/2857 2860/2860
f 2860/2860 2857/2857 731/731 2858/2858
f 2859/2859 2860/2860 2858/2858 730/730
f 726/726 2852/2852 2863/2863 2857/2857
f 2852/2852 188/188 2861/2861 2863/2863
f 2863/2863 2861/2861 728/728 2862/2862
f 2857/2857 2863/2863 2862/2862 731/731
f 731/731 2862/2862 2867/2867 2866/2866
f 2862/2862 728/728 2864/2864 2867/2867
f 2867/2867 2864/2864 5/5 2865/2865
f 2866/2866 2867/2867 2865/2865 729/729
f 730/730 2858/2858 2870/2870 2869/2869
f 2858/2858 731/731 2866/2866 2870/2870
f 2870/2870 2866/2866 729/729 2868/2868
f 2869/2869 2870/2870 2868/2868 189/189
f 190/190 2842/2842 2874/2874 2873/2873
f 2842/2842 722/722 2871/2871 2874/2874
f 2874/2874 2871/2871 734/734 2872/2872
f 2873/2873 2874/2874 2872/2872 733/733
f 722/722 2839/2839 2876/2876 2871/2871
f 2839/2839 191/191 2859/2859 2876/2876
f 2876/2876 2859/2859 730/730 2875/2875
f 2871/2871 2876/2876 2875/2875 734/734
f 734/734 2875/2875 2879/2879 2878/2878
f 2875/2875 730/730 2869/2869 2879/2879
f 2879/2879 2869/2869 189/189 2877/2877
f 2878/2878 2879/2879 2877/2877 732/732
f 733/733 2872/2872 2882/2882 2881/2881
f 2872/2872 734/734 2878/2878 2882/2882
f 2882/2882 2878/2878 732/732 2880/2880
f 2881/2881 2882/2882 2880/2880 51/51
f 52/52 2780/2780 2886/2886 2885/2885
f 2780/2780 706/706 2883/2883 2886/2886
f 2886/2886 2883/2883 738/738 2884/2884
f 2885/2885 2886/2886 2884/2884 737/737
f 706/706 2777/2777 2889/2889 2883/2883
f 2777/2777 182/182 2887/2887 2889/2889
f 2889/2889 2887/2887 735/735 2888/2888
f 2883/2883 2889/2889 2888/2888 738/738
f 738/738 2888/2888 2893/2893 2892/2892
f 2888/2888 735/735 2890/2890 2893/2893
f 2893/2893 2890/2890 194/194 2891/2891
f 2892/2892 2893/2893 2891/2891 736/736
f 737/737 2884/2884 2896/2896 2895/2895
f 2884/2884 738/738 2892/2892 2896/2896
f 2896/2896 2892/2892 736/736 2894/2894
f 2895/2895 2896/2896 2894/2894 193/193
f 182/182 2768/2768 2899/2899 2887/2887
f 2768/2768 703/703 2897/2897 2899/2899
f 2899/2899 2897/2897 740/740 2898/2898
f 2887/2887 2899/2899 2898/2898 735/735
f 703/703 2765/2765 2901/2901 2897/2897
f 2765/2765 53/53 2833/2833 2901/2901
f 2901/2901 2833/2833 723/723 2900/2900
f 2897/2897 2901/2901 2900/2900 740/740
f 740/740 2900/2900 2904/2904 2903/2903
f 2900/2900 723/723 2843/2843 2904/2904
f 2904/2904 2843/2843 190/190 2902/2902
f 2903/2903 2904/2904 2902/2902 739/739
f 735/735 2898/2898 2906/2906 2890/2890
f 2898/2898 740/740 2903/2903 2906/2906
f 2906/2906 2903/2903 739/739 2905/2905
f 2890/2890 2906/2906 2905/2905 194/194
f 194/194 2905/2905 2910/2910 2909/2909
f 2905/2905 739/739 2907/2907 2910/2910
f 2910/2910 2907/2907 743/743 2908/2908
f 2909/2909 2910/2910 2908/2908 742/742
f 739/739 2902/2902 2912/2912 2907/2907
f 2902/2902 190/190 2873/2873 2912/2912
f 2912/2912 2873/2873 733/733 2911/2911
f 2907/2907 2912/2912 2911/2911 743/743
f 743/743 2911/2911 2915/2915 2914/2914
f 2911/2911 733/733 2881/2881 2915/2915
f 2915/2915 2881/2881 51/51 2913/2913
f 2914/2914 2915/2915 2913/2913 741/741
f 742/742 2908/2908 2918/2918 2917/2917
f 2908/2908 743/743 2914/2914 2918/2918
f 2918/2918 2914/2914 741/741 2916/2916
f 2917/2917 2918/2918 2916/2916 192/192
f 193/193 2894/2894 2922/2922 2921/2921
f 2894/2894 736/736 2919/2919 2922/2922
f 2922/2922 2919/2919 746/746 2920/2920
f 2921/2921 2922/2922 2920/2920 745/745
f 736/736 2891/2891 2924/2924 2919/2919
f 2891/2891 194/194 2909/2909 2924/2924
f 2924/2924 2909/2909 742/742 2923/2923
f 2919/2919 2924/2924 2923/2923 746/746
f 746/746 2923/2923 2927/2927 2926/2926
f 2923/2923 742/742 2917/2917 2927/2927
f 2927/2927 2917/2917 192/192 2925/2925
f 2926/2926 2927/2927 2925/2925 744/744
f 745/745 2920/2920 2930/2930 2929/2929
f 2920/2920 746/746 2926/2926 2930/2930
f 2930/2930 2926/2926 744/744 2928/2928
f 2929/2929 2930/2930 2928/2928 15/15
f 16/16 2536/2536 2934/2934 2933/2933
f 2536/2536 644/644 2931/2931 2934/2934
f 2934/2934 2931/2931 750/750 2932/2932
f 2933/2933 2934/2934 2932/2932 749/749
f 644/644 2533/2533 2937/2937 2931/2931
f 2533/2533 166/166 2935/2935 2937/2937
f 2937/2937 2935/2935 747/747 2936/2936
f 2931/2931 2937/2937 2936/2936 750/750
f 750/750 2936/2936 2941/2941 2940/2940
f 2936/2936 747/747 2938/2938 2941/2941
f 2941/2941 2938/2938 198/198 2939/2939
f 2940/2940 2941/2941 2939/2939 748/748
f 749/749 2932/2932 2944/2944 2943/2943
f 2932/2932 750/750 2940/2940 2944/2944
f 2944/2944 2940/2940 748/748 2942/2942
f 2943/2943 2944/2944 2942/2942 197/197
f 166/166 2524/2524 2947/2947 2935/2935
f 2524/2524 641/641 2945/2945 2947/2947
f 2947/2947 2945/2945 753/753 2946/2946
f 2935/2935 2947/2947 2946/2946 747/747
f 641/641 2521/2521 2950/2950 2945/2945
f 2521/2521 44/44 2948/2948 2950/2950
f 2950/2950 2948/2948 751/751 2949/2949
f 2945/2945 2950/2950 2949/2949 753/753
f 753/753 2949/2949 2954/2954 2953/2953
f 2949/2949 751/751 2951/2951 2954/2954
f 2954/2954 2951/2951 195/195 2952/2952
f 2953/2953 2954/2954 2952/2952 752/752
f 747/747 2946/2946 2956/2956 2938/2938
f 2946/2946 753/753 2953/2953 2956/2956
f 2956/2956 2953/2953 752/752 2955/2955
f 2938/2938 2956/2956 2955/2955 198/198
f 198/198 2955/2955 2960/2960 2959/2959
f 2955/2955 752/752 2957/2957 2960/2960
f 2960/2960 2957/2957 757/757 2958/2958
f 2959/2959 2960/2960 2958/2958 756/756
f 752/752 2952/2952 2963/2963 2957/2957
f 2952/2952 195/195 2961/2961 2963/2963
f 2963/2963 2961/2961 754/754 2962/2962
f 2957/2957 2963/2963 2962/2962 757/757
f 757/757 2962/2962 2967/2967 2966/2966
f 2962/2962 754/754 2964/2964 2967/2967
f 2967/2967 2964/2964 56/56 2965/2965
f 2966/2966 2967/2967 2965/2965 755/755
f 756/756 2958/2958 2970/2970 2969/2969
f 2958/2958 757/757 2966/2966 2970/2970
f 2970/2970 2966/2966 755/755 2968/2968
f 2969/2969 2970/2970 2968/2968 196/196
f 197/197 2942/2942 2974/2974 2973/2973
f 2942/2942 748/748 2971/2971 2974/2974
f 2974/2974 2971/2971 760/760 2972/2972
f 2973/2973 2974/2974 2972/2972 759/759
f 748/748 2939/2939 2976/2976 2971/2971
f 2939/2939 198/198 2959/2959 2976/2976
f 2976/2976 2959/2959 756/756 2975/2975
f 2971/2971 2976/2976 2975/2975 760/760
f 760/760 2975/2975 2979/2979 2978/2978
f 2975/2975 756/756 2969/2969 2979/2979
f 2979/2979 2969/2969 196/196 2977/2977
f 2978/2978 2979/2979 2977/2977 758/758
f 759/759 2972/2972 2982/2982 2981/2981
f 2972/2972 760/760 2978/2978 2982/2982
f 2982/2982 2978/2978 758/758 2980/2980
f 2981/2981 2982/2982 2980/2980 55/55
f 44/44 2488/2488 2985/2985 2948/2948
f 2488/2488 632/632 2983/2983 2985/2985
f 2985/2985 2983/2983 763/763 2984/2984
f 2948/2948 2985/2985 2984/2984 751/751
f 632/632 2485/2485 2988/2988 2983/2983
f 2485/2485 163/163 2986/2986 2988/2988
f 2988/2988 2986/2986 761/761 2987/2987
f 2983/2983 2988/2988 2987/2987 763/763
f 763/763 2987/2987 2992/2992 2991/2991
f 2987/2987 761/761 2989/2989 2992/2992
f 2992/2992 2989/2989 200/200 2990/2990
f 2991/2991 2992/2992 2990/2990 762/762
f 751/751 2984/2984 2994/2994 2951/2951
f 2984/2984 763/763 2991/2991 2994/2994
f 2994/2994 2991/2991 762/762 2993/2993
f 2951/2951 2994/2994 2993/2993 195/195
f 163/163 2476/2476 2997/2997 2986/2986
f 2476/2476 629/629 2995/2995 2997/2997
f 2997/2997 2995/2995 765/765 2996/2996
f 2986/2986 2997/2997 2996/2996 761/761
f 629/629 2473/2473 2999/2999 2995/2995
f 2473/2473 17/17 2733/2733 2999/2999
f 2999/2999 2733/2733 697/697 2998/2998
f 2995/2995 2999/2999 2998/2998 765/765
f 765/765 2998/2998 3002/3002 3001/3001
f 2998/2998 697/697 2743/2743 3002/3002
f 3002/3002 2743/2743 183/183 3000/3000
f 3001/3001 3002/3002 3000/3000 764/764
f 761/761 2996/2996 3004/3004 2989/2989
f 2996/2996 765/765 3001/3001 3004/3004
f 3004/3004 3001/3001 764/764 3003/3003
f 2989/2989 3004/3004 3003/3003 200/200
f 200/200 3003/3003 3008/3008 3007/3007
f 3003/3003 764/764 3005/3005 3008/3008
f 3008/3008 3005/3005 768/768 3006/3006
f 3007/3007 3008/3008 3006/3006 767/767
f 764/764 3000/3000 3010/3010 3005/3005
f 3000/3000 183/183 2773/2773 3010/3010
f 3010/3010 2773/2773 707/707 3009/3009
f 3005/3005 3010/3010 3009/3009 768/768
f 768/768 3009/3009 3013/3013 3012/3012
f 3009/3009 707/707 2781/2781 3013/3013
f 3013/3013 2781/2781 52/52 3011/3011
f 3012/3012 3013/3013 3011/3011 766/766
f 767/767 3006/3006 3016/3016 3015/3015
f 3006/3006 768/768 3012/3012 3016/3016
f 3016/3016 3012/3012 766/766 3014/3014
f 3015/3015 3016/3016 3014/3014 199/199
f 195/195 2993/2993 3019/3019 2961/2961
f 2993/2993 762/762 3017/3017 3019/3019
f 3019/3019 3017/3017 770/770 3018/3018
f 2961/2961 3019/3019 3018/3018 754/754
f 762/762 2990/2990 3021/3021 3017/3017
f 2990/2990 200/200 3007/3007 3021/3021
f 3021/3021 3007/3007 767/767 3020/3020
f 3017/3017 3021/3021 3020/3020 770/770
f 770/770 3020/3020 3024/3024 3023/3023
f 3020/3020 767/767 3015/3015 3024/3024
f 3024/3024 3015/3015 199/199 3022/3022
f 3023/3023 3024/3024 3022/3022 769/769
f 754/754 3018/3018 3026/3026 2964/2964
f 3018/3018 770/770 3023/3023 3026/3026
f 3026/3026 3023/3023 769/769 3025/3025
f 2964/2964 3026/3026 3025/3025 56/56
f 56/56 3025/3025 3030/3030 3029/3029
f 3025/3025 769/769 3027/3027 3030/3030
f 3030/3030 3027/3027 774/774 3028/3028
f 3029/3029 3030/3030 3028/3028 773/773
f 769/769 3022/3022 3033/3033 3027/3027
f 3022/3022 199/199 3031/3031 3033/3033
f 3033/3033 3031/3031 771/771 3032/3032
f 3027/3027 3033/3033 3032/3032 774/774
f 774/774 3032/3032 3037/3037 3036/3036
f 3032/3032 771/771 3034/3034 3037/3037
f 3037/3037 3034/3034 203/203 3035/3035
f 3036/3036 3037/3037 3035/3035 772/772
f 773/773 3028/3028 3040/3040 3039/3039
f 3028/3028 774/774 3036/3036 3040/3040
f 3040/3040 3036/3036 772/772 3038/3038
f 3039/3039 3040/3040 3038/3038 202/202
f 199/199 3014/3014 3043/3043 3031/3031
f 3014/3014 766/766 3041/3041 3043/3043
f 3043/3043 3041/3041 776/776 3042/3042
f 3031/3031 3043/3043 3042/3042 771/771
f 766/766 3011/3011 3045/3045 3041/3041
f 3011/3011 52/52 2885/2885 3045/3045
f 3045/3045 2885/2885 737/737 3044/3044
f 3041/3041 3045/3045 3044/3044 776/776
f 776/776 3044/3044 3048/3048 3047/3047
f 3044/3044 737/737 2895/2895 3048/3048
f 3048/3048 2895/2895 193/193 3046/3046
f 3047/3047 3048/3048 3046/3046 775/775
f 771/771 3042/3042 3050/3050 3034/3034
f 3042/3042 776/776 3047/3047 3050/3050
f 3050/3050 3047/3047 775/775 3049/3049
f 3034/3034 3050/3050 3049/3049 203/203
f 203/203 3049/3049 3054/3054 3053/3053
f 3049/3049 775/775 3051/3051 3054/3054
f 3054/3054 3051/3051 779/779 3052/3052
f 3053/3053 3054/3054 3052/3052 778/778
f 775/775 3046/3046 3056/3056 3051/3051
f 3046/3046 193/193 2921/2921 3056/3056
f 3056/3056 2921/2921 745/745 3055/3055
f 3051/3051 3056/3056 3055/3055 779/779
f 779/779 3055/3055 3059/3059 3058/3058
f 3055/3055 745/745 2929/2929 3059/3059
f 3059/3059 2929/2929 15/15 3057/3057
f 3058/3058 3059/3059 3057/3057 777/777
f 778/778 3052/3052 3062/3062 3061/3061
f 3052/3052 779/779 3058/3058 3062/3062
f 3062/3062 3058/3058 777/777 3060/3060
f 3061/3061 3062/3062 3060/3060 201/201
f 202/202 3038/3038 3066/3066 3065/3065
f 3038/3038 772/772 3063/3063 3066/3066
f 3066/3066 3063/3063 782/782 3064/3064
f 3065/3065 3066/3066 3064/3064 781/781
f 772/772 3035/3035 3068/3068 3063/3063
f 3035/3035 203/203 3053/3053 3068/3068
f 3068/3068 3053/3053 778/778 3067/3067
f 3063/3063 3068/3068 3067/3067 782/782
f 782/782 3067/3067 3071/3071 3070/3070
f 3067/3067 778/778 3061/3061 3071/3071
f 3071/3071 3061/3061 201/201 3069/3069
f 3070/3070 3071/3071 3069/3069 780/780
f 781/781 3064/3064 3074/3074 3073/3073
f 3064/3064 782/782 3070/3070 3074/3074
f 3074/3074 3070/3070 780/780 3072/3072
f 3073/3073 3074/3074 3072/3072 54/54
f 55/55 2980/2980 3078/3078 3077/3077
f 2980/2980 758/758 3075/3075 3078/3078
f 3078/3078 3075/3075 786/786 3076/3076
f 3077/3077 3078/3078 3076/3076 785/785
f 758/758 2977/2977 3081/3081 3075/3075
f 2977/2977 196/196 3079/3079 3081/3081
f 3081/3081 3079/3079 783/783 3080/3080
f 3075/3075 3081/3081 3080/3080 786/786
f 786/786 3080/3080 3085/3085 3084/3084
f 3080/3080 783/783 3082/3082 3085/3085
f 3085/3085 3082/3082 206/206 3083/3083
f 3084/3084 3085/3085 3083/3083 784/784
f 785/785 3076/3076 3088/3088 3087/3087
f 3076/3076 786/786 3084/3084 3088/3088
f 3088/3088 3084/3084 784/784 3086/3086
f 3087/3087 3088/3088 3086/3086 205/205
f 196/196 2968/2968 3091/3091 3079/3079
f 2968/2968 755/755 3089/3089 3091/3091
f 3091/3091 3089/3089 788/788 3090/3090
f 3079/3079 3091/3091 3090/3090 783/783
f 755/755 2965/2965 3093/3093 3089/3089
f 2965/2965 56/56 3029/3029 3093/3093
f 3093/3093 3029/3029 773/773 3092/3092
f 3089/3089 3093/3093 3092/3092 788/788
f 788/788 3092/3092 3096/3096 3095/3095
f 3092/3092 773/773 3039/3039 3096/3096
f 3096/3096 3039/3039 202/202 3094/3094
f 3095/3095 3096/3096 3094/3094 787/787
f 783/783 3090/3090 3098/3098 3082/3082
f 3090/3090 788/788 3095/3095 3098/3098
f 3098/3098 3095/3095 787/787 3097/3097
f 3082/3082 3098/3098 3097/3097 206/206
f 206/206 3097/3097 3102/3102 3101/3101
f 3097/3097 787/787 3099/3099 3102/3102
f 3102/3102 3099/3099 791/791 3100/3100
f 3101/3101 3102/3102 3100/3100 790/790
f 787/787 3094/3094 3104/3104 3099/3099
f 3094/3094 202/202 3065/3065 3104/3104
f 3104/3104 3065/3065 781/781 3103/3103
f 3099/3099 3104/3104 3103/3103 791/791
f 791/791 3103/3103 3107/3107 3106/3106
f 3103/3103 781/781 3073/3073 3107/3107
f 3107/3107 3073/3073 54/54 3105/3105
f 3106/3106 3107/3107 3105/3105 789/789
f 790/790 3100/3100 3110/3110 3109/3109
f 3100/3100 791/791 3106/3106 3110/3110
f 3110/3110 3106/3106 789/789 3108/3108
f 3109/3109 3110/3110 3108/3108 204/204
f 205/205 3086/3086 3114/3114 3113/3113
f 3086/3086 784/784 3111/3111 3114/3114
f 3114/3114 3111/3111 794/794 3112/3112
f 3113/3113 3114/3114 3112/3112 793/793
f 784/784 3083/3083 3116/3116 3111/3111
f 3083/3083 206/206 3101/3101 3116/3116
f 3116/3116 3101/3101 790/790 3115/3115
f 3111/3111 3116/3116 3115/3115 794/794
f 794/794 3115/3115 3119/3119 3118/3118
f 3115/3115 790/790 3109/3109 3119/3119
f 3119/3119 3109/3109 204/204 3117/3117
f 3118/3118 3119/3119 3117/3117 792/792
f 793/793 3112/3112 3122/3122 3121/3121
f 3112/3112 794/794 3118/3118 3122/3122
f 3122/3122 3118/3118 792/792 3120/3120
f 3121/3121 3122/3122 3120/3120 6/6149
f 2/2 2341/6274 3125/3125 1818/6275
f 2341/6274 597/6210 3123/3123 3125/3125
f 3125/3125 3123/3123 797/797 3124/3124
f 1818/6275 3125/3125 3124/3124 462/6211
f 597/6210 2351/6276 3128/3128 3123/3123
f 2351/6276 157/6178 3126/3126 3128/3128
f 3128/3128 3126/3126 795/795 3127/3127
f 3123/3123 3128/3128 3127/3127 797/797
f 797/797 3127/3127 3132/3132 3131/3131
f 3127/3127 795/795 3129/3129 3132/3132
f 3132/3132 3129/3129 209/209 3130/3130
f 3131/3131 3132/3132 3130/3130 796/796
f 462/6211 3124/3124 3134/3134 1821/6277
f 3124/3124 797/797 3131/3131 3134/3134
f 3134/3134 3131/3131 796/796 3133/3133
f 1821/6277 3134/3134 3133/3133 120/6179
f 157/6178 2381/6278 3137/3137 3126/3126
f 2381/6278 607/6212 3135/3135 3137/3137
f 3137/3137 3135/3135 800/800 3136/3136
f 3126/3126 3137/3137 3136/3136 795/795
f 607/6212 2389/6279 3140/3140 3135/3135
f 2389/6279 45/6162 3138/3138 3140/3140
f 3140/3140 3138/3138 798/798 3139/3139
f 3135/3135 3140/3140 3139/3139 800/800
f 800/800 3139/3139 3144/3144 3143/3143
f 3139/3139 798/798 3141/3141 3144/3144
f 3144/3144 3141/3141 207/207 3142/3142
f 3143/3143 3144/3144 3142/3142 799/799
f 795/795 3136/3136 3146/3146 3129/3129
f 3136/3136 800/800 3143/3143 3146/3146
f 3146/3146 3143/3143 799/799 3145/3145
f 3129/3129 3146/3146 3145/3145 209/209
f 209/209 3145/3145 3150/3150 3149/3149
f 3145/3145 799/799 3147/3147 3150/3150
f 3150/3150 3147/3147 804/804 3148/3148
f 3149/3149 3150/3150 3148/3148 803/803
f 799/799 3142/3142 3153/3153 3147/3147
f 3142/3142 207/207 3151/3151 3153/3153
f 3153/3153 3151/3151 801/801 3152/3152
f 3147/3147 3153/3153 3152/3152 804/804
f 804/804 3152/3152 3157/3157 3156/3156
f 3152/3152 801/801 3154/3154 3157/3157
f 3157/3157 3154/3154 59/59 3155/3155
f 3156/3156 3157/3157 3155/3155 802/802
f 803/803 3148/3148 3160/3160 3159/3159
f 3148/3148 804/804 3156/3156 3160/3160
f 3160/3160 3156/3156 802/802 3158/3158
f 3159/3159 3160/3160 3158/3158 208/208
f 120/6179 3133/3133 3163/3163 1831/6280
f 3133/3133 796/796 3161/3161 3163/3163
f 3163/3163 3161/3161 806/806 3162/3162
f 1831/6280 3163/3163 3162/3162 465/6213
f 796/796 3130/3130 3165/3165 3161/3161
f 3130/3130 209/209 3149/3149 3165/3165
f 3165/3165 3149/3149 803/803 3164/3164
f 3161/3161 3165/3165 3164/3164 806/806
f 806/806 3164/3164 3168/3168 3167/3167
f 3164/3164 803/803 3159/3159 3168/3168
f 3168/3168 3159/3159 208/208 3166/3166
f 3167/3167 3168/3168 3166/3166 805/805
f 465/6213 3162/3162 3170/3170 1834/6281
f 3162/3162 806/806 3167/3167 3170/3170
f 3170/3170 3167/3167 805/805 3169/3169
f 1834/6281 3170/3170 3169/3169 33/6163
f 45/6162 2493/6282 3173/3173 3138/3138
f 2493/6282 637/6214 3171/3171 3173/3173
f 3173/3173 3171/3171 809/809 3172/3172
f 3138/3138 3173/3173 3172/3172 798/798
f 637/6214 2503/6283 3176/3176 3171/3171
f 2503/6283 167/6180 3174/3174 3176/3176
f 3176/3176 3174/3174 807/807 3175/3175
f 3171/3171 3176/3176 3175/3175 809/809
f 809/809 3175/3175 3180/3180 3179/3179
f 3175/3175 807/807 3177/3177 3180/3180
f 3180/3180 3177/3177 212/212 3178/3178
f 3179/3179 3180/3180 3178/3178 808/808
f 798/798 3172/3172 3182/3182 3141/3141
f 3172/3172 809/809 3179/3179 3182/3182
f 3182/3182 3179/3179 808/808 3181/3181
f 3141/3141 3182/3182 3181/3181 207/207
f 167/6180 2529/6284 3185/3185 3174/3174
f 2529/6284 645/6215 3183/3183 3185/3185
f 3185/3185 3183/3183 812/812 3184/3184
f 3174/3174 3185/3185 3184/3184 807/807
f 645/6215 2537/6285 3188/3188 3183/3183
f 2537/6285 16/6154 3186/3186 3188/3188
f 3188/3188 3186/3186 810/810 3187/3187
f 3183/3183 3188/3188 3187/3187 812/812
f 812/812 3187/3187 3192/3192 3191/3191
f 3187/3187 810/810 3189/3189 3192/3192
f 3192/3192 3189/3189 210/210 3190/3190
f 3191/3191 3192/3192 3190/3190 811/811
f 807/807 3184/3184 3194/3194 3177/3177
f 3184/3184 812/812 3191/3191 3194/3194
f 3194/3194 3191/3191 811/811 3193/3193
f 3177/3177 3194/3194 3193/3193 212/212
f 212/212 3193/3193 3198/3198 3197/3197
f 3193/3193 811/811 3195/3195 3198/3198
f 3198/3198 3195/3195 816/816 3196/3196
f 3197/3197 3198/3198 3196/3196 815/815
f 811/811 3190/3190 3201/3201 3195/3195
f 3190/3190 210/210 3199/3199 3201/3201
f 3201/3201 3199/3199 813/813 3200/3200
f 3195/3195 3201/3201 3200/3200 816/816
f 816/816 3200/3200 3205/3205 3204/3204
f 3200/3200 813/813 3202/3202 3205/3205
f 3205/3205 3202/3202 57/57 3203/3203
f 3204/3204 3205/3205 3203/3203 814/814
f 815/815 3196/3196 3208/3208 3207/3207
f 3196/3196 816/816 3204/3204 3208/3208
f 3208/3208 3204/3204 814/814 3206/3206
f 3207/3207 3208/3208 3206/3206 211/211
f 207/207 3181/3181 3211/3211 3151/3151
f 3181/3181 808/808 3209/3209 3211/3211
f 3211/3211 3209/3209 818/818 3210/3210
f 3151/3151 3211/3211 3210/3210 801/801
f 808/808 3178/3178 3213/3213 3209/3209
f 3178/3178 212/212 3197/3197 3213/3213
f 3213/3213 3197/3197 815/815 3212/3212
f 3209/3209 3213/3213 3212/3212 818/818
f 818/818 3212/3212 3216/3216 3215/3215
f 3212/3212 815/815 3207/3207 3216/3216
f 3216/3216 3207/3207 211/211 3214/3214
f 3215/3215 3216/3216 3214/3214 817/817
f 801/801 3210/3210 3218/3218 3154/3154
f 3210/3210 818/818 3215/3215 3218/3218
f 3218/3218 3215/3215 817/817 3217/3217
f 3154/3154 3218/3218 3217/3217 59/59
f 59/59 3217/3217 3222/3222 3221/3221
f 3217/3217 817/817 3219/3219 3222/3222
f 3222/3222 3219/3219 822/822 3220/3220
f 3221/3221 3222/3222 3220/3220 821/821
f 817/817 3214/3214 3225/3225 3219/3219
f 3214/3214 211/211 3223/3223 3225/3225
f 3225/3225 3223/3223 819/819 3224/3224
f 3219/3219 3225/3225 3224/3224 822/822
f 822/822 3224/3224 3229/3229 3228/3228
f 3224/3224 819/819 3226/3226 3229/3229
f 3229/3229 3226/3226 216/216 3227/3227
f 3228/3228 3229/3229 3227/3227 820/820
f 821/821 3220/3220 3232/3232 3231/3231
f 3220/3220 822/822 3228/3228 3232/3232
f 3232/3232 3228/3228 820/820 3230/3230
f 3231/3231 3232/3232 3230/3230 215/215
f 211/211 3206/3206 3235/3235 3223/3223
f 3206/3206 814/814 3233/3233 3235/3235
f 3235/3235 3233/3233 825/825 3234/3234
f 3223/3223 3235/3235 3234/3234 819/819
f 814/814 3203/3203 3238/3238 3233/3233
f 3203/3203 57/57 3236/3236 3238/3238
f 3238/3238 3236/3236 823/823 3237/3237
f 3233/3233 3238/3238 3237/3237 825/825
f 825/825 3237/3237 3242/3242 3241/3241
f 3237/3237 823/823 3239/3239 3242/3242
f 3242/3242 3239/3239 213/213 3240/3240
f 3241/3241 3242/3242 3240/3240 824/824
f 819/819 3234/3234 3244/3244 3226/3226
f 3234/3234 825/825 3241/3241 3244/3244
f 3244/3244 3241/3241 824/824 3243/3243
f 3226/3226 3244/3244 3243/3243 216/216
f 216/216 3243/3243 3248/3248 3247/3247
f 3243/3243 824/824 3245/3245 3248/3248
f 3248/3248 3245/3245 829/829 3246/3246
f 3247/3247 3248/3248 3246/3246 828/828
f 824/824 3240/3240 3251/3251 3245/3245
f 3240/3240 213/213 3249/3249 3251/3251
f 3251/3251 3249/3249 826/826 3250/3250
f 3245/3245 3251/3251 3250/3250 829/829
f 829/829 3250/3250 3255/3255 3254/3254
f 3250/3250 826/826 3252/3252 3255/3255
f 3255/3255 3252/3252 20/20 3253/3253
f 3254/3254 3255/3255 3253/3253 827/827
f 828/828 3246/3246 3258/3258 3257/3257
f 3246/3246 829/829 3254/3254 3258/3258
f 3258/3258 3254/3254 827/827 3256/3256
f 3257/3257 3258/3258 3256/3256 214/214
f 215/215 3230/3230 3262/3262 3261/3261
f 3230/3230 820/820 3259/3259 3262/3262
f 3262/3262 3259/3259 832/832 3260/3260
f 3261/3261 3262/3262 3260/3260 831/831
f 820/820 3227/3227 3264/3264 3259/3259
f 3227/3227 216/216 3247/3247 3264/3264
f 3264/3264 3247/3247 828/828 3263/3263
f 3259/3259 3264/3264 3263/3263 832/832
f 832/832 3263/3263 3267/3267 3266/3266
f 3263/3263 828/828 3257/3257 3267/3267
f 3267/3267 3257/3257 214/214 3265/3265
f 3266/3266 3267/3267 3265/3265 830/830
f 831/831 3260/3260 3270/3270 3269/3269
f 3260/3260 832/832 3266/3266 3270/3270
f 3270/3270 3266/3266 830/830 3268/3268
f 3269/3269 3270/3270 3268/3268 58/58
f 33/6163 3169/3169 3273/3273 1868/6286
f 3169/3169 805/805 3271/3271 3273/3273
f 3273/3273 3271/3271 835/835 3272/3272
f 1868/6286 3273/3273 3272/3272 475/6216
f 805/805 3166/3166 3276/3276 3271/3271
f 3166/3166 208/208 3274/3274 3276/3276
f 3276/3276 3274/3274 833/833 3275/3275
f 3271/3271 3276/3276 3275/3275 835/835
f 835/835 3275/3275 3280/3280 3279/3279
f 3275/3275 833/833 3277/3277 3280/3280
f 3280/3280 3277/3277 218/218 3278/3278
f 3279/3279 3280/3280 3278/3278 834/834
f 475/6216 3272/3272 3282/3282 1871/6287
f 3272/3272 835/835 3279/3279 3282/3282
f 3282/3282 3279/3279 834/834 3281/3281
f 1871/6287 3282/3282 3281/3281 123/6181
f 208/208 3158/3158 3285/3285 3274/3274
f 3158/3158 802/802 3283/3283 3285/3285
f 3285/3285 3283/3283 837/837 3284/3284
f 3274/3274 3285/3285 3284/3284 833/833
f 802/802 3155/3155 3287/3287 3283/3283
f 3155/3155 59/59 3221/3221 3287/3287
f 3287/3287 3221/3221 821/821 3286/3286
f 3283/3283 3287/3287 3286/3286 837/837
f 837/837 3286/3286 3290/3290 3289/3289
f 3286/3286 821/821 3231/3231 3290/3290
f 3290/3290 3231/3231 215/215 3288/3288
f 3289/3289 3290/3290 3288/3288 836/836
f 833/833 3284/3284 3292/3292 3277/3277
f 3284/3284 837/837 3289/3289 3292/3292
f 3292/3292 3289/3289 836/836 3291/3291
f 3277/3277 3292/3292 3291/3291 218/218
f 218/218 3291/3291 3296/3296 3295/3295
f 3291/3291 836/836 3293/3293 3296/3296
f 3296/3296 3293/3293 840/840 3294/3294
f 3295/3295 3296/3296 3294/3294 839/839
f 836/836 3288/3288 3298/3298 3293/3293
f 3288/3288 215/215 3261/3261 3298/3298
f 3298/3298 3261/3261 831/831 3297/3297
f 3293/3293 3298/3298 3297/3297 840/840
f 840/840 3297/3297 3301/3301 3300/3300
f 3297/3297 831/831 3269/3269 3301/3301
f 3301/3301 3269/3269 58/58 3299/3299
f 3300/3300 3301/3301 3299/3299 838/838
f 839/839 3294/3294 3304/3304 3303/3303
f 3294/3294 840/840 3300/3300 3304/3304
f 3304/3304 3300/3300 838/838 3302/3302
f 3303/3303 3304/3304 3302/3302 217/217
f 123/6181 3281/3281 3307/3307 1881/6288
f 3281/3281 834/834 3305/3305 3307/3307
f 3307/3307 3305/3305 842/842 3306/3306
f 1881/6288 3307/3307 3306/3306 478/6217
f 834/834 3278/3278 3309/3309 3305/3305
f 3278/3278 218/218 3295/3295 3309/3309
f 3309/3309 3295/3295 839/839 3308/3308
f 3305/3305 3309/3309 3308/3308 842/842
f 842/842 3308/3308 3312/3312 3311/3311
f 3308/3308 839/839 3303/3303 3312/3312
f 3312/3312 3303/3303 217/217 3310/3310
f 3311/3311 3312/3312 3310/3310 841/841
f 478/6217 3306/3306 3314/3314 1884/6289
f 3306/3306 842/842 3311/3311 3314/3314
f 3314/3314 3311/3311 841/841 3313/3313
f 1884/6289 3314/3314 3313/3313 10/6155
f 16/6154 2933/6290 3317/3317 3186/3186
f 2933/6290 749/6218 3315/3315 3317/3317
f 3317/3317 3315/3315 845/845 3316/3316
f 3186/3186 3317/3317 3316/3316 810/810
f 749/6218 2943/6291 3320/3320 3315/3315
f 2943/6291 197/6182 3318/3318 3320/3320
f 3320/3320 3318/3318 843/843 3319/3319
f 3315/3315 3320/3320 3319/3319 845/845
f 845/845 3319/3319 3324/3324 3323/3323
f 3319/3319 843/843 3321/3321 3324/3324
f 3324/3324 3321/3321 221/221 3322/3322
f 3323/3323 3324/3324 3322/3322 844/844
f 810/810 3316/3316 3326/3326 3189/3189
f 3316/3316 845/845 3323/3323 3326/3326
f 3326/3326 3323/3323 844/844 3325/3325
f 3189/3189 3326/3326 3325/3325 210/210
f 197/6182 2973/6292 3329/3329 3318/3318
f 2973/6292 759/6219 3327/3327 3329/3329
f 3329/3329 3327/3327 848/848 3328/3328
f 3318/3318 3329/3329 3328/3328 843/843
f 759/6219 2981/6293 3332/3332 3327/3327
f 2981/6293 55/6164 3330/3330 3332/3332
f 3332/3332 3330/3330 846/846 3331/3331
f 3327/3327 3332/3332 3331/3331 848/848
f 848/848 3331/3331 3336/3336 3335/3335
f 3331/3331 846/846 3333/3333 3336/3336
f 3336/3336 3333/3333 219/219 3334/3334
f 3335/3335 3336/3336 3334/3334 847/847
f 843/843 3328/3328 3338/3338 3321/3321
f 3328/3328 848/848 3335/3335 3338/3338
f 3338/3338 3335/3335 847/847 3337/3337
f 3321/3321 3338/3338 3337/3337 221/221
f 221/221 3337/3337 3342/3342 3341/3341
f 3337/3337 847/847 3339/3339 3342/3342
f 3342/3342 3339/3339 852/852 3340/3340
f 3341/3341 3342/3342 3340/3340 851/851
f 847/847 3334/3334 3345/3345 3339/3339
f 3334/3334 219/219 3343/3343 3345/3345
f 3345/3345 3343/3343 849/849 3344/3344
f 3339/3339 3345/3345 3344/3344 852/852
f 852/852 3344/3344 3349/3349 3348/3348
f 3344/3344 849/849 3346/3346 3349/3349
f 3349/3349 3346/3346 62/62 3347/3347
f 3348/3348 3349/3349 3347/3347 850/850
f 851/851 3340/3340 3352/3352 3351/3351
f 3340/3340 852/852 3348/3348 3352/3352
f 3352/3352 3348/3348 850/850 3350/3350
f 3351/3351 3352/3352 3350/3350 220/220
f 210/210 3325/3325 3355/3355 3199/3199
f 3325/3325 844/844 3353/3353 3355/3355
f 3355/3355 3353/3353 854/854 3354/3354
f 3199/3199 3355/3355 3354/3354 813/813
f 844/844 3322/3322 3357/3357 3353/3353
f 3322/3322 221/221 3341/3341 3357/3357
f 3357/3357 3341/3341 851/851 3356/3356
f 3353/3353 3357/3357 3356/3356 854/854
f 854/854 3356/3356 3360/3360 3359/3359
f 3356/3356 851/851 3351/3351 3360/3360
f 3360/3360 3351/3351 220/220 3358/3358
f 3359/3359 3360/3360 3358/3358 853/853
f 813/813 3354/3354 3362/3362 3202/3202
f 3354/3354 854/854 3359/3359 3362/3362
f 3362/3362 3359/3359 853/853 3361/3361
f 3202/3202 3362/3362 3361/3361 57/57
f 55/6164 3077/6294 3365/3365 3330/3330
f 3077/6294 785/6220 3363/3363 3365/3365
f 3365/3365 3363/3363 857/857 3364/3364
f 3330/3330 3365/3365 3364/3364 846/846
f 785/6220 3087/6295 3368/3368 3363/3363
f 3087/6295 205/6183 3366/3366 3368/3368
f 3368/3368 3366/3366 855/855 3367/3367
f 3363/3363 3368/3368 3367/3367 857/857
f 857/857 3367/3367 3372/3372 3371/3371
f 3367/3367 855/855 3369/3369 3372/3372
f 3372/3372 3369/3369 224/224 3370/3370
f 3371/3371 3372/3372 3370/3370 856/856
f 846/846 3364/3364 3374/3374 3333/3333
f 3364/3364 857/857 3371/3371 3374/3374
f 3374/3374 3371/3371 856/856 3373/3373
f 3333/3333 3374/3374 3373/3373 219/219
f 205/6183 3113/6296 3377/3377 3366/3366
f 3113/6296 793/6221 3375/3375 3377/3377
f 3377/3377 3375/3375 860/860 3376/3376
f 3366/3366 3377/3377 3376/3376 855/855
f 793/6221 3121/6297 3380/3380 3375/3375
f 3121/6297 6/6 3378/3378 3380/3380
f 3380/3380 3378/3378 858/858 3379/3379
f 3375/3375 3380/3380 3379/3379 860/860
f 860/860 3379/3379 3384/3384 3383/3383
f 3379/3379 858/858 3381/3381 3384/3384
f 3384/3384 3381/3381 222/222 3382/3382
f 3383/3383 3384/3384 3382/3382 859/859
f 855/855 3376/3376 3386/3386 3369/3369
f 3376/3376 860/860 3383/3383 3386/3386
f 3386/3386 3383/3383 859/859 3385/3385
f 3369/3369 3386/3386 3385/3385 224/224
f 224/224 3385/3385 3390/3390 3389/3389
f 3385/3385 859/859 3387/3387 3390/3390
f 3390/3390 3387/3387 864/864 3388/3388
f 3389/3389 3390/3390 3388/3388 863/863
f 859/859 3382/3382 3393/3393 3387/3387
f 3382/3382 222/222 3391/3391 3393/3393
f 3393/3393 3391/3391 861/861 3392/3392
f 3387/3387 3393/3393 3392/3392 864/864
f 864/864 3392/3392 3397/3397 3396/3396
f 3392/3392 861/861 3394/3394 3397/3397
f 3397/3397 3394/3394 60/60 3395/3395
f 3396/3396 3397/3397 3395/3395 862/862
f 863/863 3388/3388 3400/3400 3399/3399
f 3388/3388 864/864 3396/3396 3400/3400
f 3400/3400 3396/3396 862/862 3398/3398
f 3399/3399 3400/3400 3398/3398 223/223
f 219/219 3373/3373 3403/3403 3343/3343
f 3373/3373 856/856 3401/3401 3403/3403
f 3403/3403 3401/3401 866/866 3402/3402
f 3343/3343 3403/3403 3402/3402 849/849
f 856/856 3370/3370 3405/3405 3401/3401
f 3370/3370 224/224 3389/3389 3405/3405
f 3405/3405 3389/3389 863/863 3404/3404
f 3401/3401 3405/3405 3404/3404 866/866
f 866/866 3404/3404 3408/3408 3407/3407
f 3404/3404 863/863 3399/3399 3408/3408
f 3408/3408 3399/3399 223/223 3406/3406
f 3407/3407 3408/3408 3406/3406 865/865
f 849/849 3402/3402 3410/3410 3346/3346
f 3402/3402 866/866 3407/3407 3410/3410
f 3410/3410 3407/3407 865/865 3409/3409
f 3346/3346 3410/3410 3409/3409 62/62
f 62/62 3409/3409 3414/3414 3413/3413
f 3409/3409 865/865 3411/3411 3414/3414
f 3414/3414 3411/3411 870/870 3412/3412
f 3413/3413 3414/3414 3412/3412 869/869
f 865/865 3406/3406 3417/3417 3411/3411
f 3406/3406 223/223 3415/3415 3417/3417
f 3417/3417 3415/3415 867/867 3416/3416
f 3411/3411 3417/3417 3416/3416 870/870
f 870/870 3416/3416 3421/3421 3420/3420
f 3416/3416 867/867 3418/3418 3421/3421
f 3421/3421 3418/3418 228/228 3419/3419
f 3420/3420 3421/3421 3419/3419 868/868
f 869/869 3412/3412 3424/3424 3423/3423
f 3412/3412 870/870 3420/3420 3424/3424
f 3424/3424 3420/3420 868/868 3422/3422
f 3423/3423 3424/3424 3422/3422 227/227
f 223/223 3398/3398 3427/3427 3415/3415
f 3398/3398 862/862 3425/3425 3427/3427
f 3427/3427 3425/3425 873/873 3426/3426
f 3415/3415 3427/3427 3426/3426 867/867
f 862/862 3395/3395 3430/3430 3425/3425
f 3395/3395 60/60 3428/3428 3430/3430
f 3430/3430 3428/3428 871/871 3429/3429
f 3425/3425 3430/3430 3429/3429 873/873
f 873/873 3429/3429 3434/3434 3433/3433
f 3429/3429 871/871 3431/3431 3434/3434
f 3434/3434 3431/3431 225/225 3432/3432
f 3433/3433 3434/3434 3432/3432 872/872
f 867/867 3426/3426 3436/3436 3418/3418
f 3426/3426 873/873 3433/3433 3436/3436
f 3436/3436 3433/3433 872/872 3435/3435
f 3418/3418 3436/3436 3435/3435 228/228
f 228/228 3435/3435 3440/3440 3439/3439
f 3435/3435 872/872 3437/3437 3440/3440
f 3440/3440 3437/3437 877/877 3438/3438
f 3439/3439 3440/3440 3438/3438 876/876
f 872/872 3432/3432 3443/3443 3437/3437
f 3432/3432 225/225 3441/3441 3443/3443
f 3443/3443 3441/3441 874/874 3442/3442
f 3437/3437 3443/3443 3442/3442 877/877
f 877/877 3442/3442 3447/3447 3446/3446
f 3442/3442 874/874 3444/3444 3447/3447
f 3447/3447 3444/3444 18/18 3445/3445
f 3446/3446 3447/3447 3445/3445 875/875
f 876/876 3438/3438 3450/3450 3449/3449
f 3438/3438 877/877 3446/3446 3450/3450
f 3450/3450 3446/3446 875/875 3448/3448
f 3449/3449 3450/3450 3448/3448 226/226
f 227/227 3422/3422 3454/3454 3453/3453
f 3422/3422 868/868 3451/3451 3454/3454
f 3454/3454 3451/3451 880/880 3452/3452
f 3453/3453 3454/3454 3452/3452 879/879
f 868/868 3419/3419 3456/3456 3451/3451
f 3419/3419 228/228 3439/3439 3456/3456
f 3456/3456 3439/3439 876/876 3455/3455
f 3451/3451 3456/3456 3455/3455 880/880
f 880/880 3455/3455 3459/3459 3458/3458
f 3455/3455 876/876 3449/3449 3459/3459
f 3459/3459 3449/3449 226/226 3457/3457
f 3458/3458 3459/3459 3457/3457 878/878
f 879/879 3452/3452 3462/3462 3461/3461
f 3452/3452 880/880 3458/3458 3462/3462
f 3462/3462 3458/3458 878/878 3460/3460
f 3461/3461 3462/3462 3460/3460 61/61
f 57/57 3361/3361 3465/3465 3236/3236
f 3361/3361 853/853 3463/3463 3465/3465
f 3465/3465 3463/3463 883/883 3464/3464
f 3236/3236 3465/3465 3464/3464 823/823
f 853/853 3358/3358 3468/3468 3463/3463
f 3358/3358 220/220 3466/3466 3468/3468
f 3468/3468 3466/3466 881/881 3467/3467
f 3463/3463 3468/3468 3467/3467 883/883
f 883/883 3467/3467 3472/3472 3471/3471
f 3467/3467 881/881 3469/3469 3472/3472
f 3472/3472 3469/3469 230/230 3470/3470
f 3471/3471 3472/3472 3470/3470 882/882
f 823/823 3464/3464 3474/3474 3239/3239
f 3464/3464 883/883 3471/3471 3474/3474
f 3474/3474 3471/3471 882/882 3473/3473
f 3239/3239 3474/3474 3473/3473 213/213
f 220/220 3350/3350 3477/3477 3466/3466
f 3350/3350 850/850 3475/3475 3477/3477
f 3477/3477 3475/3475 885/885 3476/3476
f 3466/3466 3477/3477 3476/3476 881/881
f 850/850 3347/3347 3479/3479 3475/3475
f 3347/3347 62/62 3413/3413 3479/3479
f 3479/3479 3413/3413 869/869 3478/3478
f 3475/3475 3479/3479 3478/3478 885/885
f 885/885 3478/3478 3482/3482 3481/3481
f 3478/3478 869/869 3423/3423 3482/3482
f 3482/3482 3423/3423 227/227 3480/3480
f 3481/3481 3482/3482 3480/3480 884/884
f 881/881 3476/3476 3484/3484 3469/3469
f 3476/3476 885/885 3481/3481 3484/3484
f 3484/3484 3481/3481 884/884 3483/3483
f 3469/3469 3484/3484 3483/3483 230/230
f 230/230 3483/3483 3488/3488 3487/3487
f 3483/3483 884/884 3485/3485 3488/3488
f 3488/3488 3485/3485 888/888 3486/3486
f 3487/3487 3488/3488 3486/3486 887/887
f 884/884 3480/3480 3490/3490 3485/3485
f 3480/3480 227/227 3453/3453 3490/3490
f 3490/3490 3453/3453 879/879 3489/3489
f 3485/3485 3490/3490 3489/3489 888/888
f 888/888 3489/3489 3493/3493 3492/3492
f 3489/3489 879/879 3461/3461 3493/3493
f 3493/3493 3461/3461 61/61 3491/3491
f 3492/3492 3493/3493 3491/3491 886/886
f 887/887 3486/3486 3496/3496 3495/3495
f 3486/3486 888/888 3492/3492 3496/3496
f 3496/3496 3492/3492 886/886 3494/3494
f 3495/3495 3496/3496 3494/3494 229/229
f 213/213 3473/3473 3499/3499 3249/3249
f 3473/3473 882/882 3497/3497 3499/3499
f 3499/3499 3497/3497 890/890 3498/3498
f 3249/3249 3499/3499 3498/3498 826/826
f 882/882 3470/3470 3501/3501 3497/3497
f 3470/3470 230/230 3487/3487 3501/3501
f 3501/3501 3487/3487 887/887 3500/3500
f 3497/3497 3501/3501 3500/3500 890/890
f 890/890 3500/3500 3504/3504 3503/3503
f 3500/3500 887/887 3495/3495 3504/3504
f 3504/3504 3495/3495 229/229 3502/3502
f 3503/3503 3504/3504 3502/3502 889/889
f 826/826 3498/3498 3506/3506 3252/3252
f 3498/3498 890/890 3503/3503 3506/3506
f 3506/3506 3503/3503 889/889 3505/3505
f 3252/3252 3506/3506 3505/3505 20/20
f 20/20 3505/3505 3510/3510 3509/3509
f 3505/3505 889/889 3507/3507 3510/3510
f 3510/3510 3507/3507 894/894 3508/3508
f 3509/3509 3510/3510 3508/3508 893/893
f 889/889 3502/3502 3513/3513 3507/3507
f 3502/3502 229/229 3511/3511 3513/3513
f 3513/3513 3511/3511 891/891 3512/3512
f 3507/3507 3513/3513 3512/3512 894/894
f 894/894 3512/3512 3517/3517 3516/3516
f 3512/3512 891/891 3514/3514 3517/3517
f 3517/3517 3514/3514 234/234 3515/3515
f 3516/3516 3517/3517 3515/3515 892/892
f 893/893 3508/3508 3520/3520 3519/3519
f 3508/3508 894/894 3516/3516 3520/3520
f 3520/3520 3516/3516 892/892 3518/3518
f 3519/3519 3520/3520 3518/3518 233/233
f 229/229 3494/3494 3523/3523 3511/3511
f 3494/3494 886/886 3521/3521 3523/3523
f 3523/3523 3521/3521 897/897 3522/3522
f 3511/3511 3523/3523 3522/3522 891/891
f 886/886 3491/3491 3526/3526 3521/3521
f 3491/3491 61/61 3524/3524 3526/3526
f 3526/3526 3524/3524 895/895 3525/3525
f 3521/3521 3526/3526 3525/3525 897/897
f 897/897 3525/3525 3530/3530 3529/3529
f 3525/3525 895/895 3527/3527 3530/3530
f 3530/3530 3527/3527 231/231 3528/3528
f 3529/3529 3530/3530 3528/3528 896/896
f 891/891 3522/3522 3532/3532 3514/3514
f 3522/3522 897/897 3529/3529 3532/3532
f 3532/3532 3529/3529 896/896 3531/3531
f 3514/3514 3532/3532 3531/3531 234/234
f 234/234 3531/3531 3536/3536 3535/3535
f 3531/3531 896/896 3533/3533 3536/3536
f 3536/3536 3533/3533 901/901 3534/3534
f 3535/3535 3536/3536 3534/3534 900/900
f 896/896 3528/3528 3539/3539 3533/3533
f 3528/3528 231/231 3537/3537 3539/3539
f 3539/3539 3537/3537 898/898 3538/3538
f 3533/3533 3539/3539 3538/3538 901/901
f 901/901 3538/3538 3543/3543 3542/3542
f 3538/3538 898/898 3540/3540 3543/3543
f 3543/3543 3540/3540 66/66 3541/3541
f 3542/3542 3543/3543 3541/3541 899/899
f 900/900 3534/3534 3546/3546 3545/3545
f 3534/3534 901/901 3542/3542 3546/3546
f 3546/3546 3542/3542 899/899 3544/3544
f 3545/3545 3546/3546 3544/3544 232/232
f 233/233 3518/3518 3550/3550 3549/3549
f 3518/3518 892/892 3547/3547 3550/3550
f 3550/3550 3547/3547 904/904 3548/3548
f 3549/3549 3550/3550 3548/3548 903/903
f 892/892 3515/3515 3552/3552 3547/3547
f 3515/3515 234/234 3535/3535 3552/3552
f 3552/3552 3535/3535 900/900 3551/3551
f 3547/3547 3552/3552 3551/3551 904/904
f 904/904 3551/3551 3555/3555 3554/3554
f 3551/3551 900/900 3545/3545 3555/3555
f 3555/3555 3545/3545 232/232 3553/3553
f 3554/3554 3555/3555 3553/3553 902/902
f 903/903 3548/3548 3558/3558 3557/3557
f 3548/3548 904/904 3554/3554 3558/3558
f 3558/3558 3554/3554 902/902 3556/3556
f 3557/3557 3558/3558 3556/3556 65/65
f 61/61 3460/3460 3561/3561 3524/3524
f 3460/3460 878/878 3559/3559 3561/3561
f 3561/3561 3559/3559 907/907 3560/3560
f 3524/3524 3561/3561 3560/3560 895/895
f 878/878 3457/3457 3564/3564 3559/3559
f 3457/3457 226/226 3562/3562 3564/3564
f 3564/3564 3562/3562 905/905 3563/3563
f 3559/3559 3564/3564 3563/3563 907/907
f 907/907 3563/3563 3568/3568 3567/3567
f 3563/3563 905/905 3565/3565 3568/3568
f 3568/3568 3565/3565 237/237 3566/3566
f 3567/3567 3568/3568 3566/3566 906/906
f 895/895 3560/3560 3570/3570 3527/3527
f 3560/3560 907/907 3567/3567 3570/3570
f 3570/3570 3567/3567 906/906 3569/3569
f 3527/3527 3570/3570 3569/3569 231/231
f 226/226 3448/3448 3573/3573 3562/3562
f 3448/3448 875/875 3571/3571 3573/3573
f 3573/3573 3571/3571 910/910 3572/3572
f 3562/3562 3573/3573 3572/3572 905/905
f 875/875 3445/3445 3576/3576 3571/3571
f 3445/3445 18/18 3574/3574 3576/3576
f 3576/3576 3574/3574 908/908 3575/3575
f 3571/3571 3576/3576 3575/3575 910/910
f 910/910 3575/3575 3580/3580 3579/3579
f 3575/3575 908/908 3577/3577 3580/3580
f 3580/3580 3577/3577 235/235 3578/3578
f 3579/3579 3580/3580 3578/3578 909/909
f 905/905 3572/3572 3582/3582 3565/3565
f 3572/3572 910/910 3579/3579 3582/3582
f 3582/3582 3579/3579 909/909 3581/3581
f 3565/3565 3582/3582 3581/3581 237/237
f 237/237 3581/3581 3586/3586 3585/3585
f 3581/3581 909/909 3583/3583 3586/3586
f 3586/3586 3583/3583 914/914 3584/3584
f 3585/3585 3586/3586 3584/3584 913/913
f 909/909 3578/3578 3589/3589 3583/3583
f 3578/3578 235/235 3587/3587 3589/3589
f 3589/3589 3587/3587 911/911 3588/3588
f 3583/3583 3589/3589 3588/3588 914/914
f 914/914 3588/3588 3593/3593 3592/3592
f 3588/3588 911/911 3590/3590 3593/3593
f 3593/3593 3590/3590 63/63 3591/3591
f 3592/3592 3593/3593 3591/3591 912/912
f 913/913 3584/3584 3596/3596 3595/3595
f 3584/3584 914/914 3592/3592 3596/3596
f 3596/3596 3592/3592 912/912 3594/3594
f 3595/3595 3596/3596 3594/3594 236/236
f 231/231 3569/3569 3599/3599 3537/3537
f 3569/3569 906/906 3597/3597 3599/3599
f 3599/3599 3597/3597 916/916 3598/3598
f 3537/3537 3599/3599 3598/3598 898/898
f 906/906 3566/3566 3601/3601 3597/3597
f 3566/3566 237/237 3585/3585 3601/3601
f 3601/3601 3585/3585 913/913 3600/3600
f 3597/3597 3601/3601 3600/3600 916/916
f 916/916 3600/3600 3604/3604 3603/3603
f 3600/3600 913/913 3595/3595 3604/3604
f 3604/3604 3595/3595 236/236 3602/3602
f 3603/3603 3604/3604 3602/3602 915/915
f 898/898 3598/3598 3606/3606 3540/3540
f 3598/3598 916/916 3603/3603 3606/3606
f 3606/3606 3603/3603 915/915 3605/3605
f 3540/3540 3606/3606 3605/3605 66/66
f 66/66 3605/3605 3610/3610 3609/3609
f 3605/3605 915/915 3607/3607 3610/3610
f 3610/3610 3607/3607 920/920 3608/3608
f 3609/3609 3610/3610 3608/3608 919/919
f 915/915 3602/3602 3613/3613 3607/3607
f 3602/3602 236/236 3611/3611 3613/3613
f 3613/3613 3611/3611 917/917 3612/3612
f 3607/3607 3613/3613 3612/3612 920/920
f 920/920 3612/3612 3617/3617 3616/3616
f 3612/3612 917/917 3614/3614 3617/3617
f 3617/3617 3614/3614 241/241 3615/3615
f 3616/3616 3617/3617 3615/3615 918/918
f 919/919 3608/3608 3620/3620 3619/3619
f 3608/3608 920/920 3616/3616 3620/3620
f 3620/3620 3616/3616 918/918 3618/3618
f 3619/3619 3620/3620 3618/3618 240/240
f 236/236 3594/3594 3623/3623 3611/3611
f 3594/3594 912/912 3621/3621 3623/3623
f 3623/3623 3621/3621 923/923 3622/3622
f 3611/3611 3623/3623 3622/3622 917/917
f 912/912 3591/3591 3626/3626 3621/3621
f 3591/3591 63/63 3624/3624 3626/3626
f 3626/3626 3624/3624 921/921 3625/3625
f 3621/3621 3626/3626 3625/3625 923/923
f 923/923 3625/3625 3630/3630 3629/3629
f 3625/3625 921/921 3627/3627 3630/3630
f 3630/3630 3627/3627 238/238 3628/3628
f 3629/3629 3630/3630 3628/3628 922/922
f 917/917 3622/3622 3632/3632 3614/3614
f 3622/3622 923/923 3629/3629 3632/3632
f 3632/3632 3629/3629 922/922 3631/3631
f 3614/3614 3632/3632 3631/3631 241/241
f 241/241 3631/3631 3636/3636 3635/3635
f 3631/3631 922/922 3633/3633 3636/3636
f 3636/3636 3633/3633 927/927 3634/3634
f 3635/3635 3636/3636 3634/3634 926/926
f 922/922 3628/3628 3639/3639 3633/3633
f 3628/3628 238/238 3637/3637 3639/3639
f 3639/3639 3637/3637 924/924 3638/3638
f 3633/3633 3639/3639 3638/3638 927/927
f 927/927 3638/3638 3643/3643 3642/3642
f 3638/3638 924/924 3640/3640 3643/3643
f 3643/3643 3640/3640 7/7 3641/3641
f 3642/3642 3643/3643 3641/3641 925/925
f 926/926 3634/3634 3646/3646 3645/3645
f 3634/3634 927/927 3642/3642 3646/3646
f 3646/3646 3642/3642 925/925 3644/3644
f 3645/3645 3646/3646 3644/3644 239/239
f 240/240 3618/3618 3650/3650 3649/3649
f 3618/3618 918/918 3647/3647 3650/3650
f 3650/3650 3647/3647 930/930 3648/3648
f 3649/3649 3650/3650 3648/3648 929/929
f 918/918 3615/3615 3652/3652 3647/3647
f 3615/3615 241/241 3635/3635 3652/3652
f 3652/3652 3635/3635 926/926 3651/3651
f 3647/3647 3652/3652 3651/3651 930/930
f 930/930 3651/3651 3655/3655 3654/3654
f 3651/3651 926/926 3645/3645 3655/3655
f 3655/3655 3645/3645 239/239 3653/3653
f 3654/3654 3655/3655 3653/3653 928/928
f 929/929 3648/3648 3658/3658 3657/3657
f 3648/3648 930/930 3654/3654 3658/3658
f 3658/3658 3654/3654 928/928 3656/3656
f 3657/3657 3658/3658 3656/3656 64/64
f 65/65 3556/3556 3662/3662 3661/3661
f 3556/3556 902/902 3659/3659 3662/3662
f 3662/3662 3659/3659 934/934 3660/3660
f 3661/3661 3662/3662 3660/3660 933/933
f 902/902 3553/3553 3665/3665 3659/3659
f 3553/3553 232/232 3663/3663 3665/3665
f 3665/3665 3663/3663 931/931 3664/3664
f 3659/3659 3665/3665 3664/3664 934/934
f 934/934 3664/3664 3669/3669 3668/3668
f 3664/3664 931/931 3666/3666 3669/3669
f 3669/3669 3666/3666 244/244 3667/3667
f 3668/3668 3669/3669 3667/3667 932/932
f 933/933 3660/3660 3672/3672 3671/3671
f 3660/3660 934/934 3668/3668 3672/3672
f 3672/3672 3668/3668 932/932 3670/3670
f 3671/3671 3672/3672 3670/3670 243/243
f 232/232 3544/3544 3675/3675 3663/3663
f 3544/3544 899/899 3673/3673 3675/3675
f 3675/3675 3673/3673 936/936 3674/3674
f 3663/3663 3675/3675 3674/3674 931/931
f 899/899 3541/3541 3677/3677 3673/3673
f 3541/3541 66/66 3609/3609 3677/3677
f 3677/3677 3609/3609 919/919 3676/3676
f 3673/3673 3677/3677 3676/3676 936/936
f 936/936 3676/3676 3680/3680 3679/3679
f 3676/3676 919/919 3619/3619 3680/3680
f 3680/3680 3619/3619 240/240 3678/3678
f 3679/3679 3680/3680 3678/3678 935/935
f 931/931 3674/3674 3682/3682 3666/3666
f 3674/3674 936/936 3679/3679 3682/3682
f 3682/3682 3679/3679 935/935 3681/3681
f 3666/3666 3682/3682 3681/3681 244/244
f 244/244 3681/3681 3686/3686 3685/3685
f 3681/3681 935/935 3683/3683 3686/3686
f 3686/3686 3683/3683 939/939 3684/3684
f 3685/3685 3686/3686 3684/3684 938/938
f 935/935 3678/3678 3688/3688 3683/3683
f 3678/3678 240/240 3649/3649 3688/3688
f 3688/3688 3649/3649 929/929 3687/3687
f 3683/3683 3688/3688 3687/3687 939/939
f 939/939 3687/3687 3691/3691 3690/3690
f 3687/3687 929/929 3657/3657 3691/3691
f 3691/3691 3657/3657 64/64 3689/3689
f 3690/3690 3691/3691 3689/3689 937/937
f 938/938 3684/3684 3694/3694 3693/3693
f 3684/3684 939/939 3690/3690 3694/3694
f 3694/3694 3690/3690 937/937 3692/3692
f 3693/3693 3694/3694 3692/3692 242/242
f 243/243 3670/3670 3698/3698 3697/3697
f 3670/3670 932/932 3695/3695 3698/3698
f 3698/3698 3695/3695 942/942 3696/3696
f 3697/3697 3698/3698 3696/3696 941/941
f 932/932 3667/3667 3700/3700 3695/3695
f 3667/3667 244/244 3685/3685 3700/3700
f 3700/3700 3685/3685 938/938 3699/3699
f 3695/3695 3700/3700 3699/3699 942/942
f 942/942 3699/3699 3703/3703 3702/3702
f 3699/3699 938/938 3693/3693 3703/3703
f 3703/3703 3693/3693 242/242 3701/3701
f 3702/3702 3703/3703 3701/3701 940/940
f 941/941 3696/3696 3706/3706 3705/3705
f 3696/3696 942/942 3702/3702 3706/3706
f 3706/3706 3702/3702 940/940 3704/3704
f 3705/3705 3706/3706 3704/3704 19/19
f 10/6155 3313/3313 3709/3709 2014/6298
f 3313/3313 841/841 3707/3707 3709/3709
f 3709/3709 3707/3707 945/945 3708/3708
f 2014/6298 3709/3709 3708/3708 512/6222
f 841/841 3310/3310 3712/3712 3707/3707
f 3310/3310 217/217 3710/3710 3712/3712
f 3712/3712 3710/3710 943/943 3711/3711
f 3707/3707 3712/3712 3711/3711 945/945
f 945/945 3711/3711 3716/3716 3715/3715
f 3711/3711 943/943 3713/3713 3716/3716
f 3716/3716 3713/3713 247/247 3714/3714
f 3715/3715 3716/3716 3714/3714 944/944
f 512/6222 3708/3708 3718/3718 2017/6299
f 3708/3708 945/945 3715/3715 3718/3718
f 3718/3718 3715/3715 944/944 3717/3717
f 2017/6299 3718/3718 3717/3717 133/6184
f 217/217 3302/3302 3721/3721 3710/3710
f 3302/3302 838/838 3719/3719 3721/3721
f 3721/3721 3719/3719 948/948 3720/3720
f 3710/3710 3721/3721 3720/3720 943/943
f 838/838 3299/3299 3724/3724 3719/3719
f 3299/3299 58/58 3722/3722 3724/3724
f 3724/3724 3722/3722 946/946 3723/3723
f 3719/3719 3724/3724 3723/3723 948/948
f 948/948 3723/3723 3728/3728 3727/3727
f 3723/3723 946/946 3725/3725 3728/3728
f 3728/3728 3725/3725 245/245 3726/3726
f 3727/3727 3728/3728 3726/3726 947/947
f 943/943 3720/3720 3730/3730 3713/3713
f 3720/3720 948/948 3727/3727 3730/3730
f 3730/3730 3727/3727 947/947 3729/3729
f 3713/3713 3730/3730 3729/3729 247/247
f 247/247 3729/3729 3734/3734 3733/3733
f 3729/3729 947/947 3731/3731 3734/3734
f 3734/3734 3731/3731 952/952 3732/3732
f 3733/3733 3734/3734 3732/3732 951/951
f 947/947 3726/3726 3737/3737 3731/3731
f 3726/3726 245/245 3735/3735 3737/3737
f 3737/3737 3735/3735 949/949 3736/3736
f 3731/3731 3737/3737 3736/3736 952/952
f 952/952 3736/3736 3741/3741 3740/3740
f 3736/3736 949/949 3738/3738 3741/3741
f 3741/3741 3738/3738 68/68 3739/3739
f 3740/3740 3741/3741 3739/3739 950/950
f 951/951 3732/3732 3744/3744 3743/3743
f 3732/3732 952/952 3740/3740 3744/3744
f 3744/3744 3740/3740 950/950 3742/3742
f 3743/3743 3744/3744 3742/3742 246/246
f 133/6184 3717/3717 3747/3747 2027/6300
f 3717/3717 944/944 3745/3745 3747/3747
f 3747/3747 3745/3745 954/954 3746/3746
f 2027/6300 3747/3747 3746/3746 515/6223
f 944/944 3714/3714 3749/3749 3745/3745
f 3714/3714 247/247 3733/3733 3749/3749
f 3749/3749 3733/3733 951/951 3748/3748
f 3745/3745 3749/3749 3748/3748 954/954
f 954/954 3748/3748 3752/3752 3751/3751
f 3748/3748 951/951 3743/3743 3752/3752
f 3752/3752 3743/3743 246/246 3750/3750
f 3751/3751 3752/3752 3750/3750 953/953
f 515/6223 3746/3746 3754/3754 2030/6301
f 3746/3746 954/954 3751/3751 3754/3754
f 3754/3754 3751/3751 953/953 3753/3753
f 2030/6301 3754/3754 3753/3753 36/6165
f 58/58 3268/3268 3757/3757 3722/3722
f 3268/3268 830/830 3755/3755 3757/3757
f 3757/3757 3755/3755 957/957 3756/3756
f 3722/3722 3757/3757 3756/3756 946/946
f 830/830 3265/3265 3760/3760 3755/3755
f 3265/3265 214/214 3758/3758 3760/3760
f 3760/3760 3758/3758 955/955 3759/3759
f 3755/3755 3760/3760 3759/3759 957/957
f 957/957 3759/3759 3764/3764 3763/3763
f 3759/3759 955/955 3761/3761 3764/3764
f 3764/3764 3761/3761 249/249 3762/3762
f 3763/3763 3764/3764 3762/3762 956/956
f 946/946 3756/3756 3766/3766 3725/3725
f 3756/3756 957/957 3763/3763 3766/3766
f 3766/3766 3763/3763 956/956 3765/3765
f 3725/3725 3766/3766 3765/3765 245/245
f 214/214 3256/3256 3769/3769 3758/3758
f 3256/3256 827/827 3767/3767 3769/3769
f 3769/3769 3767/3767 959/959 3768/3768
f 3758/3758 3769/3769 3768/3768 955/955
f 827/827 3253/3253 3771/3771 3767/3767
f 3253/3253 20/20 3509/3509 3771/3771
f 3771/3771 3509/3509 893/893 3770/3770
f 3767/3767 3771/3771 3770/3770 959/959
f 959/959 3770/3770 3774/3774 3773/3773
f 3770/3770 893/893 3519/3519 3774/3774
f 3774/3774 3519/3519 233/233 3772/3772
f 3773/3773 3774/3774 3772/3772 958/958
f 955/955 3768/3768 3776/3776 3761/3761
f 3768/3768 959/959 3773/3773 3776/3776
f 3776/3776 3773/3773 958/958 3775/3775
f 3761/3761 3776/3776 3775/3775 249/249
f 249/249 3775/3775 3780/3780 3779/3779
f 3775/3775 958/958 3777/3777 3780/3780
f 3780/3780 3777/3777 962/962 3778/3778
f 3779/3779 3780/3780 3778/3778 961/961
f 958/958 3772/3772 3782/3782 3777/3777
f 3772/3772 233/233 3549/3549 3782/3782
f 3782/3782 3549/3549 903/903 3781/3781
f 3777/3777 3782/3782 3781/3781 962/962
f 962/962 3781/3781 3785/3785 3784/3784
f 3781/3781 903/903 3557/3557 3785/3785
f 3785/3785 3557/3557 65/65 3783/3783
f 3784/3784 3785/3785 3783/3783 960/960
f 961/961 3778/3778 3788/3788 3787/3787
f 3778/3778 962/962 3784/3784 3788/3788
f 3788/3788 3784/3784 960/960 3786/3786
f 3787/3787 3788/3788 3786/3786 248/248
f 245/245 3765/3765 3791/3791 3735/3735
f 3765/3765 956/956 3789/3789 3791/3791
f 3791/3791 3789/3789 964/964 3790/3790
f 3735/3735 3791/3791 3790/3790 949/949
f 956/956 3762/3762 3793/3793 3789/3789
f 3762/3762 249/249 3779/3779 3793/3793
f 3793/3793 3779/3779 961/961 3792/3792
f 3789/3789 3793/3793 3792/3792 964/964
f 964/964 3792/3792 3796/3796 3795/3795
f 3792/3792 961/961 3787/3787 3796/3796
f 3796/3796 3787/3787 248/248 3794/3794
f 3795/3795 3796/3796 3794/3794 963/963
f 949/949 3790/3790 3798/3798 3738/3738
f 3790/3790 964/964 3795/3795 3798/3798
f 3798/3798 3795/3795 963/963 3797/3797
f 3738/3738 3798/3798 3797/3797 68/68
f 68/68 3797/3797 3802/3802 3801/3801
f 3797/3797 963/963 3799/3799 3802/3802
f 3802/3802 3799/3799 968/968 3800/3800
f 3801/3801 3802/3802 3800/3800 967/967
f 963/963 3794/3794 3805/3805 3799/3799
f 3794/3794 248/248 3803/3803 3805/3805
f 3805/3805 3803/3803 965/965 3804/3804
f 3799/3799 3805/3805 3804/3804 968/968
f 968/968 3804/3804 3809/3809 3808/3808
f 3804/3804 965/965 3806/3806 3809/3809
f 3809/3809 3806/3806 252/252 3807/3807
f 3808/3808 3809/3809 3807/3807 966/966
f 967/967 3800/3800 3812/3812 3811/3811
f 3800/3800 968/968 3808/3808 3812/3812
f 3812/3812 3808/3808 966/966 3810/3810
f 3811/3811 3812/3812 3810/3810 251/251
f 248/248 3786/3786 3815/3815 3803/3803
f 3786/3786 960/960 3813/3813 3815/3815
f 3815/3815 3813/3813 970/970 3814/3814
f 3803/3803 3815/3815 3814/3814 965/965
f 960/960 3783/3783 3817/3817 3813/3813
f 3783/3783 65/65 3661/3661 3817/3817
f 3817/3817 3661/3661 933/933 3816/3816
f 3813/3813 3817/3817 3816/3816 970/970
f 970/970 3816/3816 3820/3820 3819/3819
f 3816/3816 933/933 3671/3671 3820/3820
f 3820/3820 3671/3671 243/243 3818/3818
f 3819/3819 3820/3820 3818/3818 969/969
f 965/965 3814/3814 3822/3822 3806/3806
f 3814/3814 970/970 3819/3819 3822/3822
f 3822/3822 3819/3819 969/969 3821/3821
f 3806/3806 3822/3822 3821/3821 252/252
f 252/252 3821/3821 3826/3826 3825/3825
f 3821/3821 969/969 3823/3823 3826/3826
f 3826/3826 3823/3823 973/973 3824/3824
f 3825/3825 3826/3826 3824/3824 972/972
f 969/969 3818/3818 3828/3828 3823/3823
f 3818/3818 243/243 3697/3697 3828/3828
f 3828/3828 3697/3697 941/941 3827/3827
f 3823/3823 3828/3828 3827/3827 973/973
f 973/973 3827/3827 3831/3831 3830/3830
f 3827/3827 941/941 3705/3705 3831/3831
f 3831/3831 3705/3705 19/19 3829/3829
f 3830/3830 3831/3831 3829/3829 971/971
f 972/972 3824/3824 3834/3834 3833/3833
f 3824/3824 973/973 3830/3830 3834/3834
f 3834/3834 3830/3830 971/971 3832/3832
f 3833/3833 3834/3834 3832/3832 250/250
f 251/251 3810/3810 3838/3838 3837/3837
f 3810/3810 966/966 3835/3835 3838/3838
f 3838/3838 3835/3835 976/976 3836/3836
f 3837/3837 3838/3838 3836/3836 975/975
f 966/966 3807/3807 3840/3840 3835/3835
f 3807/3807 252/252 3825/3825 3840/3840
f 3840/3840 3825/3825 972/972 3839/3839
f 3835/3835 3840/3840 3839/3839 976/976
f 976/976 3839/3839 3843/3843 3842/3842
f 3839/3839 972/972 3833/3833 3843/3843
f 3843/3843 3833/3833 250/250 3841/3841
f 3842/3842 3843/3843 3841/3841 974/974
f 975/975 3836/3836 3846/3846 3845/3845
f 3836/3836 976/976 3842/3842 3846/3846
f 3846/3846 3842/3842 974/974 3844/3844
f 3845/3845 3846/3846 3844/3844 67/67
f 36/6165 3753/3753 3849/3849 2064/6302
f 3753/3753 953/953 3847/3847 3849/3849
f 3849/3849 3847/3847 979/979 3848/3848
f 2064/6302 3849/3849 3848/3848 525/6224
f 953/953 3750/3750 3852/3852 3847/3847
f 3750/3750 246/246 3850/3850 3852/3852
f 3852/3852 3850/3850 977/977 3851/3851
f 3847/3847 3852/3852 3851/3851 979/979
f 979/979 3851/3851 3856/3856 3855/3855
f 3851/3851 977/977 3853/3853 3856/3856
f 3856/3856 3853/3853 254/254 3854/3854
f 3855/3855 3856/3856 3854/3854 978/978
f 525/6224 3848/3848 3858/3858 2067/6303
f 3848/3848 979/979 3855/3855 3858/3858
f 3858/3858 3855/3855 978/978 3857/3857
f 2067/6303 3858/3858 3857/3857 136/6185
f 246/246 3742/3742 3861/3861 3850/3850
f 3742/3742 950/950 3859/3859 3861/3861
f 3861/3861 3859/3859 981/981 3860/3860
f 3850/3850 3861/3861 3860/3860 977/977
f 950/950 3739/3739 3863/3863 3859/3859
f 3739/3739 68/68 3801/3801 3863/3863
f 3863/3863 3801/3801 967/967 3862/3862
f 3859/3859 3863/3863 3862/3862 981/981
f 981/981 3862/3862 3866/3866 3865/3865
f 3862/3862 967/967 3811/3811 3866/3866
f 3866/3866 3811/3811 251/251 3864/3864
f 3865/3865 3866/3866 3864/3864 980/980
f 977/977 3860/3860 3868/3868 3853/3853
f 3860/3860 981/981 3865/3865 3868/3868
f 3868/3868 3865/3865 980/980 3867/3867
f 3853/3853 3868/3868 3867/3867 254/254
f 254/254 3867/3867 3872/3872 3871/3871
f 3867/3867 980/980 3869/3869 3872/3872
f 3872/3872 3869/3869 984/984 3870/3870
f 3871/3871 3872/3872 3870/3870 983/983
f 980/980 3864/3864 3874/3874 3869/3869
f 3864/3864 251/251 3837/3837 3874/3874
f 3874/3874 3837/3837 975/975 3873/3873
f 3869/3869 3874/3874 3873/3873 984/984
f 984/984 3873/3873 3877/3877 3876/3876
f 3873/3873 975/975 3845/3845 3877/3877
f 3877/3877 3845/3845 67/67 3875/3875
f 3876/3876 3877/3877 3875/3875 982/982
f 983/983 3870/3870 3880/3880 3879/3879
f 3870/3870 984/984 3876/3876 3880/3880
f 3880/3880 3876/3876 982/982 3878/3878
f 3879/3879 3880/3880 3878/3878 253/253
f 136/6185 3857/3857 3883/3883 2077/6304
f 3857/3857 978/978 3881/3881 3883/3883
f 3883/3883 3881/3881 986/986 3882/3882
f 2077/6304 3883/3883 3882/3882 528/6225
f 978/978 3854/3854 3885/3885 3881/3881
f 3854/3854 254/254 3871/3871 3885/3885
f 3885/3885 3871/3871 983/983 3884/3884
f 3881/3881 3885/3885 3884/3884 986/986
f 986/986 3884/3884 3888/3888 3887/3887
f 3884/3884 983/983 3879/3879 3888/3888
f 3888/3888 3879/3879 253/253 3886/3886
f 3887/3887 3888/3888 3886/3886 985/985
f 528/6225 3882/3882 3890/3890 2080/6305
f 3882/3882 986/986 3887/3887 3890/3890
f 3890/3890 3887/3887 985/985 3889/3889
f 2080/6305 3890/3890 3889/3889 3/3
f 1/1 1542/6306 3893/3893 2602/2602
f 1542/6306 390/6226 3891/3891 3893/3893
f 3893/3893 3891/3891 989/989 3892/3892
f 2602/2602 3893/3893 3892/3892 662/662
f 390/6226 1553/6307 3896/3896 3891/3891
f 1553/6307 102/6186 3894/3894 3896/3896
f 3896/3896 3894/3894 987/987 3895/3895
f 3891/3891 3896/3896 3895/3895 989/989
f 989/989 3895/3895 3900/3900 3899/3899
f 3895/3895 987/987 3897/3897 3900/3900
f 3900/3900 3897/3897 257/257 3898/3898
f 3899/3899 3900/3900 3898/3898 988/988
f 662/662 3892/3892 3902/3902 2605/2605
f 3892/3892 989/989 3899/3899 3902/3902
f 3902/3902 3899/3899 988/988 3901/3901
f 2605/2605 3902/3902 3901/3901 172/172
f 102/6186 1585/6308 3905/3905 3894/3894
f 1585/6308 401/6227 3903/3903 3905/3905
f 3905/3905 3903/3903 992/992 3904/3904
f 3894/3894 3905/3905 3904/3904 987/987
f 401/6227 1593/6309 3908/3908 3903/3903
f 1593/6309 30/6166 3906/3906 3908/3908
f 3908/3908 3906/3906 990/990 3907/3907
f 3903/3903 3908/3908 3907/3907 992/992
f 992/992 3907/3907 3912/3912 3911/3911
f 3907/3907 990/990 3909/3909 3912/3912
f 3912/3912 3909/3909 255/255 3910/3910
f 3911/3911 3912/3912 3910/3910 991/991
f 987/987 3904/3904 3914/3914 3897/3897
f 3904/3904 992/992 3911/3911 3914/3914
f 3914/3914 3911/3911 991/991 3913/3913
f 3897/3897 3914/3914 3913/3913 257/257
f 257/257 3913/3913 3918/3918 3917/3917
f 3913/3913 991/991 3915/3915 3918/3918
f 3918/3918 3915/3915 996/996 3916/3916
f 3917/3917 3918/3918 3916/3916 995/995
f 991/991 3910/3910 3921/3921 3915/3915
f 3910/3910 255/255 3919/3919 3921/3921
f 3921/3921 3919/3919 993/993 3920/3920
f 3915/3915 3921/3921 3920/3920 996/996
f 996/996 3920/3920 3925/3925 3924/3924
f 3920/3920 993/993 3922/3922 3925/3925
f 3925/3925 3922/3922 71/71 3923/3923
f 3924/3924 3925/3925 3923/3923 994/994
f 995/995 3916/3916 3928/3928 3927/3927
f 3916/3916 996/996 3924/3924 3928/3928
f 3928/3928 3924/3924 994/994 3926/3926
f 3927/3927 3928/3928 3926/3926 256/256
f 172/172 3901/3901 3931/3931 2615/2615
f 3901/3901 988/988 3929/3929 3931/3931
f 3931/3931 3929/3929 998/998 3930/3930
f 2615/2615 3931/3931 3930/3930 665/665
f 988/988 3898/3898 3933/3933 3929/3929
f 3898/3898 257/257 3917/3917 3933/3933
f 3933/3933 3917/3917 995/995 3932/3932
f 3929/3929 3933/3933 3932/3932 998/998
f 998/998 3932/3932 3936/3936 3935/3935
f 3932/3932 995/995 3927/3927 3936/3936
f 3936/3936 3927/3927 256/256 3934/3934
f 3935/3935 3936/3936 3934/3934 997/997
f 665/665 3930/3930 3938/3938 2618/2618
f 3930/3930 998/998 3935/3935 3938/3938
f 3938/3938 3935/3935 997/997 3937/3937
f 2618/2618 3938/3938 3937/3937 47/47
f 30/6166 1701/6310 3941/3941 3906/3906
f 1701/6310 433/6228 3939/3939 3941/3941
f 3941/3941 3939/3939 1001/1001 3940/3940
f 3906/3906 3941/3941 3940/3940 990/990
f 433/6228 1711/6311 3944/3944 3939/3939
f 1711/6311 113/6187 3942/3942 3944/3944
f 3944/3944 3942/3942 999/999 3943/3943
f 3939/3939 3944/3944 3943/3943 1001/1001
f 1001/1001 3943/3943 3948/3948 3947/3947
f 3943/3943 999/999 3945/3945 3948/3948
f 3948/3948 3945/3945 260/260 3946/3946
f 3947/3947 3948/3948 3946/3946 1000/1000
f 990/990 3940/3940 3950/3950 3909/3909
f 3940/3940 1001/1001 3947/3947 3950/3950
f 3950/3950 3947/3947 1000/1000 3949/3949
f 3909/3909 3950/3950 3949/3949 255/255
f 113/6187 1737/6312 3953/3953 3942/3942
f 1737/6312 441/6229 3951/3951 3953/3953
f 3953/3953 3951/3951 1004/1004 3952/3952
f 3942/3942 3953/3953 3952/3952 999/999
f 441/6229 1745/6313 3956/3956 3951/3951
f 1745/6313 12/6156 3954/3954 3956/3956
f 3956/3956 3954/3954 1002/1002 3955/3955
f 3951/3951 3956/3956 3955/3955 1004/1004
f 1004/1004 3955/3955 3960/3960 3959/3959
f 3955/3955 1002/1002 3957/3957 3960/3960
f 3960/3960 3957/3957 258/258 3958/3958
f 3959/3959 3960/3960 3958/3958 1003/1003
f 999/999 3952/3952 3962/3962 3945/3945
f 3952/3952 1004/1004 3959/3959 3962/3962
f 3962/3962 3959/3959 1003/1003 3961/3961
f 3945/3945 3962/3962 3961/3961 260/260
f 260/260 3961/3961 3966/3966 3965/3965
f 3961/3961 1003/1003 3963/3963 3966/3966
f 3966/3966 3963/3963 1008/1008 3964/3964
f 3965/3965 3966/3966 3964/3964 1007/1007
f 1003/1003 3958/3958 3969/3969 3963/3963
f 3958/3958 258/258 3967/3967 3969/3969
f 3969/3969 3967/3967 1005/1005 3968/3968
f 3963/3963 3969/3969 3968/3968 1008/1008
f 1008/1008 3968/3968 3973/3973 3972/3972
f 3968/3968 1005/1005 3970/3970 3973/3973
f 3973/3973 3970/3970 69/69 3971/3971
f 3972/3972 3973/3973 3971/3971 1006/1006
f 1007/1007 3964/3964 3976/3976 3975/3975
f 3964/3964 1008/1008 3972/3972 3976/3976
f 3976/3976 3972/3972 1006/1006 3974/3974
f 3975/3975 3976/3976 3974/3974 259/259
f 255/255 3949/3949 3979/3979 3919/3919
f 3949/3949 1000/1000 3977/3977 3979/3979
f 3979/3979 3977/3977 1010/1010 3978/3978
f 3919/3919 3979/3979 3978/3978 993/993
f 1000/1000 3946/3946 3981/3981 3977/3977
f 3946/3946 260/260 3965/3965 3981/3981
f 3981/3981 3965/3965 1007/1007 3980/3980
f 3977/3977 3981/3981 3980/3980 1010/1010
f 1010/1010 3980/3980 3984/3984 3983/3983
f 3980/3980 1007/1007 3975/3975 3984/3984
f 3984/3984 3975/3975 259/259 3982/3982
f 3983/3983 3984/3984 3982/3982 1009/1009
f 993/993 3978/3978 3986/3986 3922/3922
f 3978/3978 1010/1010 3983/3983 3986/3986
f 3986/3986 3983/3983 1009/1009 3985/3985
f 3922/3922 3986/3986 3985/3985 71/71
f 71/71 3985/3985 3990/3990 3989/3989
f 3985/3985 1009/1009 3987/3987 3990/3990
f 3990/3990 3987/3987 1014/1014 3988/3988
f 3989/3989 3990/3990 3988/3988 1013/1013
f 1009/1009 3982/3982 3993/3993 3987/3987
f 3982/3982 259/259 3991/3991 3993/3993
f 3993/3993 3991/3991 1011/1011 3992/3992
f 3987/3987 3993/3993 3992/3992 1014/1014
f 1014/1014 3992/3992 3997/3997 3996/3996
f 3992/3992 1011/1011 3994/3994 3997/3997
f 3997/3997 3994/3994 264/264 3995/3995
f 3996/3996 3997/3997 3995/3995 1012/1012
f 1013/1013 3988/3988 4000/4000 3999/3999
f 3988/3988 1014/1014 3996/3996 4000/4000
f 4000/4000 3996/3996 1012/1012 3998/3998
f 3999/3999 4000/4000 3998/3998 263/263
f 259/259 3974/3974 4003/4003 3991/3991
f 3974/3974 1006/1006 4001/4001 4003/4003
f 4003/4003 4001/4001 1017/1017 4002/4002
f 3991/3991 4003/4003 4002/4002 1011/1011
f 1006/1006 3971/3971 4006/4006 4001/4001
f 3971/3971 69/69 4004/4004 4006/4006
f 4006/4006 4004/4004 1015/1015 4005/4005
f 4001/4001 4006/4006 4005/4005 1017/1017
f 1017/1017 4005/4005 4010/4010 4009/4009
f 4005/4005 1015/1015 4007/4007 4010/4010
f 4010/4010 4007/4007 261/261 4008/4008
f 4009/4009 4010/4010 4008/4008 1016/1016
f 1011/1011 4002/4002 4012/4012 3994/3994
f 4002/4002 1017/1017 4009/4009 4012/4012
f 4012/4012 4009/4009 1016/1016 4011/4011
f 3994/3994 4012/4012 4011/4011 264/264
f 264/264 4011/4011 4016/4016 4015/4015
f 4011/4011 1016/1016 4013/4013 4016/4016
f 4016/4016 4013/4013 1021/1021 4014/4014
f 4015/4015 4016/4016 4014/4014 1020/1020
f 1016/1016 4008/4008 4019/4019 4013/4013
f 4008/4008 261/261 4017/4017 4019/4019
f 4019/4019 4017/4017 1018/1018 4018/4018
f 4013/4013 4019/4019 4018/4018 1021/1021
f 1021/1021 4018/4018 4023/4023 4022/4022
f 4018/4018 1018/1018 4020/4020 4023/4023
f 4023/4023 4020/4020 23/23 4021/4021
f 4022/4022 4023/4023 4021/4021 1019/1019
f 1020/1020 4014/4014 4026/4026 4025/4025
f 4014/4014 1021/1021 4022/4022 4026/4026
f 4026/4026 4022/4022 1019/1019 4024/4024
f 4025/4025 4026/4026 4024/4024 262/262
f 263/263 3998/3998 4030/4030 4029/4029
f 3998/3998 1012/1012 4027/4027 4030/4030
f 4030/4030 4027/4027 1024/1024 4028/4028
f 4029/4029 4030/4030 4028/4028 1023/1023
f 1012/1012 3995/3995 4032/4032 4027/4027
f 3995/3995 264/264 4015/4015 4032/4032
f 4032/4032 4015/4015 1020/1020 4031/4031
f 4027/4027 4032/4032 4031/4031 1024/1024
f 1024/1024 4031/4031 4035/4035 4034/4034
f 4031/4031 1020/1020 4025/4025 4035/4035
f 4035/4035 4025/4025 262/262 4033/4033
f 4034/4034 4035/4035 4033/4033 1022/1022
f 1023/1023 4028/4028 4038/4038 4037/4037
f 4028/4028 1024/1024 4034/4034 4038/4038
f 4038/4038 4034/4034 1022/1022 4036/4036
f 4037/4037 4038/4038 4036/4036 70/70
f 47/47 3937/3937 4041/4041 2652/2652
f 3937/3937 997/997 4039/4039 4041/4041
f 4041/4041 4039/4039 1027/1027 4040/4040
f 2652/2652 4041/4041 4040/4040 675/675
f 997/997 3934/3934 4044/4044 4039/4039
f 3934/3934 256/256 4042/4042 4044/4044
f 4044/4044 4042/4042 1025/1025 4043/4043
f 4039/4039 4044/4044 4043/4043 1027/1027
f 1027/1027 4043/4043 4048/4048 4047/4047
f 4043/4043 1025/1025 4045/4045 4048/4048
f 4048/4048 4045/4045 266/266 4046/4046
f 4047/4047 4048/4048 4046/4046 1026/1026
f 675/675 4040/4040 4050/4050 2655/2655
f 4040/4040 1027/1027 4047/4047 4050/4050
f 4050/4050 4047/4047 1026/1026 4049/4049
f 2655/2655 4050/4050 4049/4049 175/175
f 256/256 3926/3926 4053/4053 4042/4042
f 3926/3926 994/994 4051/4051 4053/4053
f 4053/4053 4051/4051 1029/1029 4052/4052
f 4042/4042 4053/4053 4052/4052 1025/1025
f 994/994 3923/3923 4055/4055 4051/4051
f 3923/3923 71/71 3989/3989 4055/4055
f 4055/4055 3989/3989 1013/1013 4054/4054
f 4051/4051 4055/4055 4054/4054 1029/1029
f 1029/1029 4054/4054 4058/4058 4057/4057
f 4054/4054 1013/1013 3999/3999 4058/4058
f 4058/4058 3999/3999 263/263 4056/4056
f 4057/4057 4058/4058 4056/4056 1028/1028
f 1025/1025 4052/4052 4060/4060 4045/4045
f 4052/4052 1029/1029 4057/4057 4060/4060
f 4060/4060 4057/4057 1028/1028 4059/4059
f 4045/4045 4060/4060 4059/4059 266/266
f 266/266 4059/4059 4064/4064 4063/4063
f 4059/4059 1028/1028 4061/4061 4064/4064
f 4064/4064 4061/4061 1032/1032 4062/4062
f 4063/4063 4064/4064 4062/4062 1031/1031
f 1028/1028 4056/4056 4066/4066 4061/4061
f 4056/4056 263/263 4029/4029 4066/4066
f 4066/4066 4029/4029 1023/1023 4065/4065
f 4061/4061 4066/4066 4065/4065 1032/1032
f 1032/1032 4065/4065 4069/4069 4068/4068
f 4065/4065 1023/1023 4037/4037 4069/4069
f 4069/4069 4037/4037 70/70 4067/4067
f 4068/4068 4069/4069 4067/4067 1030/1030
f 1031/1031 4062/4062 4072/4072 4071/4071
f 4062/4062 1032/1032 4068/4068 4072/4072
f 4072/4072 4068/4068 1030/1030 4070/4070
f 4071/4071 4072/4072 4070/4070 265/265
f 175/175 4049/4049 4075/4075 2665/2665
f 4049/4049 1026/1026 4073/4073 4075/4075
f 4075/4075 4073/4073 1034/1034 4074/4074
f 2665/2665 4075/4075 4074/4074 678/678
f 1026/1026 4046/4046 4077/4077 4073/4073
f 4046/4046 266/266 4063/4063 4077/4077
f 4077/4077 4063/4063 1031/1031 4076/4076
f 4073/4073 4077/4077 4076/4076 1034/1034
f 1034/1034 4076/4076 4080/4080 4079/4079
f 4076/4076 1031/1031 4071/4071 4080/4080
f 4080/4080 4071/4071 265/265 4078/4078
f 4079/4079 4080/4080 4078/4078 1033/1033
f 678/678 4074/4074 4082/4082 2668/2668
f 4074/4074 1034/1034 4079/4079 4082/4082
f 4082/4082 4079/4079 1033/1033 4081/4081
f 2668/2668 4082/4082 4081/4081 14/14
f 12/6156 2149/6314 4085/4085 3954/3954
f 2149/6314 549/6230 4083/4083 4085/4085
f 4085/4085 4083/4083 1037/1037 4084/4084
f 3954/3954 4085/4085 4084/4084 1002/1002
f 549/6230 2159/6315 4088/4088 4083/4083
f 2159/6315 145/6188 4086/4086 4088/4088
f 4088/4088 4086/4086 1035/1035 4087/4087
f 4083/4083 4088/4088 4087/4087 1037/1037
f 1037/1037 4087/4087 4092/4092 4091/4091
f 4087/4087 1035/1035 4089/4089 4092/4092
f 4092/4092 4089/4089 269/269 4090/4090
f 4091/4091 4092/4092 4090/4090 1036/1036
f 1002/1002 4084/4084 4094/4094 3957/3957
f 4084/4084 1037/1037 4091/4091 4094/4094
f 4094/4094 4091/4091 1036/1036 4093/4093
f 3957/3957 4094/4094 4093/4093 258/258
f 145/6188 2189/6316 4097/4097 4086/4086
f 2189/6316 559/6231 4095/4095 4097/4097
f 4097/4097 4095/4095 1040/1040 4096/4096
f 4086/4086 4097/4097 4096/4096 1035/1035
f 559/6231 2197/6317 4100/4100 4095/4095
f 2197/6317 41/6167 4098/4098 4100/4100
f 4100/4100 4098/4098 1038/1038 4099/4099
f 4095/4095 4100/4100 4099/4099 1040/1040
f 1040/1040 4099/4099 4104/4104 4103/4103
f 4099/4099 1038/1038 4101/4101 4104/4104
f 4104/4104 4101/4101 267/267 4102/4102
f 4103/4103 4104/4104 4102/4102 1039/1039
f 1035/1035 4096/4096 4106/4106 4089/4089
f 4096/4096 1040/1040 4103/4103 4106/4106
f 4106/4106 4103/4103 1039/1039 4105/4105
f 4089/4089 4106/4106 4105/4105 269/269
f 269/269 4105/4105 4110/4110 4109/4109
f 4105/4105 1039/1039 4107/4107 4110/4110
f 4110/4110 4107/4107 1044/1044 4108/4108
f 4109/4109 4110/4110 4108/4108 1043/1043
f 1039/1039 4102/4102 4113/4113 4107/4107
f 4102/4102 267/267 4111/4111 4113/4113
f 4113/4113 4111/4111 1041/1041 4112/4112
f 4107/4107 4113/4113 4112/4112 1044/1044
f 1044/1044 4112/4112 4117/4117 4116/4116
f 4112/4112 1041/1041 4114/4114 4117/4117
f 4117/4117 4114/4114 74/74 4115/4115
f 4116/4116 4117/4117 4115/4115 1042/1042
f 1043/1043 4108/4108 4120/4120 4119/4119
f 4108/4108 1044/1044 4116/4116 4120/4120
f 4120/4120 4116/4116 1042/1042 4118/4118
f 4119/4119 4120/4120 4118/4118 268/268
f 258/258 4093/4093 4123/4123 3967/3967
f 4093/4093 1036/1036 4121/4121 4123/4123
f 4123/4123 4121/4121 1046/1046 4122/4122
f 3967/3967 4123/4123 4122/4122 1005/1005
f 1036/1036 4090/4090 4125/4125 4121/4121
f 4090/4090 269/269 4109/4109 4125/4125
f 4125/4125 4109/4109 1043/1043 4124/4124
f 4121/4121 4125/4125 4124/4124 1046/1046
f 1046/1046 4124/4124 4128/4128 4127/4127
f 4124/4124 1043/1043 4119/4119 4128/4128
f 4128/4128 4119/4119 268/268 4126/4126
f 4127/4127 4128/4128 4126/4126 1045/1045
f 1005/1005 4122/4122 4130/4130 3970/3970
f 4122/4122 1046/1046 4127/4127 4130/4130
f 4130/4130 4127/4127 1045/1045 4129/4129
f 3970/3970 4130/4130 4129/4129 69/69
f 41/6167 2293/6318 4133/4133 4098/4098
f 2293/6318 585/6232 4131/4131 4133/4133
f 4133/4133 4131/4131 1049/1049 4132/4132
f 4098/4098 4133/4133 4132/4132 1038/1038
f 585/6232 2303/6319 4136/4136 4131/4131
f 2303/6319 153/6189 4134/4134 4136/4136
f 4136/4136 4134/4134 1047/1047 4135/4135
f 4131/4131 4136/4136 4135/4135 1049/1049
f 1049/1049 4135/4135 4140/4140 4139/4139
f 4135/4135 1047/1047 4137/4137 4140/4140
f 4140/4140 4137/4137 272/272 4138/4138
f 4139/4139 4140/4140 4138/4138 1048/1048
f 1038/1038 4132/4132 4142/4142 4101/4101
f 4132/4132 1049/1049 4139/4139 4142/4142
f 4142/4142 4139/4139 1048/1048 4141/4141
f 4101/4101 4142/4142 4141/4141 267/267
f 153/6189 2329/6320 4145/4145 4134/4134
f 2329/6320 593/6233 4143/4143 4145/4145
f 4145/4145 4143/4143 1052/1052 4144/4144
f 4134/4134 4145/4145 4144/4144 1047/1047
f 593/6233 2337/6321 4148/4148 4143/4143
f 2337/6321 4/4 4146/4146 4148/4148
f 4148/4148 4146/4146 1050/1050 4147/4147
f 4143/4143 4148/4148 4147/4147 1052/1052
f 1052/1052 4147/4147 4152/4152 4151/4151
f 4147/4147 1050/1050 4149/4149 4152/4152
f 4152/4152 4149/4149 270/270 4150/4150
f 4151/4151 4152/4152 4150/4150 1051/1051
f 1047/1047 4144/4144 4154/4154 4137/4137
f 4144/4144 1052/1052 4151/4151 4154/4154
f 4154/4154 4151/4151 1051/1051 4153/4153
f 4137/4137 4154/4154 4153/4153 272/272
f 272/272 4153/4153 4158/4158 4157/4157
f 4153/4153 1051/1051 4155/4155 4158/4158
f 4158/4158 4155/4155 1056/1056 4156/4156
f 4157/4157 4158/4158 4156/4156 1055/1055
f 1051/1051 4150/4150 4161/4161 4155/4155
f 4150/4150 270/270 4159/4159 4161/4161
f 4161/4161 4159/4159 1053/1053 4160/4160
f 4155/4155 4161/4161 4160/4160 1056/1056
f 1056/1056 4160/4160 4165/4165 4164/4164
f 4160/4160 1053/1053 4162/4162 4165/4165
f 4165/4165 4162/4162 72/72 4163/4163
f 4164/4164 4165/4165 4163/4163 1054/1054
f 1055/1055 4156/4156 4168/4168 4167/4167
f 4156/4156 1056/1056 4164/4164 4168/4168
f 4168/4168 4164/4164 1054/1054 4166/4166
f 4167/4167 4168/4168 4166/4166 271/271
f 267/267 4141/4141 4171/4171 4111/4111
f 4141/4141 1048/1048 4169/4169 4171/4171
f 4171/4171 4169/4169 1058/1058 4170/4170
f 4111/4111 4171/4171 4170/4170 1041/1041
f 1048/1048 4138/4138 4173/4173 4169/4169
f 4138/4138 272/272 4157/4157 4173/4173
f 4173/4173 4157/4157 1055/1055 4172/4172
f 4169/4169 4173/4173 4172/4172 1058/1058
f 1058/1058 4172/4172 4176/4176 4175/4175
f 4172/4172 1055/1055 4167/4167 4176/4176
f 4176/4176 4167/4167 271/271 4174/4174
f 4175/4175 4176/4176 4174/4174 1057/1057
f 1041/1041 4170/4170 4178/4178 4114/4114
f 4170/4170 1058/1058 4175/4175 4178/4178
f 4178/4178 4175/4175 1057/1057 4177/4177
f 4114/4114 4178/4178 4177/4177 74/74
f 74/74 4177/4177 4182/4182 4181/4181
f 4177/4177 1057/1057 4179/4179 4182/4182
f 4182/4182 4179/4179 1062/1062 4180/4180
f 4181/4181 4182/4182 4180/4180 1061/1061
f 1057/1057 4174/4174 4185/4185 4179/4179
f 4174/4174 271/271 4183/4183 4185/4185
f 4185/4185 4183/4183 1059/1059 4184/4184
f 4179/4179 4185/4185 4184/4184 1062/1062
f 1062/1062 4184/4184 4189/4189 4188/4188
f 4184/4184 1059/1059 4186/4186 4189/4189
f 4189/4189 4186/4186 276/276 4187/4187
f 4188/4188 4189/4189 4187/4187 1060/1060
f 1061/1061 4180/4180 4192/4192 4191/4191
f 4180/4180 1062/1062 4188/4188 4192/4192
f 4192/4192 4188/4188 1060/1060 4190/4190
f 4191/4191 4192/4192 4190/4190 275/275
f 271/271 4166/4166 4195/4195 4183/4183
f 4166/4166 1054/1054 4193/4193 4195/4195
f 4195/4195 4193/4193 1065/1065 4194/4194
f 4183/4183 4195/4195 4194/4194 1059/1059
f 1054/1054 4163/4163 4198/4198 4193/4193
f 4163/4163 72/72 4196/4196 4198/4198
f 4198/4198 4196/4196 1063/1063 4197/4197
f 4193/4193 4198/4198 4197/4197 1065/1065
f 1065/1065 4197/4197 4202/4202 4201/4201
f 4197/4197 1063/1063 4199/4199 4202/4202
f 4202/4202 4199/4199 273/273 4200/4200
f 4201/4201 4202/4202 4200/4200 1064/1064
f 1059/1059 4194/4194 4204/4204 4186/4186
f 4194/4194 1065/1065 4201/4201 4204/4204
f 4204/4204 4201/4201 1064/1064 4203/4203
f 4186/4186 4204/4204 4203/4203 276/276
f 276/276 4203/4203 4208/4208 4207/4207
f 4203/4203 1064/1064 4205/4205 4208/4208
f 4208/4208 4205/4205 1069/1069 4206/4206
f 4207/4207 4208/4208 4206/4206 1068/1068
f 1064/1064 4200/4200 4211/4211 4205/4205
f 4200/4200 273/273 4209/4209 4211/4211
f 4211/4211 4209/4209 1066/1066 4210/4210
f 4205/4205 4211/4211 4210/4210 1069/1069
f 1069/1069 4210/4210 4215/4215 4214/4214
f 4210/4210 1066/1066 4212/4212 4215/4215
f 4215/4215 4212/4212 21/21 4213/4213
f 4214/4214 4215/4215 4213/4213 1067/1067
f 1068/1068 4206/4206 4218/4218 4217/4217
f 4206/4206 1069/1069 4214/4214 4218/4218
f 4218/4218 4214/4214 1067/1067 4216/4216
f 4217/4217 4218/4218 4216/4216 274/274
f 275/275 4190/4190 4222/4222 4221/4221
f 4190/4190 1060/1060 4219/4219 4222/4222
f 4222/4222 4219/4219 1072/1072 4220/4220
f 4221/4221 4222/4222 4220/4220 1071/1071
f 1060/1060 4187/4187 4224/4224 4219/4219
f 4187/4187 276/276 4207/4207 4224/4224
f 4224/4224 4207/4207 1068/1068 4223/4223
f 4219/4219 4224/4224 4223/4223 1072/1072
f 1072/1072 4223/4223 4227/4227 4226/4226
f 4223/4223 1068/1068 4217/4217 4227/4227
f 4227/4227 4217/4217 274/274 4225/4225
f 4226/4226 4227/4227 4225/4225 1070/1070
f 1071/1071 4220/4220 4230/4230 4229/4229
f 4220/4220 1072/1072 4226/4226 4230/4230
f 4230/4230 4226/4226 1070/1070 4228/4228
f 4229/4229 4230/4230 4228/4228 73/73
f 69/69 4129/4129 4233/4233 4004/4004
f 4129/4129 1045/1045 4231/4231 4233/4233
f 4233/4233 4231/4231 1075/1075 4232/4232
f 4004/4004 4233/4233 4232/4232 1015/1015
f 1045/1045 4126/4126 4236/4236 4231/4231
f 4126/4126 268/268 4234/4234 4236/4236
f 4236/4236 4234/4234 1073/1073 4235/4235
f 4231/4231 4236/4236 4235/4235 1075/1075
f 1075/1075 4235/4235 4240/4240 4239/4239
f 4235/4235 1073/1073 4237/4237 4240/4240
f 4240/4240 4237/4237 278/278 4238/4238
f 4239/4239 4240/4240 4238/4238 1074/1074
f 1015/1015 4232/4232 4242/4242 4007/4007
f 4232/4232 1075/1075 4239/4239 4242/4242
f 4242/4242 4239/4239 1074/1074 4241/4241
f 4007/4007 4242/4242 4241/4241 261/261
f 268/268 4118/4118 4245/4245 4234/4234
f 4118/4118 1042/1042 4243/4243 4245/4245
f 4245/4245 4243/4243 1077/1077 4244/4244
f 4234/4234 4245/4245 4244/4244 1073/1073
f 1042/1042 4115/4115 4247/4247 4243/4243
f 4115/4115 74/74 4181/4181 4247/4247
f 4247/4247 4181/4181 1061/1061 4246/4246
f 4243/4243 4247/4247 4246/4246 1077/1077
f 1077/1077 4246/4246 4250/4250 4249/4249
f 4246/4246 1061/1061 4191/4191 4250/4250
f 4250/4250 4191/4191 275/275 4248/4248
f 4249/4249 4250/4250 4248/4248 1076/1076
f 1073/1073 4244/4244 4252/4252 4237/4237
f 4244/4244 1077/1077 4249/4249 4252/4252
f 4252/4252 4249/4249 1076/1076 4251/4251
f 4237/4237 4252/4252 4251/4251 278/278
f 278/278 4251/4251 4256/4256 4255/4255
f 4251/4251 1076/1076 4253/4253 4256/4256
f 4256/4256 4253/4253 1080/1080 4254/4254
f 4255/4255 4256/4256 4254/4254 1079/1079
f 1076/1076 4248/4248 4258/4258 4253/4253
f 4248/4248 275/275 4221/4221 4258/4258
f 4258/4258 4221/4221 1071/1071 4257/4257
f 4253/4253 4258/4258 4257/4257 1080/1080
f 1080/1080 4257/4257 4261/4261 4260/4260
f 4257/4257 1071/1071 4229/4229 4261/4261
f 4261/4261 4229/4229 73/73 4259/4259
f 4260/4260 4261/4261 4259/4259 1078/1078
f 1079/1079 4254/4254 4264/4264 4263/4263
f 4254/4254 1080/1080 4260/4260 4264/4264
f 4264/4264 4260/4260 1078/1078 4262/4262
f 4263/4263 4264/4264 4262/4262 277/277
f 261/261 4241/4241 4267/4267 4017/4017
f 4241/4241 1074/1074 4265/4265 4267/4267
f 4267/4267 4265/4265 1082/1082 4266/4266
f 4017/4017 4267/4267 4266/4266 1018/1018
f 1074/1074 4238/4238 4269/4269 4265/4265
f 4238/4238 278/278 4255/4255 4269/4269
f 4269/4269 4255/4255 1079/1079 4268/4268
f 4265/4265 4269/4269 4268/4268 1082/1082
f 1082/1082 4268/4268 4272/4272 4271/4271
f 4268/4268 1079/1079 4263/4263 4272/4272
f 4272/4272 4263/4263 277/277 4270/4270
f 4271/4271 4272/4272 4270/4270 1081/1081
f 1018/1018 4266/4266 4274/4274 4020/4020
f 4266/4266 1082/1082 4271/4271 4274/4274
f 4274/4274 4271/4271 1081/1081 4273/4273
f 4020/4020 4274/4274 4273/4273 23/23
f 23/23 4273/4273 4278/4278 4277/4277
f 4273/4273 1081/1081 4275/4275 4278/4278
f 4278/4278 4275/4275 1086/1086 4276/4276
f 4277/4277 4278/4278 4276/4276 1085/1085
f 1081/1081 4270/4270 4281/4281 4275/4275
f 4270/4270 277/277 4279/4279 4281/4281
f 4281/4281 4279/4279 1083/1083 4280/4280
f 4275/4275 4281/4281 4280/4280 1086/1086
f 1086/1086 4280/4280 4285/4285 4284/4284
f 4280/4280 1083/1083 4282/4282 4285/4285
f 4285/4285 4282/4282 282/282 4283/4283
f 4284/4284 4285/4285 4283/4283 1084/1084
f 1085/1085 4276/4276 4288/4288 4287/4287
f 4276/4276 1086/1086 4284/4284 4288/4288
f 4288/4288 4284/4284 1084/1084 4286/4286
f 4287/4287 4288/4288 4286/4286 281/281
f 277/277 4262/4262 4291/4291 4279/4279
f 4262/4262 1078/1078 4289/4289 4291/4291
f 4291/4291 4289/4289 1089/1089 4290/4290
f 4279/4279 4291/4291 4290/4290 1083/1083
f 1078/1078 4259/4259 4294/4294 4289/4289
f 4259/4259 73/73 4292/4292 4294/4294
f 4294/4294 4292/4292 1087/1087 4293/4293
f 4289/4289 4294/4294 4293/4293 1089/1089
f 1089/1089 4293/4293 4298/4298 4297/4297
f 4293/4293 1087/1087 4295/4295 4298/4298
f 4298/4298 4295/4295 279/279 4296/4296
f 4297/4297 4298/4298 4296/4296 1088/1088
f 1083/1083 4290/4290 4300/4300 4282/4282
f 4290/4290 1089/1089 4297/4297 4300/4300
f 4300/4300 4297/4297 1088/1088 4299/4299
f 4282/4282 4300/4300 4299/4299 282/282
f 282/282 4299/4299 4304/4304 4303/4303
f 4299/4299 1088/1088 4301/4301 4304/4304
f 4304/4304 4301/4301 1093/1093 4302/4302
f 4303/4303 4304/4304 4302/4302 1092/1092
f 1088/1088 4296/4296 4307/4307 4301/4301
f 4296/4296 279/279 4305/4305 4307/4307
f 4307/4307 4305/4305 1090/1090 4306/4306
f 4301/4301 4307/4307 4306/4306 1093/1093
f 1093/1093 4306/4306 4311/4311 4310/4310
f 4306/4306 1090/1090 4308/4308 4311/4311
f 4311/4311 4308/4308 78/78 4309/4309
f 4310/4310 4311/4311 4309/4309 1091/1091
f 1092/1092 4302/4302 4314/4314 4313/4313
f 4302/4302 1093/1093 4310/4310 4314/4314
f 4314/4314 4310/4310 1091/1091 4312/4312
f 4313/4313 4314/4314 4312/4312 280/280
f 281/281 4286/4286 4318/4318 4317/4317
f 4286/4286 1084/1084 4315/4315 4318/4318
f 4318/4318 4315/4315 1096/1096 4316/4316
f 4317/4317 4318/4318 4316/4316 1095/1095
f 1084/1084 4283/4283 4320/4320 4315/4315
f 4283/4283 282/282 4303/4303 4320/4320
f 4320/4320 4303/4303 1092/1092 4319/4319
f 4315/4315 4320/4320 4319/4319 1096/1096
f 1096/1096 4319/4319 4323/4323 4322/4322
f 4319/4319 1092/1092 4313/4313 4323/4323
f 4323/4323 4313/4313 280/280 4321/4321
f 4322/4322 4323/4323 4321/4321 1094/1094
f 1095/1095 4316/4316 4326/4326 4325/4325
f 4316/4316 1096/1096 4322/4322 4326/4326
f 4326/4326 4322/4322 1094/1094 4324/4324
f 4325/4325 4326/4326 4324/4324 77/77
f 73/73 4228/4228 4329/4329 4292/4292
f 4228/4228 1070/1070 4327/4327 4329/4329
f 4329/4329 4327/4327 1099/1099 4328/4328
f 4292/4292 4329/4329 4328/4328 1087/1087
f 1070/1070 4225/4225 4332/4332 4327/4327
f 4225/4225 274/274 4330/4330 4332/4332
f 4332/4332 4330/4330 1097/1097 4331/4331
f 4327/4327 4332/4332 4331/4331 1099/1099
f 1099/1099 4331/4331 4336/4336 4335/4335
f 4331/4331 1097/1097 4333/4333 4336/4336
f 4336/4336 4333/4333 285/285 4334/4334
f 4335/4335 4336/4336 4334/4334 1098/1098
f 1087/1087 4328/4328 4338/4338 4295/4295
f 4328/4328 1099/1099 4335/4335 4338/4338
f 4338/4338 4335/4335 1098/1098 4337/4337
f 4295/4295 4338/4338 4337/4337 279/279
f 274/274 4216/4216 4341/4341 4330/4330
f 4216/4216 1067/1067 4339/4339 4341/4341
f 4341/4341 4339/4339 1102/1102 4340/4340
f 4330/4330 4341/4341 4340/4340 1097/1097
f 1067/1067 4213/4213 4344/4344 4339/4339
f 4213/4213 21/21 4342/4342 4344/4344
f 4344/4344 4342/4342 1100/1100 4343/4343
f 4339/4339 4344/4344 4343/4343 1102/1102
f 1102/1102 4343/4343 4348/4348 4347/4347
f 4343/4343 1100/1100 4345/4345 4348/4348
f 4348/4348 4345/4345 283/283 4346/4346
f 4347/4347 4348/4348 4346/4346 1101/1101
f 1097/1097 4340/4340 4350/4350 4333/4333
f 4340/4340 1102/1102 4347/4347 4350/4350
f 4350/4350 4347/4347 1101/1101 4349/4349
f 4333/4333 4350/4350 4349/4349 285/285
f 285/285 4349/4349 4354/4354 4353/4353
f 4349/4349 1101/1101 4351/4351 4354/4354
f 4354/4354 4351/4351 1106/1106 4352/4352
f 4353/4353 4354/4354 4352/4352 1105/1105
f 1101/1101 4346/4346 4357/4357 4351/4351
f 4346/4346 283/283 4355/4355 4357/4357
f 4357/4357 4355/4355 1103/1103 4356/4356
f 4351/4351 4357/4357 4356/4356 1106/1106
f 1106/1106 4356/4356 4361/4361 4360/4360
f 4356/4356 1103/1103 4358/4358 4361/4361
f 4361/4361 4358/4358 75/75 4359/4359
f 4360/4360 4361/4361 4359/4359 1104/1104
f 1105/1105 4352/4352 4364/4364 4363/4363
f 4352/4352 1106/1106 4360/4360 4364/4364
f 4364/4364 4360/4360 1104/1104 4362/4362
f 4363/4363 4364/4364 4362/4362 284/284
f 279/279 4337/4337 4367/4367 4305/4305
f 4337/4337 1098/1098 4365/4365 4367/4367
f 4367/4367 4365/4365 1108/1108 4366/4366
f 4305/4305 4367/4367 4366/4366 1090/1090
f 1098/1098 4334/4334 4369/4369 4365/4365
f 4334/4334 285/285 4353/4353 4369/4369
f 4369/4369 4353/4353 1105/1105 4368/4368
f 4365/4365 4369/4369 4368/4368 1108/1108
f 1108/1108 4368/4368 4372/4372 4371/4371
f 4368/4368 1105/1105 4363/4363 4372/4372
f 4372/4372 4363/4363 284/284 4370/4370
f 4371/4371 4372/4372 4370/4370 1107/1107
f 1090/1090 4366/4366 4374/4374 4308/4308
f 4366/4366 1108/1108 4371/4371 4374/4374
f 4374/4374 4371/4371 1107/1107 4373/4373
f 4308/4308 4374/4374 4373/4373 78/78
f 78/78 4373/4373 4378/4378 4377/4377
f 4373/4373 1107/1107 4375/4375 4378/4378
f 4378/4378 4375/4375 1112/1112 4376/4376
f 4377/4377 4378/4378 4376/4376 1111/1111
f 1107/1107 4370/4370 4381/4381 4375/4375
f 4370/4370 284/284 4379/4379 4381/4381
f 4381/4381 4379/4379 1109/1109 4380/4380
f 4375/4375 4381/4381 4380/4380 1112/1112
f 1112/1112 4380/4380 4385/4385 4384/4384
f 4380/4380 1109/1109 4382/4382 4385/4385
f 4385/4385 4382/4382 289/289 4383/4383
f 4384/4384 4385/4385 4383/4383 1110/1110
f 1111/1111 4376/4376 4388/4388 4387/4387
f 4376/4376 1112/1112 4384/4384 4388/4388
f 4388/4388 4384/4384 1110/1110 4386/4386
f 4387/4387 4388/4388 4386/4386 288/288
f 284/284 4362/4362 4391/4391 4379/4379
f 4362/4362 1104/1104 4389/4389 4391/4391
f 4391/4391 4389/4389 1115/1115 4390/4390
f 4379/4379 4391/4391 4390/4390 1109/1109
f 1104/1104 4359/4359 4394/4394 4389/4389
f 4359/4359 75/75 4392/4392 4394/4394
f 4394/4394 4392/4392 1113/1113 4393/4393
f 4389/4389 4394/4394 4393/4393 1115/1115
f 1115/1115 4393/4393 4398/4398 4397/4397
f 4393/4393 1113/1113 4395/4395 4398/4398
f 4398/4398 4395/4395 286/286 4396/4396
f 4397/4397 4398/4398 4396/4396 1114/1114
f 1109/1109 4390/4390 4400/4400 4382/4382
f 4390/4390 1115/1115 4397/4397 4400/4400
f 4400/4400 4397/4397 1114/1114 4399/4399
f 4382/4382 4400/4400 4399/4399 289/289
f 289/289 4399/4399 4404/4404 4403/4403
f 4399/4399 1114/1114 4401/4401 4404/4404
f 4404/4404 4401/4401 1119/1119 4402/4402
f 4403/4403 4404/4404 4402/4402 1118/1118
f 1114/1114 4396/4396 4407/4407 4401/4401
f 4396/4396 286/286 4405/4405 4407/4407
f 4407/4407 4405/4405 1116/1116 4406/4406
f 4401/4401 4407/4407 4406/4406 1119/1119
f 1119/1119 4406/4406 4411/4411 4410/4410
f 4406/4406 1116/1116 4408/4408 4411/4411
f 4411/4411 4408/4408 8/8 4409/4409
f 4410/4410 4411/4411 4409/4409 1117/1117
f 1118/1118 4402/4402 4414/4414 4413/4413
f 4402/4402 1119/1119 4410/4410 4414/4414
f 4414/4414 4410/4410 1117/1117 4412/4412
f 4413/4413 4414/4414 4412/4412 287/287
f 288/288 4386/4386 4418/4418 4417/4417
f 4386/4386 1110/1110 4415/4415 4418/4418
f 4418/4418 4415/4415 1122/1122 4416/4416
f 4417/4417 4418/4418 4416/4416 1121/1121
f 1110/1110 4383/4383 4420/4420 4415/4415
f 4383/4383 289/289 4403/4403 4420/4420
f 4420/4420 4403/4403 1118/1118 4419/4419
f 4415/4415 4420/4420 4419/4419 1122/1122
f 1122/1122 4419/4419 4423/4423 4422/4422
f 4419/4419 1118/1118 4413/4413 4423/4423
f 4423/4423 4413/4413 287/287 4421/4421
f 4422/4422 4423/4423 4421/4421 1120/1120
f 1121/1121 4416/4416 4426/4426 4425/4425
f 4416/4416 1122/1122 4422/4422 4426/4426
f 4426/4426 4422/4422 1120/1120 4424/4424
f 4425/4425 4426/4426 4424/4424 76/76
f 77/77 4324/4324 4430/4430 4429/4429
f 4324/4324 1094/1094 4427/4427 4430/4430
f 4430/4430 4427/4427 1126/1126 4428/4428
f 4429/4429 4430/4430 4428/4428 1125/1125
f 1094/1094 4321/4321 4433/4433 4427/4427
f 4321/4321 280/280 4431/4431 4433/4433
f 4433/4433 4431/4431 1123/1123 4432/4432
f 4427/4427 4433/4433 4432/4432 1126/1126
f 1126/1126 4432/4432 4437/4437 4436/4436
f 4432/4432 1123/1123 4434/4434 4437/4437
f 4437/4437 4434/4434 292/292 4435/4435
f 4436/4436 4437/4437 4435/4435 1124/1124
f 1125/1125 4428/4428 4440/4440 4439/4439
f 4428/4428 1126/1126 4436/4436 4440/4440
f 4440/4440 4436/4436 1124/1124 4438/4438
f 4439/4439 4440/4440 4438/4438 291/291
f 280/280 4312/4312 4443/4443 4431/4431
f 4312/4312 1091/1091 4441/4441 4443/4443
f 4443/4443 4441/4441 1128/1128 4442/4442
f 4431/4431 4443/4443 4442/4442 1123/1123
f 1091/1091 4309/4309 4445/4445 4441/4441
f 4309/4309 78/78 4377/4377 4445/4445
f 4445/4445 4377/4377 1111/1111 4444/4444
f 4441/4441 4445/4445 4444/4444 1128/1128
f 1128/1128 4444/4444 4448/4448 4447/4447
f 4444/4444 1111/1111 4387/4387 4448/4448
f 4448/4448 4387/4387 288/288 4446/4446
f 4447/4447 4448/4448 4446/4446 1127/1127
f 1123/1123 4442/4442 4450/4450 4434/4434
f 4442/4442 1128/1128 4447/4447 4450/4450
f 4450/4450 4447/4447 1127/1127 4449/4449
f 4434/4434 4450/4450 4449/4449 292/292
f 292/292 4449/4449 4454/4454 4453/4453
f 4449/4449 1127/1127 4451/4451 4454/4454
f 4454/4454 4451/4451 1131/1131 4452/4452
f 4453/4453 4454/4454 4452/4452 1130/1130
f 1127/1127 4446/4446 4456/4456 4451/4451
f 4446/4446 288/288 4417/4417 4456/4456
f 4456/4456 4417/4417 1121/1121 4455/4455
f 4451/4451 4456/4456 4455/4455 1131/1131
f 1131/1131 4455/4455 4459/4459 4458/4458
f 4455/4455 1121/1121 4425/4425 4459/4459
f 4459/4459 4425/4425 76/76 4457/4457
f 4458/4458 4459/4459 4457/4457 1129/1129
f 1130/1130 4452/4452 4462/4462 4461/4461
f 4452/4452 1131/1131 4458/4458 4462/4462
f 4462/4462 4458/4458 1129/1129 4460/4460
f 4461/4461 4462/4462 4460/4460 290/290
f 291/291 4438/4438 4466/4466 4465/4465
f 4438/4438 1124/1124 4463/4463 4466/4466
f 4466/4466 4463/4463 1134/1134 4464/4464
f 4465/4465 4466/4466 4464/4464 1133/1133
f 1124/1124 4435/4435 4468/4468 4463/4463
f 4435/4435 292/292 4453/4453 4468/4468
f 4468/4468 4453/4453 1130/1130 4467/4467
f 4463/4463 4468/4468 4467/4467 1134/1134
f 1134/1134 4467/4467 4471/4471 4470/4470
f 4467/4467 1130/1130 4461/4461 4471/4471
f 4471/4471 4461/4461 290/290 4469/4469
f 4470/4470 4471/4471 4469/4469 1132/1132
f 1133/1133 4464/4464 4474/4474 4473/4473
f 4464/4464 1134/1134 4470/4470 4474/4474
f 4474/4474 4470/4470 1132/1132 4472/4472
f 4473/4473 4474/4474 4472/4472 22/22
f 14/14 4081/4081 4477/4477 2798/2798
f 4081/4081 1033/1033 4475/4475 4477/4477
f 4477/4477 4475/4475 1137/1137 4476/4476
f 2798/2798 4477/4477 4476/4476 712/712
f 1033/1033 4078/4078 4480/4480 4475/4475
f 4078/4078 265/265 4478/4478 4480/4480
f 4480/4480 4478/4478 1135/1135 4479/4479
f 4475/4475 4480/4480 4479/4479 1137/1137
f 1137/1137 4479/4479 4484/4484 4483/4483
f 4479/4479 1135/1135 4481/4481 4484/4484
f 4484/4484 4481/4481 295/295 4482/4482
f 4483/4483 4484/4484 4482/4482 1136/1136
f 712/712 4476/4476 4486/4486 2801/2801
f 4476/4476 1137/1137 4483/4483 4486/4486
f 4486/4486 4483/4483 1136/1136 4485/4485
f 2801/2801 4486/4486 4485/4485 185/185
f 265/265 4070/4070 4489/4489 4478/4478
f 4070/4070 1030/1030 4487/4487 4489/4489
f 4489/4489 4487/4487 1140/1140 4488/4488
f 4478/4478 4489/4489 4488/4488 1135/1135
f 1030/1030 4067/4067 4492/4492 4487/4487
f 4067/4067 70/70 4490/4490 4492/4492
f 4492/4492 4490/4490 1138/1138 4491/4491
f 4487/4487 4492/4492 4491/4491 1140/1140
f 1140/1140 4491/4491 4496/4496 4495/4495
f 4491/4491 1138/1138 4493/4493 4496/4496
f 4496/4496 4493/4493 293/293 4494/4494
f 4495/4495 4496/4496 4494/4494 1139/1139
f 1135/1135 4488/4488 4498/4498 4481/4481
f 4488/4488 1140/1140 4495/4495 4498/4498
f 4498/4498 4495/4495 1139/1139 4497/4497
f 4481/4481 4498/4498 4497/4497 295/295
f 295/295 4497/4497 4502/4502 4501/4501
f 4497/4497 1139/1139 4499/4499 4502/4502
f 4502/4502 4499/4499 1144/1144 4500/4500
f 4501/4501 4502/4502 4500/4500 1143/1143
f 1139/1139 4494/4494 4505/4505 4499/4499
f 4494/4494 293/293 4503/4503 4505/4505
f 4505/4505 4503/4503 1141/1141 4504/4504
f 4499/4499 4505/4505 4504/4504 1144/1144
f 1144/1144 4504/4504 4509/4509 4508/4508
f 4504/4504 1141/1141 4506/4506 4509/4509
f 4509/4509 4506/4506 80/80 4507/4507
f 4508/4508 4509/4509 4507/4507 1142/1142
f 1143/1143 4500/4500 4512/4512 4511/4511
f 4500/4500 1144/1144 4508/4508 4512/4512
f 4512/4512 4508/4508 1142/1142 4510/4510
f 4511/4511 4512/4512 4510/4510 294/294
f 185/185 4485/4485 4515/4515 2811/2811
f 4485/4485 1136/1136 4513/4513 4515/4515
f 4515/4515 4513/4513 1146/1146 4514/4514
f 2811/2811 4515/4515 4514/4514 715/715
f 1136/1136 4482/4482 4517/4517 4513/4513
f 4482/4482 295/295 4501/4501 4517/4517
f 4517/4517 4501/4501 1143/1143 4516/4516
f 4513/4513 4517/4517 4516/4516 1146/1146
f 1146/1146 4516/4516 4520/4520 4519/4519
f 4516/4516 1143/1143 4511/4511 4520/4520
f 4520/4520 4511/4511 294/294 4518/4518
f 4519/4519 4520/4520 4518/4518 1145/1145
f 715/715 4514/4514 4522/4522 2814/2814
f 4514/4514 1146/1146 4519/4519 4522/4522
f 4522/4522 4519/4519 1145/1145 4521/4521
f 2814/2814 4522/4522 4521/4521 50/50
f 70/70 4036/4036 4525/4525 4490/4490
f 4036/4036 1022/1022 4523/4523 4525/4525
f 4525/4525 4523/4523 1149/1149 4524/4524
f 4490/4490 4525/4525 4524/4524 1138/1138
f 1022/1022 4033/4033 4528/4528 4523/4523
f 4033/4033 262/262 4526/4526 4528/4528
f 4528/4528 4526/4526 1147/1147 4527/4527
f 4523/4523 4528/4528 4527/4527 1149/1149
f 1149/1149 4527/4527 4532/4532 4531/4531
f 4527/4527 1147/1147 4529/4529 4532/4532
f 4532/4532 4529/4529 297/297 4530/4530
f 4531/4531 4532/4532 4530/4530 1148/1148
f 1138/1138 4524/4524 4534/4534 4493/4493
f 4524/4524 1149/1149 4531/4531 4534/4534
f 4534/4534 4531/4531 1148/1148 4533/4533
f 4493/4493 4534/4534 4533/4533 293/293
f 262/262 4024/4024 4537/4537 4526/4526
f 4024/4024 1019/1019 4535/4535 4537/4537
f 4537/4537 4535/4535 1151/1151 4536/4536
f 4526/4526 4537/4537 4536/4536 1147/1147
f 1019/1019 4021/4021 4539/4539 4535/4535
f 4021/4021 23/23 4277/4277 4539/4539
f 4539/4539 4277/4277 1085/1085 4538/4538
f 4535/4535 4539/4539 4538/4538 1151/1151
f 1151/1151 4538/4538 4542/4542 4541/4541
f 4538/4538 1085/1085 4287/4287 4542/4542
f 4542/4542 4287/4287 281/281 4540/4540
f 4541/4541 4542/4542 4540/4540 1150/1150
f 1147/1147 4536/4536 4544/4544 4529/4529
f 4536/4536 1151/1151 4541/4541 4544/4544
f 4544/4544 4541/4541 1150/1150 4543/4543
f 4529/4529 4544/4544 4543/4543 297/297
f 297/297 4543/4543 4548/4548 4547/4547
f 4543/4543 1150/1150 4545/4545 4548/4548
f 4548/4548 4545/4545 1154/1154 4546/4546
f 4547/4547 4548/4548 4546/4546 1153/1153
f 1150/1150 4540/4540 4550/4550 4545/4545
f 4540/4540 281/281 4317/4317 4550/4550
f 4550/4550 4317/4317 1095/1095 4549/4549
f 4545/4545 4550/4550 4549/4549 1154/1154
f 1154/1154 4549/4549 4553/4553 4552/4552
f 4549/4549 1095/1095 4325/4325 4553/4553
f 4553/4553 4325/4325 77/77 4551/4551
f 4552/4552 4553/4553 4551/4551 1152/1152
f 1153/1153 4546/4546 4556/4556 4555/4555
f 4546/4546 1154/1154 4552/4552 4556/4556
f 4556/4556 4552/4552 1152/1152 4554/4554
f 4555/4555 4556/4556 4554/4554 296/296
f 293/293 4533/4533 4559/4559 4503/4503
f 4533/4533 1148/1148 4557/4557 4559/4559
f 4559/4559 4557/4557 1156/1156 4558/4558
f 4503/4503 4559/4559 4558/4558 1141/1141
f 1148/1148 4530/4530 4561/4561 4557/4557
f 4530/4530 297/297 4547/4547 4561/4561
f 4561/4561 4547/4547 1153/1153 4560/4560
f 4557/4557 4561/4561 4560/4560 1156/1156
f 1156/1156 4560/4560 4564/4564 4563/4563
f 4560/4560 1153/1153 4555/4555 4564/4564
f 4564/4564 4555/4555 296/296 4562/4562
f 4563/4563 4564/4564 4562/4562 1155/1155
f 1141/1141 4558/4558 4566/4566 4506/4506
f 4558/4558 1156/1156 4563/4563 4566/4566
f 4566/4566 4563/4563 1155/1155 4565/4565
f 4506/4506 4566/4566 4565/4565 80/80
f 80/80 4565/4565 4570/4570 4569/4569
f 4565/4565 1155/1155 4567/4567 4570/4570
f 4570/4570 4567/4567 1160/1160 4568/4568
f 4569/4569 4570/4570 4568/4568 1159/1159
f 1155/1155 4562/4562 4573/4573 4567/4567
f 4562/4562 296/296 4571/4571 4573/4573
f 4573/4573 4571/4571 1157/1157 4572/4572
f 4567/4567 4573/4573 4572/4572 1160/1160
f 1160/1160 4572/4572 4577/4577 4576/4576
f 4572/4572 1157/1157 4574/4574 4577/4577
f 4577/4577 4574/4574 300/300 4575/4575
f 4576/4576 4577/4577 4575/4575 1158/1158
f 1159/1159 4568/4568 4580/4580 4579/4579
f 4568/4568 1160/1160 4576/4576 4580/4580
f 4580/4580 4576/4576 1158/1158 4578/4578
f 4579/4579 4580/4580 4578/4578 299/299
f 296/296 4554/4554 4583/4583 4571/4571
f 4554/4554 1152/1152 4581/4581 4583/4583
f 4583/4583 4581/4581 1162/1162 4582/4582
f 4571/4571 4583/4583 4582/4582 1157/1157
f 1152/1152 4551/4551 4585/4585 4581/4581
f 4551/4551 77/77 4429/4429 4585/4585
f 4585/4585 4429/4429 1125/1125 4584/4584
f 4581/4581 4585/4585 4584/4584 1162/1162
f 1162/1162 4584/4584 4588/4588 4587/4587
f 4584/4584 1125/1125 4439/4439 4588/4588
f 4588/4588 4439/4439 291/291 4586/4586
f 4587/4587 4588/4588 4586/4586 1161/1161
f 1157/1157 4582/4582 4590/4590 4574/4574
f 4582/4582 1162/1162 4587/4587 4590/4590
f 4590/4590 4587/4587 1161/1161 4589/4589
f 4574/4574 4590/4590 4589/4589 300/300
f 300/300 4589/4589 4594/4594 4593/4593
f 4589/4589 1161/1161 4591/4591 4594/4594
f 4594/4594 4591/4591 1165/1165 4592/4592
f 4593/4593 4594/4594 4592/4592 1164/1164
f 1161/1161 4586/4586 4596/4596 4591/4591
f 4586/4586 291/291 4465/4465 4596/4596
f 4596/4596 4465/4465 1133/1133 4595/4595
f 4591/4591 4596/4596 4595/4595 1165/1165
f 1165/1165 4595/4595 4599/4599 4598/4598
f 4595/4595 1133/1133 4473/4473 4599/4599
f 4599/4599 4473/4473 22/22 4597/4597
f 4598/4598 4599/4599 4597/4597 1163/1163
f 1164/1164 4592/4592 4602/4602 4601/4601
f 4592/4592 1165/1165 4598/4598 4602/4602
f 4602/4602 4598/4598 1163/1163 4600/4600
f 4601/4601 4602/4602 4600/4600 298/298
f 299/299 4578/4578 4606/4606 4605/4605
f 4578/4578 1158/1158 4603/4603 4606/4606
f 4606/4606 4603/4603 1168/1168 4604/4604
f 4605/4605 4606/4606 4604/4604 1167/1167
f 1158/1158 4575/4575 4608/4608 4603/4603
f 4575/4575 300/300 4593/4593 4608/4608
f 4608/4608 4593/4593 1164/1164 4607/4607
f 4603/4603 4608/4608 4607/4607 1168/1168
f 1168/1168 4607/4607 4611/4611 4610/4610
f 4607/4607 1164/1164 4601/4601 4611/4611
f 4611/4611 4601/4601 298/298 4609/4609
f 4610/4610 4611/4611 4609/4609 1166/1166
f 1167/1167 4604/4604 4614/4614 4613/4613
f 4604/4604 1168/1168 4610/4610 4614/4614
f 4614/4614 4610/4610 1166/1166 4612/4612
f 4613/4613 4614/4614 4612/4612 79/79
f 50/50 4521/4521 4617/4617 2848/2848
f 4521/4521 1145/1145 4615/4615 4617/4617
f 4617/4617 4615/4615 1171/1171 4616/4616
f 2848/2848 4617/4617 4616/4616 725/725
f 1145/1145 4518/4518 4620/4620 4615/4615
f 4518/4518 294/294 4618/4618 4620/4620
f 4620/4620 4618/4618 1169/1169 4619/4619
f 4615/4615 4620/4620 4619/4619 1171/1171
f 1171/1171 4619/4619 4624/4624 4623/4623
f 4619/4619 1169/1169 4621/4621 4624/4624
f 4624/4624 4621/4621 302/302 4622/4622
f 4623/4623 4624/4624 4622/4622 1170/1170
f 725/725 4616/4616 4626/4626 2851/2851
f 4616/4616 1171/1171 4623/4623 4626/4626
f 4626/4626 4623/4623 1170/1170 4625/4625
f 2851/2851 4626/4626 4625/4625 188/188
f 294/294 4510/4510 4629/4629 4618/4618
f 4510/4510 1142/1142 4627/4627 4629/4629
f 4629/4629 4627/4627 1173/1173 4628/4628
f 4618/4618 4629/4629 4628/4628 1169/1169
f 1142/1142 4507/4507 4631/4631 4627/4627
f 4507/4507 80/80 4569/4569 4631/4631
f 4631/4631 4569/4569 1159/1159 4630/4630
f 4627/4627 4631/4631 4630/4630 1173/1173
f 1173/1173 4630/4630 4634/4634 4633/4633
f 4630/4630 1159/1159 4579/4579 4634/4634
f 4634/4634 4579/4579 299/299 4632/4632
f 4633/4633 4634/4634 4632/4632 1172/1172
f 1169/1169 4628/4628 4636/4636 4621/4621
f 4628/4628 1173/1173 4633/4633 4636/4636
f 4636/4636 4633/4633 1172/1172 4635/4635
f 4621/4621 4636/4636 4635/4635 302/302
f 302/302 4635/4635 4640/4640 4639/4639
f 4635/4635 1172/1172 4637/4637 4640/4640
f 4640/4640 4637/4637 1176/1176 4638/4638
f 4639/4639 4640/4640 4638/4638 1175/1175
f 1172/1172 4632/4632 4642/4642 4637/4637
f 4632/4632 299/299 4605/4605 4642/4642
f 4642/4642 4605/4605 1167/1167 4641/4641
f 4637/4637 4642/4642 4641/4641 1176/1176
f 1176/1176 4641/4641 4645/4645 4644/4644
f 4641/4641 1167/1167 4613/4613 4645/4645
f 4645/4645 4613/4613 79/79 4643/4643
f 4644/4644 4645/4645 4643/4643 1174/1174
f 1175/1175 4638/4638 4648/4648 4647/4647
f 4638/4638 1176/1176 4644/4644 4648/4648
f 4648/4648 4644/4644 1174/1174 4646/4646
f 4647/4647 4648/4648 4646/4646 301/301
f 188/188 4625/4625 4651/4651 2861/2861
f 4625/4625 1170/1170 4649/4649 4651/4651
f 4651/4651 4649/4649 1178/1178 4650/4650
f 2861/2861 4651/4651 4650/4650 728/728
f 1170/1170 4622/4622 4653/4653 4649/4649
f 4622/4622 302/302 4639/4639 4653/4653
f 4653/4653 4639/4639 1175/1175 4652/4652
f 4649/4649 4653/4653 4652/4652 1178/1178
f 1178/1178 4652/4652 4656/4656 4655/4655
f 4652/4652 1175/1175 4647/4647 4656/4656
f 4656/4656 4647/4647 301/301 4654/4654
f 4655/4655 4656/4656 4654/4654 1177/1177
f 728/728 4650/4650 4658/4658 2864/2864
f 4650/4650 1178/1178 4655/4655 4658/4658
f 4658/4658 4655/4655 1177/1177 4657/4657
f 2864/2864 4658/4658 4657/4657 5/5
f 7/7 4659/4659 4662/4662 3641/3641
f 4659/4659 1179/1179 4660/4660 4662/4662
f 4662/4662 4660/4660 1182/1182 4661/4661
f 3641/3641 4662/4662 4661/4661 925/925
f 1179/1179 4663/4663 4666/4666 4660/4660
f 4663/4663 303/303 4664/4664 4666/4666
f 4666/4666 4664/4664 1180/1180 4665/4665
f 4660/4660 4666/4666 4665/4665 1182/1182
f 1182/1182 4665/4665 4670/4670 4669/4669
f 4665/4665 1180/1180 4667/4667 4670/4670
f 4670/4670 4667/4667 306/306 4668/4668
f 4669/4669 4670/4670 4668/4668 1181/1181
f 925/925 4661/4661 4672/4672 3644/3644
f 4661/4661 1182/1182 4669/4669 4672/4672
f 4672/4672 4669/4669 1181/1181 4671/4671
f 3644/3644 4672/4672 4671/4671 239/239
f 303/303 4673/4673 4676/4676 4664/4664
f 4673/4673 1183/1183 4674/4674 4676/4676
f 4676/4676 4674/4674 1186/1186 4675/4675
f 4664/4664 4676/4676 4675/4675 1180/1180
f 1183/1183 4677/4677 4680/4680 4674/4674
f 4677/4677 81/81 4678/4678 4680/4680
f 4680/4680 4678/4678 1184/1184 4679/4679
f 4674/4674 4680/4680 4679/4679 1186/1186
f 1186/1186 4679/4679 4684/4684 4683/4683
f 4679/4679 1184/1184 4681/4681 4684/4684
f 4684/4684 4681/4681 304/304 4682/4682
f 4683/4683 4684/4684 4682/4682 1185/1185
f 1180/1180 4675/4675 4686/4686 4667/4667
f 4675/4675 1186/1186 4683/4683 4686/4686
f 4686/4686 4683/4683 1185/1185 4685/4685
f 4667/4667 4686/4686 4685/4685 306/306
f 306/306 4685/4685 4690/4690 4689/4689
f 4685/4685 1185/1185 4687/4687 4690/4690
f 4690/4690 4687/4687 1190/1190 4688/4688
f 4689/4689 4690/4690 4688/4688 1189/1189
f 1185/1185 4682/4682 4693/4693 4687/4687
f 4682/4682 304/304 4691/4691 4693/4693
f 4693/4693 4691/4691 1187/1187 4692/4692
f 4687/4687 4693/4693 4692/4692 1190/1190
f 1190/1190 4692/4692 4697/4697 4696/4696
f 4692/4692 1187/1187 4694/4694 4697/4697
f 4697/4697 4694/4694 84/84 4695/4695
f 4696/4696 4697/4697 4695/4695 1188/1188
f 1189/1189 4688/4688 4700/4700 4699/4699
f 4688/4688 1190/1190 4696/4696 4700/4700
f 4700/4700 4696/4696 1188/1188 4698/4698
f 4699/4699 4700/4700 4698/4698 305/305
f 239/239 4671/4671 4703/4703 3653/3653
f 4671/4671 1181/1181 4701/4701 4703/4703
f 4703/4703 4701/4701 1192/1192 4702/4702
f 3653/3653 4703/4703 4702/4702 928/928
f 1181/1181 4668/4668 4705/4705 4701/4701
f 4668/4668 306/306 4689/4689 4705/4705
f 4705/4705 4689/4689 1189/1189 4704/4704
f 4701/4701 4705/4705 4704/4704 1192/1192
f 1192/1192 4704/4704 4708/4708 4707/4707
f 4704/4704 1189/1189 4699/4699 4708/4708
f 4708/4708 4699/4699 305/305 4706/4706
f 4707/4707 4708/4708 4706/4706 1191/1191
f 928/928 4702/4702 4710/4710 3656/3656
f 4702/4702 1192/1192 4707/4707 4710/4710
f 4710/4710 4707/4707 1191/1191 4709/4709
f 3656/3656 4710/4710 4709/4709 64/64
f 81/81 4711/4711 4714/4714 4678/4678
f 4711/4711 1193/1193 4712/4712 4714/4714
f 4714/4714 4712/4712 1196/1196 4713/4713
f 4678/4678 4714/4714 4713/4713 1184/1184
f 1193/1193 4715/4715 4718/4718 4712/4712
f 4715/4715 307/307 4716/4716 4718/4718
f 4718/4718 4716/4716 1194/1194 4717/4717
f 4712/4712 4718/4718 4717/4717 1196/1196
f 1196/1196 4717/4717 4722/4722 4721/4721
f 4717/4717 1194/1194 4719/4719 4722/4722
f 4722/4722 4719/4719 310/310 4720/4720
f 4721/4721 4722/4722 4720/4720 1195/1195
f 1184/1184 4713/4713 4724/4724 4681/4681
f 4713/4713 1196/1196 4721/4721 4724/4724
f 4724/4724 4721/4721 1195/1195 4723/4723
f 4681/4681 4724/4724 4723/4723 304/304
f 307/307 4725/4725 4728/4728 4716/4716
f 4725/4725 1197/1197 4726/4726 4728/4728
f 4728/4728 4726/4726 1200/1200 4727/4727
f 4716/4716 4728/4728 4727/4727 1194/1194
f 1197/1197 4729/4729 4732/4732 4726/4726
f 4729/4729 24/24 4730/4730 4732/4732
f 4732/4732 4730/4730 1198/1198 4731/4731
f 4726/4726 4732/4732 4731/4731 1200/1200
f 1200/1200 4731/4731 4736/4736 4735/4735
f 4731/4731 1198/1198 4733/4733 4736/4736
f 4736/4736 4733/4733 308/308 4734/4734
f 4735/4735 4736/4736 4734/4734 1199/1199
f 1194/1194 4727/4727 4738/4738 4719/4719
f 4727/4727 1200/1200 4735/4735 4738/4738
f 4738/4738 4735/4735 1199/1199 4737/4737
f 4719/4719 4738/4738 4737/4737 310/310
f 310/310 4737/4737 4742/4742 4741/4741
f 4737/4737 1199/1199 4739/4739 4742/4742
f 4742/4742 4739/4739 1204/1204 4740/4740
f 4741/4741 4742/4742 4740/4740 1203/1203
f 1199/1199 4734/4734 4745/4745 4739/4739
f 4734/4734 308/308 4743/4743 4745/4745
f 4745/4745 4743/4743 1201/1201 4744/4744
f 4739/4739 4745/4745 4744/4744 1204/1204
f 1204/1204 4744/4744 4749/4749 4748/4748
f 4744/4744 1201/1201 4746/4746 4749/4749
f 4749/4749 4746/4746 82/82 4747/4747
f 4748/4748 4749/4749 4747/4747 1202/1202
f 1203/1203 4740/4740 4752/4752 4751/4751
f 4740/4740 1204/1204 4748/4748 4752/4752
f 4752/4752 4748/4748 1202/1202 4750/4750
f 4751/4751 4752/4752 4750/4750 309/309
f 304/304 4723/4723 4755/4755 4691/4691
f 4723/4723 1195/1195 4753/4753 4755/4755
f 4755/4755 4753/4753 1206/1206 4754/4754
f 4691/4691 4755/4755 4754/4754 1187/1187
f 1195/1195 4720/4720 4757/4757 4753/4753
f 4720/4720 310/310 4741/4741 4757/4757
f 4757/4757 4741/4741 1203/1203 4756/4756
f 4753/4753 4757/4757 4756/4756 1206/1206
f 1206/1206 4756/4756 4760/4760 4759/4759
f 4756/4756 1203/1203 4751/4751 4760/4760
f 4760/4760 4751/4751 309/309 4758/4758
f 4759/4759 4760/4760 4758/4758 1205/1205
f 1187/1187 4754/4754 4762/4762 4694/4694
f 4754/4754 1206/1206 4759/4759 4762/4762
f 4762/4762 4759/4759 1205/1205 4761/4761
f 4694/4694 4762/4762 4761/4761 84/84
f 84/84 4761/4761 4766/4766 4765/4765
f 4761/4761 1205/1205 4763/4763 4766/4766
f 4766/4766 4763/4763 1210/1210 4764/4764
f 4765/4765 4766/4766 4764/4764 1209/1209
f 1205/1205 4758/4758 4769/4769 4763/4763
f 4758/4758 309/309 4767/4767 4769/4769
f 4769/4769 4767/4767 1207/1207 4768/4768
f 4763/4763 4769/4769 4768/4768 1210/1210
f 1210/1210 4768/4768 4773/4773 4772/4772
f 4768/4768 1207/1207 4770/4770 4773/4773
f 4773/4773 4770/4770 314/314 4771/4771
f 4772/4772 4773/4773 4771/4771 1208/1208
f 1209/1209 4764/4764 4776/4776 4775/4775
f 4764/4764 1210/1210 4772/4772 4776/4776
f 4776/4776 4772/4772 1208/1208 4774/4774
f 4775/4775 4776/4776 4774/4774 313/313
f 309/309 4750/4750 4779/4779 4767/4767
f 4750/4750 1202/1202 4777/4777 4779/4779
f 4779/4779 4777/4777 1213/1213 4778/4778
f 4767/4767 4779/4779 4778/4778 1207/1207
f 1202/1202 4747/4747 4782/4782 4777/4777
f 4747/4747 82/82 4780/4780 4782/4782
f 4782/4782 4780/4780 1211/1211 4781/4781
f 4777/4777 4782/4782 4781/4781 1213/1213
f 1213/1213 4781/4781 4786/4786 4785/4785
f 4781/4781 1211/1211 4783/4783 4786/4786
f 4786/4786 4783/4783 311/311 4784/4784
f 4785/4785 4786/4786 4784/4784 1212/1212
f 1207/1207 4778/4778 4788/4788 4770/4770
f 4778/4778 1213/1213 4785/4785 4788/4788
f 4788/4788 4785/4785 1212/1212 4787/4787
f 4770/4770 4788/4788 4787/4787 314/314
f 314/314 4787/4787 4792/4792 4791/4791
f 4787/4787 1212/1212 4789/4789 4792/4792
f 4792/4792 4789/4789 1217/1217 4790/4790
f 4791/4791 4792/4792 4790/4790 1216/1216
f 1212/1212 4784/4784 4795/4795 4789/4789
f 4784/4784 311/311 4793/4793 4795/4795
f 4795/4795 4793/4793 1214/1214 4794/4794
f 4789/4789 4795/4795 4794/4794 1217/1217
f 1217/1217 4794/4794 4799/4799 4798/4798
f 4794/4794 1214/1214 4796/4796 4799/4799
f 4799/4799 4796/4796 25/25 4797/4797
f 4798/4798 4799/4799 4797/4797 1215/1215
f 1216/1216 4790/4790 4802/4802 4801/4801
f 4790/4790 1217/1217 4798/4798 4802/4802
f 4802/4802 4798/4798 1215/1215 4800/4800
f 4801/4801 4802/4802 4800/4800 312/312
f 313/313 4774/4774 4806/4806 4805/4805
f 4774/4774 1208/1208 4803/4803 4806/4806
f 4806/4806 4803/4803 1220/1220 4804/4804
f 4805/4805 4806/4806 4804/4804 1219/1219
f 1208/1208 4771/4771 4808/4808 4803/4803
f 4771/4771 314/314 4791/4791 4808/4808
f 4808/4808 4791/4791 1216/1216 4807/4807
f 4803/4803 4808/4808 4807/4807 1220/1220
f 1220/1220 4807/4807 4811/4811 4810/4810
f 4807/4807 1216/1216 4801/4801 4811/4811
f 4811/4811 4801/4801 312/312 4809/4809
f 4810/4810 4811/4811 4809/4809 1218/1218
f 1219/1219 4804/4804 4814/4814 4813/4813
f 4804/4804 1220/1220 4810/4810 4814/4814
f 4814/4814 4810/4810 1218/1218 4812/4812
f 4813/4813 4814/4814 4812/4812 83/83
f 64/64 4709/4709 4817/4817 3689/3689
f 4709/4709 1191/1191 4815/4815 4817/4817
f 4817/4817 4815/4815 1223/1223 4816/4816
f 3689/3689 4817/4817 4816/4816 937/937
f 1191/1191 4706/4706 4820/4820 4815/4815
f 4706/4706 305/305 4818/4818 4820/4820
f 4820/4820 4818/4818 1221/1221 4819/4819
f 4815/4815 4820/4820 4819/4819 1223/1223
f 1223/1223 4819/4819 4824/4824 4823/4823
f 4819/4819 1221/1221 4821/4821 4824/4824
f 4824/4824 4821/4821 316/316 4822/4822
f 4823/4823 4824/4824 4822/4822 1222/1222
f 937/937 4816/4816 4826/4826 3692/3692
f 4816/4816 1223/1223 4823/4823 4826/4826
f 4826/4826 4823/4823 1222/1222 4825/4825
f 3692/3692 4826/4826 4825/4825 242/242
f 305/305 4698/4698 4829/4829 4818/4818
f 4698/4698 1188/1188 4827/4827 4829/4829
f 4829/4829 4827/4827 1225/1225 4828/4828
f 4818/4818 4829/4829 4828/4828 1221/1221
f 1188/1188 4695/4695 4831/4831 4827/4827
f 4695/4695 84/84 4765/4765 4831/4831
f 4831/4831 4765/4765 1209/1209 4830/4830
f 4827/4827 4831/4831 4830/4830 1225/1225
f 1225/1225 4830/4830 4834/4834 4833/4833
f 4830/4830 1209/1209 4775/4775 4834/4834
f 4834/4834 4775/4775 313/313 4832/4832
f 4833/4833 4834/4834 4832/4832 1224/1224
f 1221/1221 4828/4828 4836/4836 4821/4821
f 4828/4828 1225/1225 4833/4833 4836/4836
f 4836/4836 4833/4833 1224/1224 4835/4835
f 4821/4821 4836/4836 4835/4835 316/316
f 316/316 4835/4835 4840/4840 4839/4839
f 4835/4835 1224/1224 4837/4837 4840/4840
f 4840/4840 4837/4837 1228/1228 4838/4838
f 4839/4839 4840/4840 4838/4838 1227/1227
f 1224/1224 4832/4832 4842/4842 4837/4837
f 4832/4832 313/313 4805/4805 4842/4842
f 4842/4842 4805/4805 1219/1219 4841/4841
f 4837/4837 4842/4842 4841/4841 1228/1228
f 1228/1228 4841/4841 4845/4845 4844/4844
f 4841/4841 1219/1219 4813/4813 4845/4845
f 4845/4845 4813/4813 83/83 4843/4843
f 4844/4844 4845/4845 4843/4843 1226/1226
f 1227/1227 4838/4838 4848/4848 4847/4847
f 4838/4838 1228/1228 4844/4844 4848/4848
f 4848/4848 4844/4844 1226/1226 4846/4846
f 4847/4847 4848/4848 4846/4846 315/315
f 242/242 4825/4825 4851/4851 3701/3701
f 4825/4825 1222/1222 4849/4849 4851/4851
f 4851/4851 4849/4849 1230/1230 4850/4850
f 3701/3701 4851/4851 4850/4850 940/940
f 1222/1222 4822/4822 4853/4853 4849/4849
f 4822/4822 316/316 4839/4839 4853/4853
f 4853/4853 4839/4839 1227/1227 4852/4852
f 4849/4849 4853/4853 4852/4852 1230/1230
f 1230/1230 4852/4852 4856/4856 4855/4855
f 4852/4852 1227/1227 4847/4847 4856/4856
f 4856/4856 4847/4847 315/315 4854/4854
f 4855/4855 4856/4856 4854/4854 1229/1229
f 940/940 4850/4850 4858/4858 3704/3704
f 4850/4850 1230/1230 4855/4855 4858/4858
f 4858/4858 4855/4855 1229/1229 4857/4857
f 3704/3704 4858/4858 4857/4857 19/19
f 24/24 4859/4859 4862/4862 4730/4730
f 4859/4859 1231/1231 4860/4860 4862/4862
f 4862/4862 4860/4860 1234/1234 4861/4861
f 4730/4730 4862/4862 4861/4861 1198/1198
f 1231/1231 4863/4863 4866/4866 4860/4860
f 4863/4863 317/317 4864/4864 4866/4866
f 4866/4866 4864/4864 1232/1232 4865/4865
f 4860/4860 4866/4866 4865/4865 1234/1234
f 1234/1234 4865/4865 4870/4870 4869/4869
f 4865/4865 1232/1232 4867/4867 4870/4870
f 4870/4870 4867/4867 320/320 4868/4868
f 4869/4869 4870/4870 4868/4868 1233/1233
f 1198/1198 4861/4861 4872/4872 4733/4733
f 4861/4861 1234/1234 4869/4869 4872/4872
f 4872/4872 4869/4869 1233/1233 4871/4871
f 4733/4733 4872/4872 4871/4871 308/308
f 317/317 4873/4873 4876/4876 4864/4864
f 4873/4873 1235/1235 4874/4874 4876/4876
f 4876/4876 4874/4874 1238/1238 4875/4875
f 4864/4864 4876/4876 4875/4875 1232/1232
f 1235/1235 4877/4877 4880/4880 4874/4874
f 4877/4877 85/85 4878/4878 4880/4880
f 4880/4880 4878/4878 1236/1236 4879/4879
f 4874/4874 4880/4880 4879/4879 1238/1238
f 1238/1238 4879/4879 4884/4884 4883/4883
f 4879/4879 1236/1236 4881/4881 4884/4884
f 4884/4884 4881/4881 318/318 4882/4882
f 4883/4883 4884/4884 4882/4882 1237/1237
f 1232/1232 4875/4875 4886/4886 4867/4867
f 4875/4875 1238/1238 4883/4883 4886/4886
f 4886/4886 4883/4883 1237/1237 4885/4885
f 4867/4867 4886/4886 4885/4885 320/320
f 320/320 4885/4885 4890/4890 4889/4889
f 4885/4885 1237/1237 4887/4887 4890/4890
f 4890/4890 4887/4887 1242/1242 4888/4888
f 4889/4889 4890/4890 4888/4888 1241/1241
f 1237/1237 4882/4882 4893/4893 4887/4887
f 4882/4882 318/318 4891/4891 4893/4893
f 4893/4893 4891/4891 1239/1239 4892/4892
f 4887/4887 4893/4893 4892/4892 1242/1242
f 1242/1242 4892/4892 4897/4897 4896/4896
f 4892/4892 1239/1239 4894/4894 4897/4897
f 4897/4897 4894/4894 87/87 4895/4895
f 4896/4896 4897/4897 4895/4895 1240/1240
f 1241/1241 4888/4888 4900/4900 4899/4899
f 4888/4888 1242/1242 4896/4896 4900/4900
f 4900/4900 4896/4896 1240/1240 4898/4898
f 4899/4899 4900/4900 4898/4898 319/319
f 308/308 4871/4871 4903/4903 4743/4743
f 4871/4871 1233/1233 4901/4901 4903/4903
f 4903/4903 4901/4901 1244/1244 4902/4902
f 4743/4743 4903/4903 4902/4902 1201/1201
f 1233/1233 4868/4868 4905/4905 4901/4901
f 4868/4868 320/320 4889/4889 4905/4905
f 4905/4905 4889/4889 1241/1241 4904/4904
f 4901/4901 4905/4905 4904/4904 1244/1244
f 1244/1244 4904/4904 4908/4908 4907/4907
f 4904/4904 1241/1241 4899/4899 4908/4908
f 4908/4908 4899/4899 319/319 4906/4906
f 4907/4907 4908/4908 4906/4906 1243/1243
f 1201/1201 4902/4902 4910/4910 4746/4746
f 4902/4902 1244/1244 4907/4907 4910/4910
f 4910/4910 4907/4907 1243/1243 4909/4909
f 4746/4746 4910/4910 4909/4909 82/82
f 85/85 4911/4911 4914/4914 4878/4878
f 4911/4911 1245/1245 4912/4912 4914/4914
f 4914/4914 4912/4912 1248/1248 4913/4913
f 4878/4878 4914/4914 4913/4913 1236/1236
f 1245/1245 4915/4915 4918/4918 4912/4912
f 4915/4915 321/321 4916/4916 4918/4918
f 4918/4918 4916/4916 1246/1246 4917/4917
f 4912/4912 4918/4918 4917/4917 1248/1248
f 1248/1248 4917/4917 4922/4922 4921/4921
f 4917/4917 1246/1246 4919/4919 4922/4922
f 4922/4922 4919/4919 323/323 4920/4920
f 4921/4921 4922/4922 4920/4920 1247/1247
f 1236/1236 4913/4913 4924/4924 4881/4881
f 4913/4913 1248/1248 4921/4921 4924/4924
f 4924/4924 4921/4921 1247/1247 4923/4923
f 4881/4881 4924/4924 4923/4923 318/318
f 321/321 4925/4925 4928/4928 4916/4916
f 4925/4925 1249/1249 4926/4926 4928/4928
f 4928/4928 4926/4926 1251/1251 4927/4927
f 4916/4916 4928/4928 4927/4927 1246/1246
f 1249/1249 4929/4929 4931/4931 4926/4926
f 4929/4929 8/8 4408/4408 4931/4931
f 4931/4931 4408/4408 1116/1116 4930/4930
f 4926/4926 4931/4931 4930/4930 1251/1251
f 1251/1251 4930/4930 4934/4934 4933/4933
f 4930/4930 1116/1116 4405/4405 4934/4934
f 4934/4934 4405/4405 286/286 4932/4932
f 4933/4933 4934/4934 4932/4932 1250/1250
f 1246/1246 4927/4927 4936/4936 4919/4919
f 4927/4927 1251/1251 4933/4933 4936/4936
f 4936/4936 4933/4933 1250/1250 4935/4935
f 4919/4919 4936/4936 4935/4935 323/323
f 323/323 4935/4935 4940/4940 4939/4939
f 4935/4935 1250/1250 4937/4937 4940/4940
f 4940/4940 4937/4937 1254/1254 4938/4938
f 4939/4939 4940/4940 4938/4938 1253/1253
f 1250/1250 4932/4932 4942/4942 4937/4937
f 4932/4932 286/286 4395/4395 4942/4942
f 4942/4942 4395/4395 1113/1113 4941/4941
f 4937/4937 4942/4942 4941/4941 1254/1254
f 1254/1254 4941/4941 4945/4945 4944/4944
f 4941/4941 1113/1113 4392/4392 4945/4945
f 4945/4945 4392/4392 75/75 4943/4943
f 4944/4944 4945/4945 4943/4943 1252/1252
f 1253/1253 4938/4938 4948/4948 4947/4947
f 4938/4938 1254/1254 4944/4944 4948/4948
f 4948/4948 4944/4944 1252/1252 4946/4946
f 4947/4947 4948/4948 4946/4946 322/322
f 318/318 4923/4923 4951/4951 4891/4891
f 4923/4923 1247/1247 4949/4949 4951/4951
f 4951/4951 4949/4949 1256/1256 4950/4950
f 4891/4891 4951/4951 4950/4950 1239/1239
f 1247/1247 4920/4920 4953/4953 4949/4949
f 4920/4920 323/323 4939/4939 4953/4953
f 4953/4953 4939/4939 1253/1253 4952/4952
f 4949/4949 4953/4953 4952/4952 1256/1256
f 1256/1256 4952/4952 4956/4956 4955/4955
f 4952/4952 1253/1253 4947/4947 4956/4956
f 4956/4956 4947/4947 322/322 4954/4954
f 4955/4955 4956/4956 4954/4954 1255/1255
f 1239/1239 4950/4950 4958/4958 4894/4894
f 4950/4950 1256/1256 4955/4955 4958/4958
f 4958/4958 4955/4955 1255/1255 4957/4957
f 4894/4894 4958/4958 4957/4957 87/87
f 87/87 4957/4957 4962/4962 4961/4961
f 4957/4957 1255/1255 4959/4959 4962/4962
f 4962/4962 4959/4959 1260/1260 4960/4960
f 4961/4961 4962/4962 4960/4960 1259/1259
f 1255/1255 4954/4954 4965/4965 4959/4959
f 4954/4954 322/322 4963/4963 4965/4965
f 4965/4965 4963/4963 1257/1257 4964/4964
f 4959/4959 4965/4965 4964/4964 1260/1260
f 1260/1260 4964/4964 4969/4969 4968/4968
f 4964/4964 1257/1257 4966/4966 4969/4969
f 4969/4969 4966/4966 326/326 4967/4967
f 4968/4968 4969/4969 4967/4967 1258/1258
f 1259/1259 4960/4960 4972/4972 4971/4971
f 4960/4960 1260/1260 4968/4968 4972/4972
f 4972/4972 4968/4968 1258/1258 4970/4970
f 4971/4971 4972/4972 4970/4970 325/325
f 322/322 4946/4946 4975/4975 4963/4963
f 4946/4946 1252/1252 4973/4973 4975/4975
f 4975/4975 4973/4973 1262/1262 4974/4974
f 4963/4963 4975/4975 4974/4974 1257/1257
f 1252/1252 4943/4943 4977/4977 4973/4973
f 4943/4943 75/75 4358/4358 4977/4977
f 4977/4977 4358/4358 1103/1103 4976/4976
f 4973/4973 4977/4977 4976/4976 1262/1262
f 1262/1262 4976/4976 4980/4980 4979/4979
f 4976/4976 1103/1103 4355/4355 4980/4980
f 4980/4980 4355/4355 283/283 4978/4978
f 4979/4979 4980/4980 4978/4978 1261/1261
f 1257/1257 4974/4974 4982/4982 4966/4966
f 4974/4974 1262/1262 4979/4979 4982/4982
f 4982/4982 4979/4979 1261/1261 4981/4981
f 4966/4966 4982/4982 4981/4981 326/326
f 326/326 4981/4981 4986/4986 4985/4985
f 4981/4981 1261/1261 4983/4983 4986/4986
f 4986/4986 4983/4983 1265/1265 4984/4984
f 4985/4985 4986/4986 4984/4984 1264/1264
f 1261/1261 4978/4978 4988/4988 4983/4983
f 4978/4978 283/283 4345/4345 4988/4988
f 4988/4988 4345/4345 1100/1100 4987/4987
f 4983/4983 4988/4988 4987/4987 1265/1265
f 1265/1265 4987/4987 4991/4991 4990/4990
f 4987/4987 1100/1100 4342/4342 4991/4991
f 4991/4991 4342/4342 21/21 4989/4989
f 4990/4990 4991/4991 4989/4989 1263/1263
f 1264/1264 4984/4984 4994/4994 4993/4993
f 4984/4984 1265/1265 4990/4990 4994/4994
f 4994/4994 4990/4990 1263/1263 4992/4992
f 4993/4993 4994/4994 4992/4992 324/324
f 325/325 4970/4970 4998/4998 4997/4997
f 4970/4970 1258/1258 4995/4995 4998/4998
f 4998/4998 4995/4995 1268/1268 4996/4996
f 4997/4997 4998/4998 4996/4996 1267/1267
f 1258/1258 4967/4967 5000/5000 4995/4995
f 4967/4967 326/326 4985/4985 5000/5000
f 5000/5000 4985/4985 1264/1264 4999/4999
f 4995/4995 5000/5000 4999/4999 1268/1268
f 1268/1268 4999/4999 5003/5003 5002/5002
f 4999/4999 1264/1264 4993/4993 5003/5003
f 5003/5003 4993/4993 324/324 5001/5001
f 5002/5002 5003/5003 5001/5001 1266/1266
f 1267/1267 4996/4996 5006/5006 5005/5005
f 4996/4996 1268/1268 5002/5002 5006/5006
f 5006/5006 5002/5002 1266/1266 5004/5004
f 5005/5005 5006/5006 5004/5004 86/86
f 82/82 4909/4909 5009/5009 4780/4780
f 4909/4909 1243/1243 5007/5007 5009/5009
f 5009/5009 5007/5007 1271/1271 5008/5008
f 4780/4780 5009/5009 5008/5008 1211/1211
f 1243/1243 4906/4906 5012/5012 5007/5007
f 4906/4906 319/319 5010/5010 5012/5012
f 5012/5012 5010/5010 1269/1269 5011/5011
f 5007/5007 5012/5012 5011/5011 1271/1271
f 1271/1271 5011/5011 5016/5016 5015/5015
f 5011/5011 1269/1269 5013/5013 5016/5016
f 5016/5016 5013/5013 328/328 5014/5014
f 5015/5015 5016/5016 5014/5014 1270/1270
f 1211/1211 5008/5008 5018/5018 4783/4783
f 5008/5008 1271/1271 5015/5015 5018/5018
f 5018/5018 5015/5015 1270/1270 5017/5017
f 4783/4783 5018/5018 5017/5017 311/311
f 319/319 4898/4898 5021/5021 5010/5010
f 4898/4898 1240/1240 5019/5019 5021/5021
f 5021/5021 5019/5019 1273/1273 5020/5020
f 5010/5010 5021/5021 5020/5020 1269/1269
f 1240/1240 4895/4895 5023/5023 5019/5019
f 4895/4895 87/87 4961/4961 5023/5023
f 5023/5023 4961/4961 1259/1259 5022/5022
f 5019/5019 5023/5023 5022/5022 1273/1273
f 1273/1273 5022/5022 5026/5026 5025/5025
f 5022/5022 1259/1259 4971/4971 5026/5026
f 5026/5026 4971/4971 325/325 5024/5024
f 5025/5025 5026/5026 5024/5024 1272/1272
f 1269/1269 5020/5020 5028/5028 5013/5013
f 5020/5020 1273/1273 5025/5025 5028/5028
f 5028/5028 5025/5025 1272/1272 5027/5027
f 5013/5013 5028/5028 5027/5027 328/328
f 328/328 5027/5027 5032/5032 5031/5031
f 5027/5027 1272/1272 5029/5029 5032/5032
f 5032/5032 5029/5029 1276/1276 5030/5030
f 5031/5031 5032/5032 5030/5030 1275/1275
f 1272/1272 5024/5024 5034/5034 5029/5029
f 5024/5024 325/325 4997/4997 5034/5034
f 5034/5034 4997/4997 1267/1267 5033/5033
f 5029/5029 5034/5034 5033/5033 1276/1276
f 1276/1276 5033/5033 5037/5037 5036/5036
f 5033/5033 1267/1267 5005/5005 5037/5037
f 5037/5037 5005/5005 86/86 5035/5035
f 5036/5036 5037/5037 5035/5035 1274/1274
f 1275/1275 5030/5030 5040/5040 5039/5039
f 5030/5030 1276/1276 5036/5036 5040/5040
f 5040/5040 5036/5036 1274/1274 5038/5038
f 5039/5039 5040/5040 5038/5038 327/327
f 311/311 5017/5017 5043/5043 4793/4793
f 5017/5017 1270/1270 5041/5041 5043/5043
f 5043/5043 5041/5041 1278/1278 5042/5042
f 4793/4793 5043/5043 5042/5042 1214/1214
f 1270/1270 5014/5014 5045/5045 5041/5041
f 5014/5014 328/328 5031/5031 5045/5045
f 5045/5045 5031/5031 1275/1275 5044/5044
f 5041/5041 5045/5045 5044/5044 1278/1278
f 1278/1278 5044/5044 5048/5048 5047/5047
f 5044/5044 1275/1275 5039/5039 5048/5048
f 5048/5048 5039/5039 327/327 5046/5046
f 5047/5047 5048/5048 5046/5046 1277/1277
f 1214/1214 5042/5042 5050/5050 4796/4796
f 5042/5042 1278/1278 5047/5047 5050/5050
f 5050/5050 5047/5047 1277/1277 5049/5049
f 4796/4796 5050/5050 5049/5049 25/25
f 25/25 5049/5049 5054/5054 5053/5053
f 5049/5049 1277/1277 5051/5051 5054/5054
f 5054/5054 5051/5051 1282/1282 5052/5052
f 5053/5053 5054/5054 5052/5052 1281/1281
f 1277/1277 5046/5046 5057/5057 5051/5051
f 5046/5046 327/327 5055/5055 5057/5057
f 5057/5057 5055/5055 1279/1279 5056/5056
f 5051/5051 5057/5057 5056/5056 1282/1282
f 1282/1282 5056/5056 5061/5061 5060/5060
f 5056/5056 1279/1279 5058/5058 5061/5061
f 5061/5061 5058/5058 332/332 5059/5059
f 5060/5060 5061/5061 5059/5059 1280/1280
f 1281/1281 5052/5052 5064/5064 5063/5063
f 5052/5052 1282/1282 5060/5060 5064/5064
f 5064/5064 5060/5060 1280/1280 5062/5062
f 5063/5063 5064/5064 5062/5062 331/331
f 327/327 5038/5038 5067/5067 5055/5055
f 5038/5038 1274/1274 5065/5065 5067/5067
f 5067/5067 5065/5065 1285/1285 5066/5066
f 5055/5055 5067/5067 5066/5066 1279/1279
f 1274/1274 5035/5035 5070/5070 5065/5065
f 5035/5035 86/86 5068/5068 5070/5070
f 5070/5070 5068/5068 1283/1283 5069/5069
f 5065/5065 5070/5070 5069/5069 1285/1285
f 1285/1285 5069/5069 5074/5074 5073/5073
f 5069/5069 1283/1283 5071/5071 5074/5074
f 5074/5074 5071/5071 329/329 5072/5072
f 5073/5073 5074/5074 5072/5072 1284/1284
f 1279/1279 5066/5066 5076/5076 5058/5058
f 5066/5066 1285/1285 5073/5073 5076/5076
f 5076/5076 5073/5073 1284/1284 5075/5075
f 5058/5058 5076/5076 5075/5075 332/332
f 332/332 5075/5075 5080/5080 5079/5079
f 5075/5075 1284/1284 5077/5077 5080/5080
f 5080/5080 5077/5077 1289/1289 5078/5078
f 5079/5079 5080/5080 5078/5078 1288/1288
f 1284/1284 5072/5072 5083/5083 5077/5077
f 5072/5072 329/329 5081/5081 5083/5083
f 5083/5083 5081/5081 1286/1286 5082/5082
f 5077/5077 5083/5083 5082/5082 1289/1289
f 1289/1289 5082/5082 5087/5087 5086/5086
f 5082/5082 1286/1286 5084/5084 5087/5087
f 5087/5087 5084/5084 89/89 5085/5085
f 5086/5086 5087/5087 5085/5085 1287/1287
f 1288/1288 5078/5078 5090/5090 5089/5089
f 5078/5078 1289/1289 5086/5086 5090/5090
f 5090/5090 5086/5086 1287/1287 5088/5088
f 5089/5089 5090/5090 5088/5088 330/330
f 331/331 5062/5062 5094/5094 5093/5093
f 5062/5062 1280/1280 5091/5091 5094/5094
f 5094/5094 5091/5091 1292/1292 5092/5092
f 5093/5093 5094/5094 5092/5092 1291/1291
f 1280/1280 5059/5059 5096/5096 5091/5091
f 5059/5059 332/332 5079/5079 5096/5096
f 5096/5096 5079/5079 1288/1288 5095/5095
f 5091/5091 5096/5096 5095/5095 1292/1292
f 1292/1292 5095/5095 5099/5099 5098/5098
f 5095/5095 1288/1288 5089/5089 5099/5099
f 5099/5099 5089/5089 330/330 5097/5097
f 5098/5098 5099/5099 5097/5097 1290/1290
f 1291/1291 5092/5092 5102/5102 5101/5101
f 5092/5092 1292/1292 5098/5098 5102/5102
f 5102/5102 5098/5098 1290/1290 5100/5100
f 5101/5101 5102/5102 5100/5100 88/88
f 86/86 5004/5004 5105/5105 5068/5068
f 5004/5004 1266/1266 5103/5103 5105/5105
f 5105/5105 5103/5103 1295/1295 5104/5104
f 5068/5068 5105/5105 5104/5104 1283/1283
f 1266/1266 5001/5001 5108/5108 5103/5103
f 5001/5001 324/324 5106/5106 5108/5108
f 5108/5108 5106/5106 1293/1293 5107/5107
f 5103/5103 5108/5108 5107/5107 1295/1295
f 1295/1295 5107/5107 5112/5112 5111/5111
f 5107/5107 1293/1293 5109/5109 5112/5112
f 5112/5112 5109/5109 334/334 5110/5110
f 5111/5111 5112/5112 5110/5110 1294/1294
f 1283/1283 5104/5104 5114/5114 5071/5071
f 5104/5104 1295/1295 5111/5111 5114/5114
f 5114/5114 5111/5111 1294/1294 5113/5113
f 5071/5071 5114/5114 5113/5113 329/329
f 324/324 4992/4992 5117/5117 5106/5106
f 4992/4992 1263/1263 5115/5115 5117/5117
f 5117/5117 5115/5115 1297/1297 5116/5116
f 5106/5106 5117/5117 5116/5116 1293/1293
f 1263/1263 4989/4989 5119/5119 5115/5115
f 4989/4989 21/21 4212/4212 5119/5119
f 5119/5119 4212/4212 1066/1066 5118/5118
f 5115/5115 5119/5119 5118/5118 1297/1297
f 1297/1297 5118/5118 5122/5122 5121/5121
f 5118/5118 1066/1066 4209/4209 5122/5122
f 5122/5122 4209/4209 273/273 5120/5120
f 5121/5121 5122/5122 5120/5120 1296/1296
f 1293/1293 5116/5116 5124/5124 5109/5109
f 5116/5116 1297/1297 5121/5121 5124/5124
f 5124/5124 5121/5121 1296/1296 5123/5123
f 5109/5109 5124/5124 5123/5123 334/334
f 334/334 5123/5123 5128/5128 5127/5127
f 5123/5123 1296/1296 5125/5125 5128/5128
f 5128/5128 5125/5125 1300/1300 5126/5126
f 5127/5127 5128/5128 5126/5126 1299/1299
f 1296/1296 5120/5120 5130/5130 5125/5125
f 5120/5120 273/273 4199/4199 5130/5130
f 5130/5130 4199/4199 1063/1063 5129/5129
f 5125/5125 5130/5130 5129/5129 1300/1300
f 1300/1300 5129/5129 5133/5133 5132/5132
f 5129/5129 1063/1063 4196/4196 5133/5133
f 5133/5133 4196/4196 72/72 5131/5131
f 5132/5132 5133/5133 5131/5131 1298/1298
f 1299/1299 5126/5126 5136/5136 5135/5135
f 5126/5126 1300/1300 5132/5132 5136/5136
f 5136/5136 5132/5132 1298/1298 5134/5134
f 5135/5135 5136/5136 5134/5134 333/333
f 329/329 5113/5113 5139/5139 5081/5081
f 5113/5113 1294/1294 5137/5137 5139/5139
f 5139/5139 5137/5137 1302/1302 5138/5138
f 5081/5081 5139/5139 5138/5138 1286/1286
f 1294/1294 5110/5110 5141/5141 5137/5137
f 5110/5110 334/334 5127/5127 5141/5141
f 5141/5141 5127/5127 1299/1299 5140/5140
f 5137/5137 5141/5141 5140/5140 1302/1302
f 1302/1302 5140/5140 5144/5144 5143/5143
f 5140/5140 1299/1299 5135/5135 5144/5144
f 5144/5144 5135/5135 333/333 5142/5142
f 5143/5143 5144/5144 5142/5142 1301/1301
f 1286/1286 5138/5138 5146/5146 5084/5084
f 5138/5138 1302/1302 5143/5143 5146/5146
f 5146/5146 5143/5143 1301/1301 5145/5145
f 5084/5084 5146/5146 5145/5145 89/89
f 89/89 5145/5145 5150/5150 5149/5149
f 5145/5145 1301/1301 5147/5147 5150/5150
f 5150/5150 5147/5147 1306/1306 5148/5148
f 5149/5149 5150/5150 5148/5148 1305/1305
f 1301/1301 5142/5142 5153/5153 5147/5147
f 5142/5142 333/333 5151/5151 5153/5153
f 5153/5153 5151/5151 1303/1303 5152/5152
f 5147/5147 5153/5153 5152/5152 1306/1306
f 1306/1306 5152/5152 5157/5157 5156/5156
f 5152/5152 1303/1303 5154/5154 5157/5157
f 5157/5157 5154/5154 336/336 5155/5155
f 5156/5156 5157/5157 5155/5155 1304/1304
f 1305/1305 5148/5148 5160/5160 5159/5159
f 5148/5148 1306/1306 5156/5156 5160/5160
f 5160/5160 5156/5156 1304/1304 5158/5158
f 5159/5159 5160/5160 5158/5158 335/335
f 333/333 5134/5134 5163/5163 5151/5151
f 5134/5134 1298/1298 5161/5161 5163/5163
f 5163/5163 5161/5161 1308/1308 5162/5162
f 5151/5151 5163/5163 5162/5162 1303/1303
f 1298/1298 5131/5131 5165/5165 5161/5161
f 5131/5131 72/72 4162/4162 5165/5165
f 5165/5165 4162/4162 1053/1053 5164/5164
f 5161/5161 5165/5165 5164/5164 1308/1308
f 1308/1308 5164/5164 5168/5168 5167/5167
f 5164/5164 1053/1053 4159/4159 5168/5168
f 5168/5168 4159/4159 270/270 5166/5166
f 5167/5167 5168/5168 5166/5166 1307/1307
f 1303/1303 5162/5162 5170/5170 5154/5154
f 5162/5162 1308/1308 5167/5167 5170/5170
f 5170/5170 5167/5167 1307/1307 5169/5169
f 5154/5154 5170/5170 5169/5169 336/336
f 336/336 5169/5169 5174/5174 5173/5173
f 5169/5169 1307/1307 5171/5171 5174/5174
f 5174/5174 5171/5171 1310/1310 5172/5172
f 5173/5173 5174/5174 5172/5172 1309/1309
f 1307/1307 5166/5166 5176/5176 5171/5171
f 5166/5166 270/270 4149/4149 5176/5176
f 5176/5176 4149/4149 1050/1050 5175/5175
f 5171/5171 5176/5176 5175/5175 1310/1310
f 1310/1310 5175/5175 5178/5178 5177/5177
f 5175/5175 1050/1050 4146/4146 5178/5178
f 5178/5178 4146/4146 4/4 2336/2336
f 5177/5177 5178/5178 2336/2336 592/592
f 1309/1309 5172/5172 5180/5180 5179/5179
f 5172/5172 1310/1310 5177/5177 5180/5180
f 5180/5180 5177/5177 592/592 2333/2333
f 5179/5179 5180/5180 2333/2333 152/152
f 335/335 5158/5158 5184/5184 5183/5183
f 5158/5158 1304/1304 5181/5181 5184/5184
f 5184/5184 5181/5181 1312/1312 5182/5182
f 5183/5183 5184/5184 5182/5182 1311/1311
f 1304/1304 5155/5155 5186/5186 5181/5181
f 5155/5155 336/336 5173/5173 5186/5186
f 5186/5186 5173/5173 1309/1309 5185/5185
f 5181/5181 5186/5186 5185/5185 1312/1312
f 1312/1312 5185/5185 5188/5188 5187/5187
f 5185/5185 1309/1309 5179/5179 5188/5188
f 5188/5188 5179/5179 152/152 2324/2324
f 5187/5187 5188/5188 2324/2324 589/589
f 1311/1311 5182/5182 5190/5190 5189/5189
f 5182/5182 1312/1312 5187/5187 5190/5190
f 5190/5190 5187/5187 589/589 2321/2321
f 5189/5189 5190/5190 2321/2321 40/40
f 88/88 5100/5100 5194/5194 5193/5193
f 5100/5100 1290/1290 5191/5191 5194/5194
f 5194/5194 5191/5191 1316/1316 5192/5192
f 5193/5193 5194/5194 5192/5192 1315/1315
f 1290/1290 5097/5097 5197/5197 5191/5191
f 5097/5097 330/330 5195/5195 5197/5197
f 5197/5197 5195/5195 1313/1313 5196/5196
f 5191/5191 5197/5197 5196/5196 1316/1316
f 1316/1316 5196/5196 5201/5201 5200/5200
f 5196/5196 1313/1313 5198/5198 5201/5201
f 5201/5201 5198/5198 338/338 5199/5199
f 5200/5200 5201/5201 5199/5199 1314/1314
f 1315/1315 5192/5192 5204/5204 5203/5203
f 5192/5192 1316/1316 5200/5200 5204/5204
f 5204/5204 5200/5200 1314/1314 5202/5202
f 5203/5203 5204/5204 5202/5202 337/337
f 330/330 5088/5088 5207/5207 5195/5195
f 5088/5088 1287/1287 5205/5205 5207/5207
f 5207/5207 5205/5205 1318/1318 5206/5206
f 5195/5195 5207/5207 5206/5206 1313/1313
f 1287/1287 5085/5085 5209/5209 5205/5205
f 5085/5085 89/89 5149/5149 5209/5209
f 5209/5209 5149/5149 1305/1305 5208/5208
f 5205/5205 5209/5209 5208/5208 1318/1318
f 1318/1318 5208/5208 5212/5212 5211/5211
f 5208/5208 1305/1305 5159/5159 5212/5212
f 5212/5212 5159/5159 335/335 5210/5210
f 5211/5211 5212/5212 5210/5210 1317/1317
f 1313/1313 5206/5206 5214/5214 5198/5198
f 5206/5206 1318/1318 5211/5211 5214/5214
f 5214/5214 5211/5211 1317/1317 5213/5213
f 5198/5198 5214/5214 5213/5213 338/338
f 338/338 5213/5213 5218/5218 5217/5217
f 5213/5213 1317/1317 5215/5215 5218/5218
f 5218/5218 5215/5215 1320/1320 5216/5216
f 5217/5217 5218/5218 5216/5216 1319/1319
f 1317/1317 5210/5210 5220/5220 5215/5215
f 5210/5210 335/335 5183/5183 5220/5220
f 5220/5220 5183/5183 1311/1311 5219/5219
f 5215/5215 5220/5220 5219/5219 1320/1320
f 1320/1320 5219/5219 5222/5222 5221/5221
f 5219/5219 1311/1311 5189/5189 5222/5222
f 5222/5222 5189/5189 40/40 2288/2288
f 5221/5221 5222/5222 2288/2288 580/580
f 1319/1319 5216/5216 5224/5224 5223/5223
f 5216/5216 1320/1320 5221/5221 5224/5224
f 5224/5224 5221/5221 580/580 2285/2285
f 5223/5223 5224/5224 2285/2285 149/149
f 337/337 5202/5202 5228/5228 5227/5227
f 5202/5202 1314/1314 5225/5225 5228/5228
f 5228/5228 5225/5225 1322/1322 5226/5226
f 5227/5227 5228/5228 5226/5226 1321/1321
f 1314/1314 5199/5199 5230/5230 5225/5225
f 5199/5199 338/338 5217/5217 5230/5230
f 5230/5230 5217/5217 1319/1319 5229/5229
f 5225/5225 5230/5230 5229/5229 1322/1322
f 1322/1322 5229/5229 5232/5232 5231/5231
f 5229/5229 1319/1319 5223/5223 5232/5232
f 5232/5232 5223/5223 149/149 2276/2276
f 5231/5231 5232/5232 2276/2276 577/577
f 1321/1321 5226/5226 5234/5234 5233/5233
f 5226/5226 1322/1322 5231/5231 5234/5234
f 5234/5234 5231/5231 577/577 2273/2273
f 5233/5233 5234/5234 2273/2273 11/11
f 19/19 4857/4857 5237/5237 3829/3829
f 4857/4857 1229/1229 5235/5235 5237/5237
f 5237/5237 5235/5235 1325/1325 5236/5236
f 3829/3829 5237/5237 5236/5236 971/971
f 1229/1229 4854/4854 5240/5240 5235/5235
f 4854/4854 315/315 5238/5238 5240/5240
f 5240/5240 5238/5238 1323/1323 5239/5239
f 5235/5235 5240/5240 5239/5239 1325/1325
f 1325/1325 5239/5239 5244/5244 5243/5243
f 5239/5239 1323/1323 5241/5241 5244/5244
f 5244/5244 5241/5241 341/341 5242/5242
f 5243/5243 5244/5244 5242/5242 1324/1324
f 971/971 5236/5236 5246/5246 3832/3832
f 5236/5236 1325/1325 5243/5243 5246/5246
f 5246/5246 5243/5243 1324/1324 5245/5245
f 3832/3832 5246/5246 5245/5245 250/250
f 315/315 4846/4846 5249/5249 5238/5238
f 4846/4846 1226/1226 5247/5247 5249/5249
f 5249/5249 5247/5247 1328/1328 5248/5248
f 5238/5238 5249/5249 5248/5248 1323/1323
f 1226/1226 4843/4843 5252/5252 5247/5247
f 4843/4843 83/83 5250/5250 5252/5252
f 5252/5252 5250/5250 1326/1326 5251/5251
f 5247/5247 5252/5252 5251/5251 1328/1328
f 1328/1328 5251/5251 5256/5256 5255/5255
f 5251/5251 1326/1326 5253/5253 5256/5256
f 5256/5256 5253/5253 339/339 5254/5254
f 5255/5255 5256/5256 5254/5254 1327/1327
f 1323/1323 5248/5248 5258/5258 5241/5241
f 5248/5248 1328/1328 5255/5255 5258/5258
f 5258/5258 5255/5255 1327/1327 5257/5257
f 5241/5241 5258/5258 5257/5257 341/341
f 341/341 5257/5257 5262/5262 5261/5261
f 5257/5257 1327/1327 5259/5259 5262/5262
f 5262/5262 5259/5259 1332/1332 5260/5260
f 5261/5261 5262/5262 5260/5260 1331/1331
f 1327/1327 5254/5254 5265/5265 5259/5259
f 5254/5254 339/339 5263/5263 5265/5265
f 5265/5265 5263/5263 1329/1329 5264/5264
f 5259/5259 5265/5265 5264/5264 1332/1332
f 1332/1332 5264/5264 5269/5269 5268/5268
f 5264/5264 1329/1329 5266/5266 5269/5269
f 5269/5269 5266/5266 90/90 5267/5267
f 5268/5268 5269/5269 5267/5267 1330/1330
f 1331/1331 5260/5260 5272/5272 5271/5271
f 5260/5260 1332/1332 5268/5268 5272/5272
f 5272/5272 5268/5268 1330/1330 5270/5270
f 5271/5271 5272/5272 5270/5270 340/340
f 250/250 5245/5245 5275/5275 3841/3841
f 5245/5245 1324/1324 5273/5273 5275/5275
f 5275/5275 5273/5273 1334/1334 5274/5274
f 3841/3841 5275/5275 5274/5274 974/974
f 1324/1324 5242/5242 5277/5277 5273/5273
f 5242/5242 341/341 5261/5261 5277/5277
f 5277/5277 5261/5261 1331/1331 5276/5276
f 5273/5273 5277/5277 5276/5276 1334/1334
f 1334/1334 5276/5276 5280/5280 5279/5279
f 5276/5276 1331/1331 5271/5271 5280/5280
f 5280/5280 5271/5271 340/340 5278/5278
f 5279/5279 5280/5280 5278/5278 1333/1333
f 974/974 5274/5274 5282/5282 3844/3844
f 5274/5274 1334/1334 5279/5279 5282/5282
f 5282/5282 5279/5279 1333/1333 5281/5281
f 3844/3844 5282/5282 5281/5281 67/67
f 83/83 4812/4812 5285/5285 5250/5250
f 4812/4812 1218/1218 5283/5283 5285/5285
f 5285/5285 5283/5283 1337/1337 5284/5284
f 5250/5250 5285/5285 5284/5284 1326/1326
f 1218/1218 4809/4809 5288/5288 5283/5283
f 4809/4809 312/312 5286/5286 5288/5288
f 5288/5288 5286/5286 1335/1335 5287/5287
f 5283/5283 5288/5288 5287/5287 1337/1337
f 1337/1337 5287/5287 5292/5292 5291/5291
f 5287/5287 1335/1335 5289/5289 5292/5292
f 5292/5292 5289/5289 343/343 5290/5290
f 5291/5291 5292/5292 5290/5290 1336/1336
f 1326/1326 5284/5284 5294/5294 5253/5253
f 5284/5284 1337/1337 5291/5291 5294/5294
f 5294/5294 5291/5291 1336/1336 5293/5293
f 5253/5253 5294/5294 5293/5293 339/339
f 312/312 4800/4800 5297/5297 5286/5286
f 4800/4800 1215/1215 5295/5295 5297/5297
f 5297/5297 5295/5295 1339/1339 5296/5296
f 5286/5286 5297/5297 5296/5296 1335/1335
f 1215/1215 4797/4797 5299/5299 5295/5295
f 4797/4797 25/25 5053/5053 5299/5299
f 5299/5299 5053/5053 1281/1281 5298/5298
f 5295/5295 5299/5299 5298/5298 1339/1339
f 1339/1339 5298/5298 5302/5302 5301/5301
f 5298/5298 1281/1281 5063/5063 5302/5302
f 5302/5302 5063/5063 331/331 5300/5300
f 5301/5301 5302/5302 5300/5300 1338/1338
f 1335/1335 5296/5296 5304/5304 5289/5289
f 5296/5296 1339/1339 5301/5301 5304/5304
f 5304/5304 5301/5301 1338/1338 5303/5303
f 5289/5289 5304/5304 5303/5303 343/343
f 343/343 5303/5303 5308/5308 5307/5307
f 5303/5303 1338/1338 5305/5305 5308/5308
f 5308/5308 5305/5305 1342/1342 5306/5306
f 5307/5307 5308/5308 5306/5306 1341/1341
f 1338/1338 5300/5300 5310/5310 5305/5305
f 5300/5300 331/331 5093/5093 5310/5310
f 5310/5310 5093/5093 1291/1291 5309/5309
f 5305/5305 5310/5310 5309/5309 1342/1342
f 1342/1342 5309/5309 5313/5313 5312/5312
f 5309/5309 1291/1291 5101/5101 5313/5313
f 5313/5313 5101/5101 88/88 5311/5311
f 5312/5312 5313/5313 5311/5311 1340/1340
f 1341/1341 5306/5306 5316/5316 5315/5315
f 5306/5306 1342/1342 5312/5312 5316/5316
f 5316/5316 5312/5312 1340/1340 5314/5314
f 5315/5315 5316/5316 5314/5314 342/342
f 339/339 5293/5293 5319/5319 5263/5263
f 5293/5293 1336/1336 5317/5317 5319/5319
f 5319/5319 5317/5317 1344/1344 5318/5318
f 5263/5263 5319/5319 5318/5318 1329/1329
f 1336/1336 5290/5290 5321/5321 5317/5317
f 5290/5290 343/343 5307/5307 5321/5321
f 5321/5321 5307/5307 1341/1341 5320/5320
f 5317/5317 5321/5321 5320/5320 1344/1344
f 1344/1344 5320/5320 5324/5324 5323/5323
f 5320/5320 1341/1341 5315/5315 5324/5324
f 5324/5324 5315/5315 342/342 5322/5322
f 5323/5323 5324/5324 5322/5322 1343/1343
f 1329/1329 5318/5318 5326/5326 5266/5266
f 5318/5318 1344/1344 5323/5323 5326/5326
f 5326/5326 5323/5323 1343/1343 5325/5325
f 5266/5266 5326/5326 5325/5325 90/90
f 90/90 5325/5325 5330/5330 5329/5329
f 5325/5325 1343/1343 5327/5327 5330/5330
f 5330/5330 5327/5327 1348/1348 5328/5328
f 5329/5329 5330/5330 5328/5328 1347/1347
f 1343/1343 5322/5322 5333/5333 5327/5327
f 5322/5322 342/342 5331/5331 5333/5333
f 5333/5333 5331/5331 1345/1345 5332/5332
f 5327/5327 5333/5333 5332/5332 1348/1348
f 1348/1348 5332/5332 5337/5337 5336/5336
f 5332/5332 1345/1345 5334/5334 5337/5337
f 5337/5337 5334/5334 345/345 5335/5335
f 5336/5336 5337/5337 5335/5335 1346/1346
f 1347/1347 5328/5328 5340/5340 5339/5339
f 5328/5328 1348/1348 5336/5336 5340/5340
f 5340/5340 5336/5336 1346/1346 5338/5338
f 5339/5339 5340/5340 5338/5338 344/344
f 342/342 5314/5314 5343/5343 5331/5331
f 5314/5314 1340/1340 5341/5341 5343/5343
f 5343/5343 5341/5341 1350/1350 5342/5342
f 5331/5331 5343/5343 5342/5342 1345/1345
f 1340/1340 5311/5311 5345/5345 5341/5341
f 5311/5311 88/88 5193/5193 5345/5345
f 5345/5345 5193/5193 1315/1315 5344/5344
f 5341/5341 5345/5345 5344/5344 1350/1350
f 1350/1350 5344/5344 5348/5348 5347/5347
f 5344/5344 1315/1315 5203/5203 5348/5348
f 5348/5348 5203/5203 337/337 5346/5346
f 5347/5347 5348/5348 5346/5346 1349/1349
f 1345/1345 5342/5342 5350/5350 5334/5334
f 5342/5342 1350/1350 5347/5347 5350/5350
f 5350/5350 5347/5347 1349/1349 5349/5349
f 5334/5334 5350/5350 5349/5349 345/345
f 345/345 5349/5349 5354/5354 5353/5353
f 5349/5349 1349/1349 5351/5351 5354/5354
f 5354/5354 5351/5351 1352/1352 5352/5352
f 5353/5353 5354/5354 5352/5352 1351/1351
f 1349/1349 5346/5346 5356/5356 5351/5351
f 5346/5346 337/337 5227/5227 5356/5356
f 5356/5356 5227/5227 1321/1321 5355/5355
f 5351/5351 5356/5356 5355/5355 1352/1352
f 1352/1352 5355/5355 5358/5358 5357/5357
f 5355/5355 1321/1321 5233/5233 5358/5358
f 5358/5358 5233/5233 11/11 2144/2144
f 5357/5357 5358/5358 2144/2144 544/544
f 1351/1351 5352/5352 5360/5360 5359/5359
f 5352/5352 1352/1352 5357/5357 5360/5360
f 5360/5360 5357/5357 544/544 2141/2141
f 5359/5359 5360/5360 2141/2141 140/140
f 344/344 5338/5338 5364/5364 5363/5363
f 5338/5338 1346/1346 5361/5361 5364/5364
f 5364/5364 5361/5361 1354/1354 5362/5362
f 5363/5363 5364/5364 5362/5362 1353/1353
f 1346/1346 5335/5335 5366/5366 5361/5361
f 5335/5335 345/345 5353/5353 5366/5366
f 5366/5366 5353/5353 1351/1351 5365/5365
f 5361/5361 5366/5366 5365/5365 1354/1354
f 1354/1354 5365/5365 5368/5368 5367/5367
f 5365/5365 1351/1351 5359/5359 5368/5368
f 5368/5368 5359/5359 140/140 2132/2132
f 5367/5367 5368/5368 2132/2132 541/541
f 1353/1353 5362/5362 5370/5370 5369/5369
f 5362/5362 1354/1354 5367/5367 5370/5370
f 5370/5370 5367/5367 541/541 2129/2129
f 5369/5369 5370/5370 2129/2129 37/37
f 67/67 5281/5281 5373/5373 3875/3875
f 5281/5281 1333/1333 5371/5371 5373/5373
f 5373/5373 5371/5371 1357/1357 5372/5372
f 3875/3875 5373/5373 5372/5372 982/982
f 1333/1333 5278/5278 5376/5376 5371/5371
f 5278/5278 340/340 5374/5374 5376/5376
f 5376/5376 5374/5374 1355/1355 5375/5375
f 5371/5371 5376/5376 5375/5375 1357/1357
f 1357/1357 5375/5375 5380/5380 5379/5379
f 5375/5375 1355/1355 5377/5377 5380/5380
f 5380/5380 5377/5377 346/346 5378/5378
f 5379/5379 5380/5380 5378/5378 1356/1356
f 982/982 5372/5372 5382/5382 3878/3878
f 5372/5372 1357/1357 5379/5379 5382/5382
f 5382/5382 5379/5379 1356/1356 5381/5381
f 3878/3878 5382/5382 5381/5381 253/253
f 340/340 5270/5270 5385/5385 5374/5374
f 5270/5270 1330/1330 5383/5383 5385/5385
f 5385/5385 5383/5383 1359/1359 5384/5384
f 5374/5374 5385/5385 5384/5384 1355/1355
f 1330/1330 5267/5267 5387/5387 5383/5383
f 5267/5267 90/90 5329/5329 5387/5387
f 5387/5387 5329/5329 1347/1347 5386/5386
f 5383/5383 5387/5387 5386/5386 1359/1359
f 1359/1359 5386/5386 5390/5390 5389/5389
f 5386/5386 1347/1347 5339/5339 5390/5390
f 5390/5390 5339/5339 344/344 5388/5388
f 5389/5389 5390/5390 5388/5388 1358/1358
f 1355/1355 5384/5384 5392/5392 5377/5377
f 5384/5384 1359/1359 5389/5389 5392/5392
f 5392/5392 5389/5389 1358/1358 5391/5391
f 5377/5377 5392/5392 5391/5391 346/346
f 346/346 5391/5391 5396/5396 5395/5395
f 5391/5391 1358/1358 5393/5393 5396/5396
f 5396/5396 5393/5393 1361/1361 5394/5394
f 5395/5395 5396/5396 5394/5394 1360/1360
f 1358/1358 5388/5388 5398/5398 5393/5393
f 5388/5388 344/344 5363/5363 5398/5398
f 5398/5398 5363/5363 1353/1353 5397/5397
f 5393/5393 5398/5398 5397/5397 1361/1361
f 1361/1361 5397/5397 5400/5400 5399/5399
f 5397/5397 1353/1353 5369/5369 5400/5400
f 5400/5400 5369/5369 37/37 2096/2096
f 5399/5399 5400/5400 2096/2096 532/532
f 1360/1360 5394/5394 5402/5402 5401/5401
f 5394/5394 1361/1361 5399/5399 5402/5402
f 5402/5402 5399/5399 532/532 2093/2093
f 5401/5401 5402/5402 2093/2093 137/137
f 253/253 5381/5381 5405/5405 3886/3886
f 5381/5381 1356/1356 5403/5403 5405/5405
f 5405/5405 5403/5403 1362/1362 5404/5404
f 3886/3886 5405/5405 5404/5404 985/985
f 1356/1356 5378/5378 5407/5407 5403/5403
f 5378/5378 346/346 5395/5395 5407/5407
f 5407/5407 5395/5395 1360/1360 5406/5406
f 5403/5403 5407/5407 5406/5406 1362/1362
f 1362/1362 5406/5406 5409/5409 5408/5408
f 5406/5406 1360/1360 5401/5401 5409/5409
f 5409/5409 5401/5401 137/137 2084/2084
f 5408/5408 5409/5409 2084/2084 529/529
f 985/985 5404/5404 5410/5410 3889/3889
f 5404/5404 1362/1362 5408/5408 5410/5410
f 5410/5410 5408/5408 529/529 2081/2081
f 3889/3889 5410/5410 2081/2081 3/3
f 6/6150 3120/6322 5413/5413 3378/6323
f 3120/6322 792/6234 5411/5411 5413/5413
f 5413/5413 5411/5411 1365/1365 5412/5412
f 3378/6323 5413/5413 5412/5412 858/6235
f 792/6234 3117/6324 5416/5416 5411/5411
f 3117/6324 204/6190 5414/5414 5416/5416
f 5416/5416 5414/5414 1363/1363 5415/5415
f 5411/5411 5416/5416 5415/5415 1365/1365
f 1365/1365 5415/5415 5420/5420 5419/5419
f 5415/5415 1363/1363 5417/5417 5420/5420
f 5420/5420 5417/5417 349/349 5418/5418
f 5419/5419 5420/5420 5418/5418 1364/1364
f 858/6235 5412/5412 5422/5422 3381/6325
f 5412/5412 1365/1365 5419/5419 5422/5422
f 5422/5422 5419/5419 1364/1364 5421/5421
f 3381/6325 5422/5422 5421/5421 222/6191
f 204/6190 3108/6326 5425/5425 5414/5414
f 3108/6326 789/6236 5423/5423 5425/5425
f 5425/5425 5423/5423 1368/1368 5424/5424
f 5414/5414 5425/5425 5424/5424 1363/1363
f 789/6236 3105/6327 5428/5428 5423/5423
f 3105/6327 54/6168 5426/5426 5428/5428
f 5428/5428 5426/5426 1366/1366 5427/5427
f 5423/5423 5428/5428 5427/5427 1368/1368
f 1368/1368 5427/5427 5432/5432 5431/5431
f 5427/5427 1366/1366 5429/5429 5432/5432
f 5432/5432 5429/5429 347/347 5430/5430
f 5431/5431 5432/5432 5430/5430 1367/1367
f 1363/1363 5424/5424 5434/5434 5417/5417
f 5424/5424 1368/1368 5431/5431 5434/5434
f 5434/5434 5431/5431 1367/1367 5433/5433
f 5417/5417 5434/5434 5433/5433 349/349
f 349/349 5433/5433 5438/5438 5437/5437
f 5433/5433 1367/1367 5435/5435 5438/5438
f 5438/5438 5435/5435 1372/1372 5436/5436
f 5437/5437 5438/5438 5436/5436 1371/1371
f 1367/1367 5430/5430 5441/5441 5435/5435
f 5430/5430 347/347 5439/5439 5441/5441
f 5441/5441 5439/5439 1369/1369 5440/5440
f 5435/5435 5441/5441 5440/5440 1372/1372
f 1372/1372 5440/5440 5445/5445 5444/5444
f 5440/5440 1369/1369 5442/5442 5445/5445
f 5445/5445 5442/5442 93/93 5443/5443
f 5444/5444 5445/5445 5443/5443 1370/1370
f 1371/1371 5436/5436 5448/5448 5447/5447
f 5436/5436 1372/1372 5444/5444 5448/5448
f 5448/5448 5444/5444 1370/1370 5446/5446
f 5447/5447 5448/5448 5446/5446 348/348
f 222/6191 5421/5421 5451/5451 3391/6328
f 5421/5421 1364/1364 5449/5449 5451/5451
f 5451/5451 5449/5449 1374/1374 5450/5450
f 3391/6328 5451/5451 5450/5450 861/6237
f 1364/1364 5418/5418 5453/5453 5449/5449
f 5418/5418 349/349 5437/5437 5453/5453
f 5453/5453 5437/5437 1371/1371 5452/5452
f 5449/5449 5453/5453 5452/5452 1374/1374
f 1374/1374 5452/5452 5456/5456 5455/5455
f 5452/5452 1371/1371 5447/5447 5456/5456
f 5456/5456 5447/5447 348/348 5454/5454
f 5455/5455 5456/5456 5454/5454 1373/1373
f 861/6237 5450/5450 5458/5458 3394/6329
f 5450/5450 1374/1374 5455/5455 5458/5458
f 5458/5458 5455/5455 1373/1373 5457/5457
f 3394/6329 5458/5458 5457/5457 60/6169
f 54/6168 3072/6330 5461/5461 5426/5426
f 3072/6330 780/6238 5459/5459 5461/5461
f 5461/5461 5459/5459 1377/1377 5460/5460
f 5426/5426 5461/5461 5460/5460 1366/1366
f 780/6238 3069/6331 5464/5464 5459/5459
f 3069/6331 201/6192 5462/5462 5464/5464
f 5464/5464 5462/5462 1375/1375 5463/5463
f 5459/5459 5464/5464 5463/5463 1377/1377
f 1377/1377 5463/5463 5468/5468 5467/5467
f 5463/5463 1375/1375 5465/5465 5468/5468
f 5468/5468 5465/5465 352/352 5466/5466
f 5467/5467 5468/5468 5466/5466 1376/1376
f 1366/1366 5460/5460 5470/5470 5429/5429
f 5460/5460 1377/1377 5467/5467 5470/5470
f 5470/5470 5467/5467 1376/1376 5469/5469
f 5429/5429 5470/5470 5469/5469 347/347
f 201/6192 3060/6332 5473/5473 5462/5462
f 3060/6332 777/6239 5471/5471 5473/5473
f 5473/5473 5471/5471 1380/1380 5472/5472
f 5462/5462 5473/5473 5472/5472 1375/1375
f 777/6239 3057/6333 5476/5476 5471/5471
f 3057/6333 15/6157 5474/5474 5476/5476
f 5476/5476 5474/5474 1378/1378 5475/5475
f 5471/5471 5476/5476 5475/5475 1380/1380
f 1380/1380 5475/5475 5480/5480 5479/5479
f 5475/5475 1378/1378 5477/5477 5480/5480
f 5480/5480 5477/5477 350/350 5478/5478
f 5479/5479 5480/5480 5478/5478 1379/1379
f 1375/1375 5472/5472 5482/5482 5465/5465
f 5472/5472 1380/1380 5479/5479 5482/5482
f 5482/5482 5479/5479 1379/1379 5481/5481
f 5465/5465 5482/5482 5481/5481 352/352
f 352/352 5481/5481 5486/5486 5485/5485
f 5481/5481 1379/1379 5483/5483 5486/5486
f 5486/5486 5483/5483 1384/1384 5484/5484
f 5485/5485 5486/5486 5484/5484 1383/1383
f 1379/1379 5478/5478 5489/5489 5483/5483
f 5478/5478 350/350 5487/5487 5489/5489
f 5489/5489 5487/5487 1381/1381 5488/5488
f 5483/5483 5489/5489 5488/5488 1384/1384
f 1384/1384 5488/5488 5493/5493 5492/5492
f 5488/5488 1381/1381 5490/5490 5493/5493
f 5493/5493 5490/5490 91/91 5491/5491
f 5492/5492 5493/5493 5491/5491 1382/1382
f 1383/1383 5484/5484 5496/5496 5495/5495
f 5484/5484 1384/1384 5492/5492 5496/5496
f 5496/5496 5492/5492 1382/1382 5494/5494
f 5495/5495 5496/5496 5494/5494 351/351
f 347/347 5469/5469 5499/5499 5439/5439
f 5469/5469 1376/1376 5497/5497 5499/5499
f 5499/5499 5497/5497 1386/1386 5498/5498
f 5439/5439 5499/5499 5498/5498 1369/1369
f 1376/1376 5466/5466 5501/5501 5497/5497
f 5466/5466 352/352 5485/5485 5501/5501
f 5501/5501 5485/5485 1383/1383 5500/5500
f 5497/5497 5501/5501 5500/5500 1386/1386
f 1386/1386 5500/5500 5504/5504 5503/5503
f 5500/5500 1383/1383 5495/5495 5504/5504
f 5504/5504 5495/5495 351/351 5502/5502
f 5503/5503 5504/5504 5502/5502 1385/1385
f 1369/1369 5498/5498 5506/5506 5442/5442
f 5498/5498 1386/1386 5503/5503 5506/5506
f 5506/5506 5503/5503 1385/1385 5505/5505
f 5442/5442 5506/5506 5505/5505 93/93
f 93/93 5505/5505 5510/5510 5509/5509
f 5505/5505 1385/1385 5507/5507 5510/5510
f 5510/5510 5507/5507 1390/1390 5508/5508
f 5509/5509 5510/5510 5508/5508 1389/1389
f 1385/1385 5502/5502 5513/5513 5507/5507
f 5502/5502 351/351 5511/5511 5513/5513
f 5513/5513 5511/5511 1387/1387 5512/5512
f 5507/5507 5513/5513 5512/5512 1390/1390
f 1390/1390 5512/5512 5517/5517 5516/5516
f 5512/5512 1387/1387 5514/5514 5517/5517
f 5517/5517 5514/5514 356/356 5515/5515
f 5516/5516 5517/5517 5515/5515 1388/1388
f 1389/1389 5508/5508 5520/5520 5519/5519
f 5508/5508 1390/1390 5516/5516 5520/5520
f 5520/5520 5516/5516 1388/1388 5518/5518
f 5519/5519 5520/5520 5518/5518 355/355
f 351/351 5494/5494 5523/5523 5511/5511
f 5494/5494 1382/1382 5521/5521 5523/5523
f 5523/5523 5521/5521 1393/1393 5522/5522
f 5511/5511 5523/5523 5522/5522 1387/1387
f 1382/1382 5491/5491 5526/5526 5521/5521
f 5491/5491 91/91 5524/5524 5526/5526
f 5526/5526 5524/5524 1391/1391 5525/5525
f 5521/5521 5526/5526 5525/5525 1393/1393
f 1393/1393 5525/5525 5530/5530 5529/5529
f 5525/5525 1391/1391 5527/5527 5530/5530
f 5530/5530 5527/5527 353/353 5528/5528
f 5529/5529 5530/5530 5528/5528 1392/1392
f 1387/1387 5522/5522 5532/5532 5514/5514
f 5522/5522 1393/1393 5529/5529 5532/5532
f 5532/5532 5529/5529 1392/1392 5531/5531
f 5514/5514 5532/5532 5531/5531 356/356
f 356/356 5531/5531 5536/5536 5535/5535
f 5531/5531 1392/1392 5533/5533 5536/5536
f 5536/5536 5533/5533 1397/1397 5534/5534
f 5535/5535 5536/5536 5534/5534 1396/1396
f 1392/1392 5528/5528 5539/5539 5533/5533
f 5528/5528 353/353 5537/5537 5539/5539
f 5539/5539 5537/5537 1394/1394 5538/5538
f 5533/5533 5539/5539 5538/5538 1397/1397
f 1397/1397 5538/5538 5543/5543 5542/5542
f 5538/5538 1394/1394 5540/5540 5543/5543
f 5543/5543 5540/5540 26/26 5541/5541
f 5542/5542 5543/5543 5541/5541 1395/1395
f 1396/1396 5534/5534 5546/5546 5545/5545
f 5534/5534 1397/1397 5542/5542 5546/5546
f 5546/5546 5542/5542 1395/1395 5544/5544
f 5545/5545 5546/5546 5544/5544 354/354
f 355/355 5518/5518 5550/5550 5549/5549
f 5518/5518 1388/1388 5547/5547 5550/5550
f 5550/5550 5547/5547 1400/1400 5548/5548
f 5549/5549 5550/5550 5548/5548 1399/1399
f 1388/1388 5515/5515 5552/5552 5547/5547
f 5515/5515 356/356 5535/5535 5552/5552
f 5552/5552 5535/5535 1396/1396 5551/5551
f 5547/5547 5552/5552 5551/5551 1400/1400
f 1400/1400 5551/5551 5555/5555 5554/5554
f 5551/5551 1396/1396 5545/5545 5555/5555
f 5555/5555 5545/5545 354/354 5553/5553
f 5554/5554 5555/5555 5553/5553 1398/1398
f 1399/1399 5548/5548 5558/5558 5557/5557
f 5548/5548 1400/1400 5554/5554 5558/5558
f 5558/5558 5554/5554 1398/1398 5556/5556
f 5557/5557 5558/5558 5556/5556 92/92
f 60/6169 5457/5457 5561/5561 3428/6334
f 5457/5457 1373/1373 5559/5559 5561/5561
f 5561/5561 5559/5559 1403/1403 5560/5560
f 3428/6334 5561/5561 5560/5560 871/6240
f 1373/1373 5454/5454 5564/5564 5559/5559
f 5454/5454 348/348 5562/5562 5564/5564
f 5564/5564 5562/5562 1401/1401 5563/5563
f 5559/5559 5564/5564 5563/5563 1403/1403
f 1403/1403 5563/5563 5568/5568 5567/5567
f 5563/5563 1401/1401 5565/5565 5568/5568
f 5568/5568 5565/5565 358/358 5566/5566
f 5567/5567 5568/5568 5566/5566 1402/1402
f 871/6240 5560/5560 5570/5570 3431/6335
f 5560/5560 1403/1403 5567/5567 5570/5570
f 5570/5570 5567/5567 1402/1402 5569/5569
f 3431/6335 5570/5570 5569/5569 225/6193
f 348/348 5446/5446 5573/5573 5562/5562
f 5446/5446 1370/1370 5571/5571 5573/5573
f 5573/5573 5571/5571 1405/1405 5572/5572
f 5562/5562 5573/5573 5572/5572 1401/1401
f 1370/1370 5443/5443 5575/5575 5571/5571
f 5443/5443 93/93 5509/5509 5575/5575
f 5575/5575 5509/5509 1389/1389 5574/5574
f 5571/5571 5575/5575 5574/5574 1405/1405
f 1405/1405 5574/5574 5578/5578 5577/5577
f 5574/5574 1389/1389 5519/5519 5578/5578
f 5578/5578 5519/5519 355/355 5576/5576
f 5577/5577 5578/5578 5576/5576 1404/1404
f 1401/1401 5572/5572 5580/5580 5565/5565
f 5572/5572 1405/1405 5577/5577 5580/5580
f 5580/5580 5577/5577 1404/1404 5579/5579
f 5565/5565 5580/5580 5579/5579 358/358
f 358/358 5579/5579 5584/5584 5583/5583
f 5579/5579 1404/1404 5581/5581 5584/5584
f 5584/5584 5581/5581 1408/1408 5582/5582
f 5583/5583 5584/5584 5582/5582 1407/1407
f 1404/1404 5576/5576 5586/5586 5581/5581
f 5576/5576 355/355 5549/5549 5586/5586
f 5586/5586 5549/5549 1399/1399 5585/5585
f 5581/5581 5586/5586 5585/5585 1408/1408
f 1408/1408 5585/5585 5589/5589 5588/5588
f 5585/5585 1399/1399 5557/5557 5589/5589
f 5589/5589 5557/5557 92/92 5587/5587
f 5588/5588 5589/5589 5587/5587 1406/1406
f 1407/1407 5582/5582 5592/5592 5591/5591
f 5582/5582 1408/1408 5588/5588 5592/5592
f 5592/5592 5588/5588 1406/1406 5590/5590
f 5591/5591 5592/5592 5590/5590 357/357
f 225/6193 5569/5569 5595/5595 3441/6336
f 5569/5569 1402/1402 5593/5593 5595/5595
f 5595/5595 5593/5593 1410/1410 5594/5594
f 3441/6336 5595/5595 5594/5594 874/6241
f 1402/1402 5566/5566 5597/5597 5593/5593
f 5566/5566 358/358 5583/5583 5597/5597
f 5597/5597 5583/5583 1407/1407 5596/5596
f 5593/5593 5597/5597 5596/5596 1410/1410
f 1410/1410 5596/5596 5600/5600 5599/5599
f 5596/5596 1407/1407 5591/5591 5600/5600
f 5600/5600 5591/5591 357/357 5598/5598
f 5599/5599 5600/5600 5598/5598 1409/1409
f 874/6241 5594/5594 5602/5602 3444/6337
f 5594/5594 1410/1410 5599/5599 5602/5602
f 5602/5602 5599/5599 1409/1409 5601/5601
f 3444/6337 5602/5602 5601/5601 18/6159
f 15/6157 2928/6338 5605/5605 5474/5474
f 2928/6338 744/6242 5603/5603 5605/5605
f 5605/5605 5603/5603 1413/1413 5604/5604
f 5474/5474 5605/5605 5604/5604 1378/1378
f 744/6242 2925/6339 5608/5608 5603/5603
f 2925/6339 192/6194 5606/5606 5608/5608
f 5608/5608 5606/5606 1411/1411 5607/5607
f 5603/5603 5608/5608 5607/5607 1413/1413
f 1413/1413 5607/5607 5612/5612 5611/5611
f 5607/5607 1411/1411 5609/5609 5612/5612
f 5612/5612 5609/5609 361/361 5610/5610
f 5611/5611 5612/5612 5610/5610 1412/1412
f 1378/1378 5604/5604 5614/5614 5477/5477
f 5604/5604 1413/1413 5611/5611 5614/5614
f 5614/5614 5611/5611 1412/1412 5613/5613
f 5477/5477 5614/5614 5613/5613 350/350
f 192/6194 2916/6340 5617/5617 5606/5606
f 2916/6340 741/6243 5615/5615 5617/5617
f 5617/5617 5615/5615 1416/1416 5616/5616
f 5606/5606 5617/5617 5616/5616 1411/1411
f 741/6243 2913/6341 5620/5620 5615/5615
f 2913/6341 51/6170 5618/5618 5620/5620
f 5620/5620 5618/5618 1414/1414 5619/5619
f 5615/5615 5620/5620 5619/5619 1416/1416
f 1416/1416 5619/5619 5624/5624 5623/5623
f 5619/5619 1414/1414 5621/5621 5624/5624
f 5624/5624 5621/5621 359/359 5622/5622
f 5623/5623 5624/5624 5622/5622 1415/1415
f 1411/1411 5616/5616 5626/5626 5609/5609
f 5616/5616 1416/1416 5623/5623 5626/5626
f 5626/5626 5623/5623 1415/1415 5625/5625
f 5609/5609 5626/5626 5625/5625 361/361
f 361/361 5625/5625 5630/5630 5629/5629
f 5625/5625 1415/1415 5627/5627 5630/5630
f 5630/5630 5627/5627 1420/1420 5628/5628
f 5629/5629 5630/5630 5628/5628 1419/1419
f 1415/1415 5622/5622 5633/5633 5627/5627
f 5622/5622 359/359 5631/5631 5633/5633
f 5633/5633 5631/5631 1417/1417 5632/5632
f 5627/5627 5633/5633 5632/5632 1420/1420
f 1420/1420 5632/5632 5637/5637 5636/5636
f 5632/5632 1417/1417 5634/5634 5637/5637
f 5637/5637 5634/5634 95/95 5635/5635
f 5636/5636 5637/5637 5635/5635 1418/1418
f 1419/1419 5628/5628 5640/5640 5639/5639
f 5628/5628 1420/1420 5636/5636 5640/5640
f 5640/5640 5636/5636 1418/1418 5638/5638
f 5639/5639 5640/5640 5638/5638 360/360
f 350/350 5613/5613 5643/5643 5487/5487
f 5613/5613 1412/1412 5641/5641 5643/5643
f 5643/5643 5641/5641 1422/1422 5642/5642
f 5487/5487 5643/5643 5642/5642 1381/1381
f 1412/1412 5610/5610 5645/5645 5641/5641
f 5610/5610 361/361 5629/5629 5645/5645
f 5645/5645 5629/5629 1419/1419 5644/5644
f 5641/5641 5645/5645 5644/5644 1422/1422
f 1422/1422 5644/5644 5648/5648 5647/5647
f 5644/5644 1419/1419 5639/5639 5648/5648
f 5648/5648 5639/5639 360/360 5646/5646
f 5647/5647 5648/5648 5646/5646 1421/1421
f 1381/1381 5642/5642 5650/5650 5490/5490
f 5642/5642 1422/1422 5647/5647 5650/5650
f 5650/5650 5647/5647 1421/1421 5649/5649
f 5490/5490 5650/5650 5649/5649 91/91
f 51/6170 2880/6342 5653/5653 5618/5618
f 2880/6342 732/6244 5651/5651 5653/5653
f 5653/5653 5651/5651 1425/1425 5652/5652
f 5618/5618 5653/5653 5652/5652 1414/1414
f 732/6244 2877/6343 5656/5656 5651/5651
f 2877/6343 189/6195 5654/5654 5656/5656
f 5656/5656 5654/5654 1423/1423 5655/5655
f 5651/5651 5656/5656 5655/5655 1425/1425
f 1425/1425 5655/5655 5660/5660 5659/5659
f 5655/5655 1423/1423 5657/5657 5660/5660
f 5660/5660 5657/5657 363/363 5658/5658
f 5659/5659 5660/5660 5658/5658 1424/1424
f 1414/1414 5652/5652 5662/5662 5621/5621
f 5652/5652 1425/1425 5659/5659 5662/5662
f 5662/5662 5659/5659 1424/1424 5661/5661
f 5621/5621 5662/5662 5661/5661 359/359
f 189/6195 2868/6344 5665/5665 5654/5654
f 2868/6344 729/6245 5663/5663 5665/5665
f 5665/5665 5663/5663 1427/1427 5664/5664
f 5654/5654 5665/5665 5664/5664 1423/1423
f 729/6245 2865/6345 5667/5667 5663/5663
f 2865/6345 5/6152 4657/6346 5667/5667
f 5667/5667 4657/6346 1177/6246 5666/5666
f 5663/5663 5667/5667 5666/5666 1427/1427
f 1427/1427 5666/5666 5670/5670 5669/5669
f 5666/5666 1177/6246 4654/6347 5670/5670
f 5670/5670 4654/6347 301/6196 5668/5668
f 5669/5669 5670/5670 5668/5668 1426/1426
f 1423/1423 5664/5664 5672/5672 5657/5657
f 5664/5664 1427/1427 5669/5669 5672/5672
f 5672/5672 5669/5669 1426/1426 5671/5671
f 5657/5657 5672/5672 5671/5671 363/363
f 363/363 5671/5671 5676/5676 5675/5675
f 5671/5671 1426/1426 5673/5673 5676/5676
f 5676/5676 5673/5673 1430/1430 5674/5674
f 5675/5675 5676/5676 5674/5674 1429/1429
f 1426/1426 5668/5668 5678/5678 5673/5673
f 5668/5668 301/6196 4646/6348 5678/5678
f 5678/5678 4646/6348 1174/6247 5677/5677
f 5673/5673 5678/5678 5677/5677 1430/1430
f 1430/1430 5677/5677 5681/5681 5680/5680
f 5677/5677 1174/6247 4643/6349 5681/5681
f 5681/5681 4643/6349 79/6171 5679/5679
f 5680/5680 5681/5681 5679/5679 1428/1428
f 1429/1429 5674/5674 5684/5684 5683/5683
f 5674/5674 1430/1430 5680/5680 5684/5684
f 5684/5684 5680/5680 1428/1428 5682/5682
f 5683/5683 5684/5684 5682/5682 362/362
f 359/359 5661/5661 5687/5687 5631/5631
f 5661/5661 1424/1424 5685/5685 5687/5687
f 5687/5687 5685/5685 1432/1432 5686/5686
f 5631/5631 5687/5687 5686/5686 1417/1417
f 1424/1424 5658/5658 5689/5689 5685/5685
f 5658/5658 363/363 5675/5675 5689/5689
f 5689/5689 5675/5675 1429/1429 5688/5688
f 5685/5685 5689/5689 5688/5688 1432/1432
f 1432/1432 5688/5688 5692/5692 5691/5691
f 5688/5688 1429/1429 5683/5683 5692/5692
f 5692/5692 5683/5683 362/362 5690/5690
f 5691/5691 5692/5692 5690/5690 1431/1431
f 1417/1417 5686/5686 5694/5694 5634/5634
f 5686/5686 1432/1432 5691/5691 5694/5694
f 5694/5694 5691/5691 1431/1431 5693/5693
f 5634/5634 5694/5694 5693/5693 95/95
f 95/95 5693/5693 5698/5698 5697/5697
f 5693/5693 1431/1431 5695/5695 5698/5698
f 5698/5698 5695/5695 1436/1436 5696/5696
f 5697/5697 5698/5698 5696/5696 1435/1435
f 1431/1431 5690/5690 5701/5701 5695/5695
f 5690/5690 362/362 5699/5699 5701/5701
f 5701/5701 5699/5699 1433/1433 5700/5700
f 5695/5695 5701/5701 5700/5700 1436/1436
f 1436/1436 5700/5700 5705/5705 5704/5704
f 5700/5700 1433/1433 5702/5702 5705/5705
f 5705/5705 5702/5702 366/366 5703/5703
f 5704/5704 5705/5705 5703/5703 1434/1434
f 1435/1435 5696/5696 5708/5708 5707/5707
f 5696/5696 1436/1436 5704/5704 5708/5708
f 5708/5708 5704/5704 1434/1434 5706/5706
f 5707/5707 5708/5708 5706/5706 365/365
f 362/362 5682/5682 5711/5711 5699/5699
f 5682/5682 1428/1428 5709/5709 5711/5711
f 5711/5711 5709/5709 1438/1438 5710/5710
f 5699/5699 5711/5711 5710/5710 1433/1433
f 1428/1428 5679/5679 5713/5713 5709/5709
f 5679/5679 79/6171 4612/6350 5713/5713
f 5713/5713 4612/6350 1166/6248 5712/5712
f 5709/5709 5713/5713 5712/5712 1438/1438
f 1438/1438 5712/5712 5716/5716 5715/5715
f 5712/5712 1166/6248 4609/6351 5716/5716
f 5716/5716 4609/6351 298/6197 5714/5714
f 5715/5715 5716/5716 5714/5714 1437/1437
f 1433/1433 5710/5710 5718/5718 5702/5702
f 5710/5710 1438/1438 5715/5715 5718/5718
f 5718/5718 5715/5715 1437/1437 5717/5717
f 5702/5702 5718/5718 5717/5717 366/366
f 366/366 5717/5717 5722/5722 5721/5721
f 5717/5717 1437/1437 5719/5719 5722/5722
f 5722/5722 5719/5719 1441/1441 5720/5720
f 5721/5721 5722/5722 5720/5720 1440/1440
f 1437/1437 5714/5714 5724/5724 5719/5719
f 5714/5714 298/6197 4600/6352 5724/5724
f 5724/5724 4600/6352 1163/6249 5723/5723
f 5719/5719 5724/5724 5723/5723 1441/1441
f 1441/1441 5723/5723 5727/5727 5726/5726
f 5723/5723 1163/6249 4597/6353 5727/5727
f 5727/5727 4597/6353 22/6158 5725/5725
f 5726/5726 5727/5727 5725/5725 1439/1439
f 1440/1440 5720/5720 5730/5730 5729/5729
f 5720/5720 1441/1441 5726/5726 5730/5730
f 5730/5730 5726/5726 1439/1439 5728/5728
f 5729/5729 5730/5730 5728/5728 364/364
f 365/365 5706/5706 5734/5734 5733/5733
f 5706/5706 1434/1434 5731/5731 5734/5734
f 5734/5734 5731/5731 1444/1444 5732/5732
f 5733/5733 5734/5734 5732/5732 1443/1443
f 1434/1434 5703/5703 5736/5736 5731/5731
f 5703/5703 366/366 5721/5721 5736/5736
f 5736/5736 5721/5721 1440/1440 5735/5735
f 5731/5731 5736/5736 5735/5735 1444/1444
f 1444/1444 5735/5735 5739/5739 5738/5738
f 5735/5735 1440/1440 5729/5729 5739/5739
f 5739/5739 5729/5729 364/364 5737/5737
f 5738/5738 5739/5739 5737/5737 1442/1442
f 1443/1443 5732/5732 5742/5742 5741/5741
f 5732/5732 1444/1444 5738/5738 5742/5742
f 5742/5742 5738/5738 1442/1442 5740/5740
f 5741/5741 5742/5742 5740/5740 94/94
f 91/91 5649/5649 5745/5745 5524/5524
f 5649/5649 1421/1421 5743/5743 5745/5745
f 5745/5745 5743/5743 1447/1447 5744/5744
f 5524/5524 5745/5745 5744/5744 1391/1391
f 1421/1421 5646/5646 5748/5748 5743/5743
f 5646/5646 360/360 5746/5746 5748/5748
f 5748/5748 5746/5746 1445/1445 5747/5747
f 5743/5743 5748/5748 5747/5747 1447/1447
f 1447/1447 5747/5747 5752/5752 5751/5751
f 5747/5747 1445/1445 5749/5749 5752/5752
f 5752/5752 5749/5749 368/368 5750/5750
f 5751/5751 5752/5752 5750/5750 1446/1446
f 1391/1391 5744/5744 5754/5754 5527/5527
f 5744/5744 1447/1447 5751/5751 5754/5754
f 5754/5754 5751/5751 1446/1446 5753/5753
f 5527/5527 5754/5754 5753/5753 353/353
f 360/360 5638/5638 5757/5757 5746/5746
f 5638/5638 1418/1418 5755/5755 5757/5757
f 5757/5757 5755/5755 1449/1449 5756/5756
f 5746/5746 5757/5757 5756/5756 1445/1445
f 1418/1418 5635/5635 5759/5759 5755/5755
f 5635/5635 95/95 5697/5697 5759/5759
f 5759/5759 5697/5697 1435/1435 5758/5758
f 5755/5755 5759/5759 5758/5758 1449/1449
f 1449/1449 5758/5758 5762/5762 5761/5761
f 5758/5758 1435/1435 5707/5707 5762/5762
f 5762/5762 5707/5707 365/365 5760/5760
f 5761/5761 5762/5762 5760/5760 1448/1448
f 1445/1445 5756/5756 5764/5764 5749/5749
f 5756/5756 1449/1449 5761/5761 5764/5764
f 5764/5764 5761/5761 1448/1448 5763/5763
f 5749/5749 5764/5764 5763/5763 368/368
f 368/368 5763/5763 5768/5768 5767/5767
f 5763/5763 1448/1448 5765/5765 5768/5768
f 5768/5768 5765/5765 1452/1452 5766/5766
f 5767/5767 5768/5768 5766/5766 1451/1451
f 1448/1448 5760/5760 5770/5770 5765/5765
f 5760/5760 365/365 5733/5733 5770/5770
f 5770/5770 5733/5733 1443/1443 5769/5769
f 5765/5765 5770/5770 5769/5769 1452/1452
f 1452/1452 5769/5769 5773/5773 5772/5772
f 5769/5769 1443/1443 5741/5741 5773/5773
f 5773/5773 5741/5741 94/94 5771/5771
f 5772/5772 5773/5773 5771/5771 1450/1450
f 1451/1451 5766/5766 5776/5776 5775/5775
f 5766/5766 1452/1452 5772/5772 5776/5776
f 5776/5776 5772/5772 1450/1450 5774/5774
f 5775/5775 5776/5776 5774/5774 367/367
f 353/353 5753/5753 5779/5779 5537/5537
f 5753/5753 1446/1446 5777/5777 5779/5779
f 5779/5779 5777/5777 1454/1454 5778/5778
f 5537/5537 5779/5779 5778/5778 1394/1394
f 1446/1446 5750/5750 5781/5781 5777/5777
f 5750/5750 368/368 5767/5767 5781/5781
f 5781/5781 5767/5767 1451/1451 5780/5780
f 5777/5777 5781/5781 5780/5780 1454/1454
f 1454/1454 5780/5780 5784/5784 5783/5783
f 5780/5780 1451/1451 5775/5775 5784/5784
f 5784/5784 5775/5775 367/367 5782/5782
f 5783/5783 5784/5784 5782/5782 1453/1453
f 1394/1394 5778/5778 5786/5786 5540/5540
f 5778/5778 1454/1454 5783/5783 5786/5786
f 5786/5786 5783/5783 1453/1453 5785/5785
f 5540/5540 5786/5786 5785/5785 26/26
f 26/26 5785/5785 5790/5790 5789/5789
f 5785/5785 1453/1453 5787/5787 5790/5790
f 5790/5790 5787/5787 1458/1458 5788/5788
f 5789/5789 5790/5790 5788/5788 1457/1457
f 1453/1453 5782/5782 5793/5793 5787/5787
f 5782/5782 367/367 5791/5791 5793/5793
f 5793/5793 5791/5791 1455/1455 5792/5792
f 5787/5787 5793/5793 5792/5792 1458/1458
f 1458/1458 5792/5792 5797/5797 5796/5796
f 5792/5792 1455/1455 5794/5794 5797/5797
f 5797/5797 5794/5794 372/372 5795/5795
f 5796/5796 5797/5797 5795/5795 1456/1456
f 1457/1457 5788/5788 5800/5800 5799/5799
f 5788/5788 1458/1458 5796/5796 5800/5800
f 5800/5800 5796/5796 1456/1456 5798/5798
f 5799/5799 5800/5800 5798/5798 371/371
f 367/367 5774/5774 5803/5803 5791/5791
f 5774/5774 1450/1450 5801/5801 5803/5803
f 5803/5803 5801/5801 1461/1461 5802/5802
f 5791/5791 5803/5803 5802/5802 1455/1455
f 1450/1450 5771/5771 5806/5806 5801/5801
f 5771/5771 94/94 5804/5804 5806/5806
f 5806/5806 5804/5804 1459/1459 5805/5805
f 5801/5801 5806/5806 5805/5805 1461/1461
f 1461/1461 5805/5805 5810/5810 5809/5809
f 5805/5805 1459/1459 5807/5807 5810/5810
f 5810/5810 5807/5807 369/369 5808/5808
f 5809/5809 5810/5810 5808/5808 1460/1460
f 1455/1455 5802/5802 5812/5812 5794/5794
f 5802/5802 1461/1461 5809/5809 5812/5812
f 5812/5812 5809/5809 1460/1460 5811/5811
f 5794/5794 5812/5812 5811/5811 372/372
f 372/372 5811/5811 5816/5816 5815/5815
f 5811/5811 1460/1460 5813/5813 5816/5816
f 5816/5816 5813/5813 1465/1465 5814/5814
f 5815/5815 5816/5816 5814/5814 1464/1464
f 1460/1460 5808/5808 5819/5819 5813/5813
f 5808/5808 369/369 5817/5817 5819/5819
f 5819/5819 5817/5817 1462/1462 5818/5818
f 5813/5813 5819/5819 5818/5818 1465/1465
f 1465/1465 5818/5818 5823/5823 5822/5822
f 5818/5818 1462/1462 5820/5820 5823/5823
f 5823/5823 5820/5820 97/97 5821/5821
f 5822/5822 5823/5823 5821/5821 1463/1463
f 1464/1464 5814/5814 5826/5826 5825/5825
f 5814/5814 1465/1465 5822/5822 5826/5826
f 5826/5826 5822/5822 1463/1463 5824/5824
f 5825/5825 5826/5826 5824/5824 370/370
f 371/371 5798/5798 5830/5830 5829/5829
f 5798/5798 1456/1456 5827/5827 5830/5830
f 5830/5830 5827/5827 1468/1468 5828/5828
f 5829/5829 5830/5830 5828/5828 1467/1467
f 1456/1456 5795/5795 5832/5832 5827/5827
f 5795/5795 372/372 5815/5815 5832/5832
f 5832/5832 5815/5815 1464/1464 5831/5831
f 5827/5827 5832/5832 5831/5831 1468/1468
f 1468/1468 5831/5831 5835/5835 5834/5834
f 5831/5831 1464/1464 5825/5825 5835/5835
f 5835/5835 5825/5825 370/370 5833/5833
f 5834/5834 5835/5835 5833/5833 1466/1466
f 1467/1467 5828/5828 5838/5838 5837/5837
f 5828/5828 1468/1468 5834/5834 5838/5838
f 5838/5838 5834/5834 1466/1466 5836/5836
f 5837/5837 5838/5838 5836/5836 96/96
f 94/94 5740/5740 5841/5841 5804/5804
f 5740/5740 1442/1442 5839/5839 5841/5841
f 5841/5841 5839/5839 1471/1471 5840/5840
f 5804/5804 5841/5841 5840/5840 1459/1459
f 1442/1442 5737/5737 5844/5844 5839/5839
f 5737/5737 364/364 5842/5842 5844/5844
f 5844/5844 5842/5842 1469/1469 5843/5843
f 5839/5839 5844/5844 5843/5843 1471/1471
f 1471/1471 5843/5843 5848/5848 5847/5847
f 5843/5843 1469/1469 5845/5845 5848/5848
f 5848/5848 5845/5845 374/374 5846/5846
f 5847/5847 5848/5848 5846/5846 1470/1470
f 1459/1459 5840/5840 5850/5850 5807/5807
f 5840/5840 1471/1471 5847/5847 5850/5850
f 5850/5850 5847/5847 1470/1470 5849/5849
f 5807/5807 5850/5850 5849/5849 369/369
f 364/364 5728/5728 5853/5853 5842/5842
f 5728/5728 1439/1439 5851/5851 5853/5853
f 5853/5853 5851/5851 1473/1473 5852/5852
f 5842/5842 5853/5853 5852/5852 1469/1469
f 1439/1439 5725/5725 5855/5855 5851/5851
f 5725/5725 22/6158 4472/6354 5855/5855
f 5855/5855 4472/6354 1132/6250 5854/5854
f 5851/5851 5855/5855 5854/5854 1473/1473
f 1473/1473 5854/5854 5858/5858 5857/5857
f 5854/5854 1132/6250 4469/6355 5858/5858
f 5858/5858 4469/6355 290/6198 5856/5856
f 5857/5857 5858/5858 5856/5856 1472/1472
f 1469/1469 5852/5852 5860/5860 5845/5845
f 5852/5852 1473/1473 5857/5857 5860/5860
f 5860/5860 5857/5857 1472/1472 5859/5859
f 5845/5845 5860/5860 5859/5859 374/374
f 374/374 5859/5859 5864/5864 5863/5863
f 5859/5859 1472/1472 5861/5861 5864/5864
f 5864/5864 5861/5861 1476/1476 5862/5862
f 5863/5863 5864/5864 5862/5862 1475/1475
f 1472/1472 5856/5856 5866/5866 5861/5861
f 5856/5856 290/6198 4460/6356 5866/5866
f 5866/5866 4460/6356 1129/6251 5865/5865
f 5861/5861 5866/5866 5865/5865 1476/1476
f 1476/1476 5865/5865 5869/5869 5868/5868
f 5865/5865 1129/6251 4457/6357 5869/5869
f 5869/5869 4457/6357 76/6172 5867/5867
f 5868/5868 5869/5869 5867/5867 1474/1474
f 1475/1475 5862/5862 5872/5872 5871/5871
f 5862/5862 1476/1476 5868/5868 5872/5872
f 5872/5872 5868/5868 1474/1474 5870/5870
f 5871/5871 5872/5872 5870/5870 373/373
f 369/369 5849/5849 5875/5875 5817/5817
f 5849/5849 1470/1470 5873/5873 5875/5875
f 5875/5875 5873/5873 1478/1478 5874/5874
f 5817/5817 5875/5875 5874/5874 1462/1462
f 1470/1470 5846/5846 5877/5877 5873/5873
f 5846/5846 374/374 5863/5863 5877/5877
f 5877/5877 5863/5863 1475/1475 5876/5876
f 5873/5873 5877/5877 5876/5876 1478/1478
f 1478/1478 5876/5876 5880/5880 5879/5879
f 5876/5876 1475/1475 5871/5871 5880/5880
f 5880/5880 5871/5871 373/373 5878/5878
f 5879/5879 5880/5880 5878/5878 1477/1477
f 1462/1462 5874/5874 5882/5882 5820/5820
f 5874/5874 1478/1478 5879/5879 5882/5882
f 5882/5882 5879/5879 1477/1477 5881/5881
f 5820/5820 5882/5882 5881/5881 97/97
f 97/97 5881/5881 5886/5886 5885/5885
f 5881/5881 1477/1477 5883/5883 5886/5886
f 5886/5886 5883/5883 1482/1482 5884/5884
f 5885/5885 5886/5886 5884/5884 1481/1481
f 1477/1477 5878/5878 5889/5889 5883/5883
f 5878/5878 373/373 5887/5887 5889/5889
f 5889/5889 5887/5887 1479/1479 5888/5888
f 5883/5883 5889/5889 5888/5888 1482/1482
f 1482/1482 5888/5888 5893/5893 5892/5892
f 5888/5888 1479/1479 5890/5890 5893/5893
f 5893/5893 5890/5890 376/376 5891/5891
f 5892/5892 5893/5893 5891/5891 1480/1480
f 1481/1481 5884/5884 5896/5896 5895/5895
f 5884/5884 1482/1482 5892/5892 5896/5896
f 5896/5896 5892/5892 1480/1480 5894/5894
f 5895/5895 5896/5896 5894/5894 375/375
f 373/373 5870/5870 5899/5899 5887/5887
f 5870/5870 1474/1474 5897/5897 5899/5899
f 5899/5899 5897/5897 1484/1484 5898/5898
f 5887/5887 5899/5899 5898/5898 1479/1479
f 1474/1474 5867/5867 5901/5901 5897/5897
f 5867/5867 76/6172 4424/6358 5901/5901
f 5901/5901 4424/6358 1120/6252 5900/5900
f 5897/5897 5901/5901 5900/5900 1484/1484
f 1484/1484 5900/5900 5904/5904 5903/5903
f 5900/5900 1120/6252 4421/6359 5904/5904
f 5904/5904 4421/6359 287/6199 5902/5902
f 5903/5903 5904/5904 5902/5902 1483/1483
f 1479/1479 5898/5898 5906/5906 5890/5890
f 5898/5898 1484/1484 5903/5903 5906/5906
f 5906/5906 5903/5903 1483/1483 5905/5905
f 5890/5890 5906/5906 5905/5905 376/376
f 376/376 5905/5905 5910/5910 5909/5909
f 5905/5905 1483/1483 5907/5907 5910/5910
f 5910/5910 5907/5907 1486/1486 5908/5908
f 5909/5909 5910/5910 5908/5908 1485/1485
f 1483/1483 5902/5902 5912/5912 5907/5907
f 5902/5902 287/6199 4412/6360 5912/5912
f 5912/5912 4412/6360 1117/6253 5911/5911
f 5907/5907 5912/5912 5911/5911 1486/1486
f 1486/1486 5911/5911 5914/5914 5913/5913
f 5911/5911 1117/6253 4409/6361 5914/5914
f 5914/5914 4409/6361 8/8 4929/4929
f 5913/5913 5914/5914 4929/4929 1249/1249
f 1485/1485 5908/5908 5916/5916 5915/5915
f 5908/5908 1486/1486 5913/5913 5916/5916
f 5916/5916 5913/5913 1249/1249 4925/4925
f 5915/5915 5916/5916 4925/4925 321/321
f 375/375 5894/5894 5920/5920 5919/5919
f 5894/5894 1480/1480 5917/5917 5920/5920
f 5920/5920 5917/5917 1488/1488 5918/5918
f 5919/5919 5920/5920 5918/5918 1487/1487
f 1480/1480 5891/5891 5922/5922 5917/5917
f 5891/5891 376/376 5909/5909 5922/5922
f 5922/5922 5909/5909 1485/1485 5921/5921
f 5917/5917 5922/5922 5921/5921 1488/1488
f 1488/1488 5921/5921 5924/5924 5923/5923
f 5921/5921 1485/1485 5915/5915 5924/5924
f 5924/5924 5915/5915 321/321 4915/4915
f 5923/5923 5924/5924 4915/4915 1245/1245
f 1487/1487 5918/5918 5926/5926 5925/5925
f 5918/5918 1488/1488 5923/5923 5926/5926
f 5926/5926 5923/5923 1245/1245 4911/4911
f 5925/5925 5926/5926 4911/4911 85/85
f 96/96 5836/5836 5930/5930 5929/5929
f 5836/5836 1466/1466 5927/5927 5930/5930
f 5930/5930 5927/5927 1492/1492 5928/5928
f 5929/5929 5930/5930 5928/5928 1491/1491
f 1466/1466 5833/5833 5933/5933 5927/5927
f 5833/5833 370/370 5931/5931 5933/5933
f 5933/5933 5931/5931 1489/1489 5932/5932
f 5927/5927 5933/5933 5932/5932 1492/1492
f 1492/1492 5932/5932 5937/5937 5936/5936
f 5932/5932 1489/1489 5934/5934 5937/5937
f 5937/5937 5934/5934 378/378 5935/5935
f 5936/5936 5937/5937 5935/5935 1490/1490
f 1491/1491 5928/5928 5940/5940 5939/5939
f 5928/5928 1492/1492 5936/5936 5940/5940
f 5940/5940 5936/5936 1490/1490 5938/5938
f 5939/5939 5940/5940 5938/5938 377/377
f 370/370 5824/5824 5943/5943 5931/5931
f 5824/5824 1463/1463 5941/5941 5943/5943
f 5943/5943 5941/5941 1494/1494 5942/5942
f 5931/5931 5943/5943 5942/5942 1489/1489
f 1463/1463 5821/5821 5945/5945 5941/5941
f 5821/5821 97/97 5885/5885 5945/5945
f 5945/5945 5885/5885 1481/1481 5944/5944
f 5941/5941 5945/5945 5944/5944 1494/1494
f 1494/1494 5944/5944 5948/5948 5947/5947
f 5944/5944 1481/1481 5895/5895 5948/5948
f 5948/5948 5895/5895 375/375 5946/5946
f 5947/5947 5948/5948 5946/5946 1493/1493
f 1489/1489 5942/5942 5950/5950 5934/5934
f 5942/5942 1494/1494 5947/5947 5950/5950
f 5950/5950 5947/5947 1493/1493 5949/5949
f 5934/5934 5950/5950 5949/5949 378/378
f 378/378 5949/5949 5954/5954 5953/5953
f 5949/5949 1493/1493 5951/5951 5954/5954
f 5954/5954 5951/5951 1496/1496 5952/5952
f 5953/5953 5954/5954 5952/5952 1495/1495
f 1493/1493 5946/5946 5956/5956 5951/5951
f 5946/5946 375/375 5919/5919 5956/5956
f 5956/5956 5919/5919 1487/1487 5955/5955
f 5951/5951 5956/5956 5955/5955 1496/1496
f 1496/1496 5955/5955 5958/5958 5957/5957
f 5955/5955 1487/1487 5925/5925 5958/5958
f 5958/5958 5925/5925 85/85 4877/4877
f 5957/5957 5958/5958 4877/4877 1235/1235
f 1495/1495 5952/5952 5960/5960 5959/5959
f 5952/5952 1496/1496 5957/5957 5960/5960
f 5960/5960 5957/5957 1235/1235 4873/4873
f 5959/5959 5960/5960 4873/4873 317/317
f 377/377 5938/5938 5964/5964 5963/5963
f 5938/5938 1490/1490 5961/5961 5964/5964
f 5964/5964 5961/5961 1498/1498 5962/5962
f 5963/5963 5964/5964 5962/5962 1497/1497
f 1490/1490 5935/5935 5966/5966 5961/5961
f 5935/5935 378/378 5953/5953 5966/5966
f 5966/5966 5953/5953 1495/1495 5965/5965
f 5961/5961 5966/5966 5965/5965 1498/1498
f 1498/1498 5965/5965 5968/5968 5967/5967
f 5965/5965 1495/1495 5959/5959 5968/5968
f 5968/5968 5959/5959 317/317 4863/4863
f 5967/5967 5968/5968 4863/4863 1231/1231
f 1497/1497 5962/5962 5970/5970 5969/5969
f 5962/5962 1498/1498 5967/5967 5970/5970
f 5970/5970 5967/5967 1231/1231 4859/4859
f 5969/5969 5970/5970 4859/4859 24/24
f 18/6159 5601/5601 5973/5973 3574/6362
f 5601/5601 1409/1409 5971/5971 5973/5973
f 5973/5973 5971/5971 1501/1501 5972/5972
f 3574/6362 5973/5973 5972/5972 908/6254
f 1409/1409 5598/5598 5976/5976 5971/5971
f 5598/5598 357/357 5974/5974 5976/5976
f 5976/5976 5974/5974 1499/1499 5975/5975
f 5971/5971 5976/5976 5975/5975 1501/1501
f 1501/1501 5975/5975 5980/5980 5979/5979
f 5975/5975 1499/1499 5977/5977 5980/5980
f 5980/5980 5977/5977 381/381 5978/5978
f 5979/5979 5980/5980 5978/5978 1500/1500
f 908/6254 5972/5972 5982/5982 3577/6363
f 5972/5972 1501/1501 5979/5979 5982/5982
f 5982/5982 5979/5979 1500/1500 5981/5981
f 3577/6363 5982/5982 5981/5981 235/6200
f 357/357 5590/5590 5985/5985 5974/5974
f 5590/5590 1406/1406 5983/5983 5985/5985
f 5985/5985 5983/5983 1504/1504 5984/5984
f 5974/5974 5985/5985 5984/5984 1499/1499
f 1406/1406 5587/5587 5988/5988 5983/5983
f 5587/5587 92/92 5986/5986 5988/5988
f 5988/5988 5986/5986 1502/1502 5987/5987
f 5983/5983 5988/5988 5987/5987 1504/1504
f 1504/1504 5987/5987 5992/5992 5991/5991
f 5987/5987 1502/1502 5989/5989 5992/5992
f 5992/5992 5989/5989 379/379 5990/5990
f 5991/5991 5992/5992 5990/5990 1503/1503
f 1499/1499 5984/5984 5994/5994 5977/5977
f 5984/5984 1504/1504 5991/5991 5994/5994
f 5994/5994 5991/5991 1503/1503 5993/5993
f 5977/5977 5994/5994 5993/5993 381/381
f 381/381 5993/5993 5998/5998 5997/5997
f 5993/5993 1503/1503 5995/5995 5998/5998
f 5998/5998 5995/5995 1508/1508 5996/5996
f 5997/5997 5998/5998 5996/5996 1507/1507
f 1503/1503 5990/5990 6001/6001 5995/5995
f 5990/5990 379/379 5999/5999 6001/6001
f 6001/6001 5999/5999 1505/1505 6000/6000
f 5995/5995 6001/6001 6000/6000 1508/1508
f 1508/1508 6000/6000 6005/6005 6004/6004
f 6000/6000 1505/1505 6002/6002 6005/6005
f 6005/6005 6002/6002 98/98 6003/6003
f 6004/6004 6005/6005 6003/6003 1506/1506
f 1507/1507 5996/5996 6008/6008 6007/6007
f 5996/5996 1508/1508 6004/6004 6008/6008
f 6008/6008 6004/6004 1506/1506 6006/6006
f 6007/6007 6008/6008 6006/6006 380/380
f 235/6200 5981/5981 6011/6011 3587/6364
f 5981/5981 1500/1500 6009/6009 6011/6011
f 6011/6011 6009/6009 1510/1510 6010/6010
f 3587/6364 6011/6011 6010/6010 911/6255
f 1500/1500 5978/5978 6013/6013 6009/6009
f 5978/5978 381/381 5997/5997 6013/6013
f 6013/6013 5997/5997 1507/1507 6012/6012
f 6009/6009 6013/6013 6012/6012 1510/1510
f 1510/1510 6012/6012 6016/6016 6015/6015
f 6012/6012 1507/1507 6007/6007 6016/6016
f 6016/6016 6007/6007 380/380 6014/6014
f 6015/6015 6016/6016 6014/6014 1509/1509
f 911/6255 6010/6010 6018/6018 3590/6365
f 6010/6010 1510/1510 6015/6015 6018/6018
f 6018/6018 6015/6015 1509/1509 6017/6017
f 3590/6365 6018/6018 6017/6017 63/6173
f 92/92 5556/5556 6021/6021 5986/5986
f 5556/5556 1398/1398 6019/6019 6021/6021
f 6021/6021 6019/6019 1513/1513 6020/6020
f 5986/5986 6021/6021 6020/6020 1502/1502
f 1398/1398 5553/5553 6024/6024 6019/6019
f 5553/5553 354/354 6022/6022 6024/6024
f 6024/6024 6022/6022 1511/1511 6023/6023
f 6019/6019 6024/6024 6023/6023 1513/1513
f 1513/1513 6023/6023 6028/6028 6027/6027
f 6023/6023 1511/1511 6025/6025 6028/6028
f 6028/6028 6025/6025 383/383 6026/6026
f 6027/6027 6028/6028 6026/6026 1512/1512
f 1502/1502 6020/6020 6030/6030 5989/5989
f 6020/6020 1513/1513 6027/6027 6030/6030
f 6030/6030 6027/6027 1512/1512 6029/6029
f 5989/5989 6030/6030 6029/6029 379/379
f 354/354 5544/5544 6033/6033 6022/6022
f 5544/5544 1395/1395 6031/6031 6033/6033
f 6033/6033 6031/6031 1515/1515 6032/6032
f 6022/6022 6033/6033 6032/6032 1511/1511
f 1395/1395 5541/5541 6035/6035 6031/6031
f 5541/5541 26/26 5789/5789 6035/6035
f 6035/6035 5789/5789 1457/1457 6034/6034
f 6031/6031 6035/6035 6034/6034 1515/1515
f 1515/1515 6034/6034 6038/6038 6037/6037
f 6034/6034 1457/1457 5799/5799 6038/6038
f 6038/6038 5799/5799 371/371 6036/6036
f 6037/6037 6038/6038 6036/6036 1514/1514
f 1511/1511 6032/6032 6040/6040 6025/6025
f 6032/6032 1515/1515 6037/6037 6040/6040
f 6040/6040 6037/6037 1514/1514 6039/6039
f 6025/6025 6040/6040 6039/6039 383/383
f 383/383 6039/6039 6044/6044 6043/6043
f 6039/6039 1514/1514 6041/6041 6044/6044
f 6044/6044 6041/6041 1518/1518 6042/6042
f 6043/6043 6044/6044 6042/6042 1517/1517
f 1514/1514 6036/6036 6046/6046 6041/6041
f 6036/6036 371/371 5829/5829 6046/6046
f 6046/6046 5829/5829 1467/1467 6045/6045
f 6041/6041 6046/6046 6045/6045 1518/1518
f 1518/1518 6045/6045 6049/6049 6048/6048
f 6045/6045 1467/1467 5837/5837 6049/6049
f 6049/6049 5837/5837 96/96 6047/6047
f 6048/6048 6049/6049 6047/6047 1516/1516
f 1517/1517 6042/6042 6052/6052 6051/6051
f 6042/6042 1518/1518 6048/6048 6052/6052
f 6052/6052 6048/6048 1516/1516 6050/6050
f 6051/6051 6052/6052 6050/6050 382/382
f 379/379 6029/6029 6055/6055 5999/5999
f 6029/6029 1512/1512 6053/6053 6055/6055
f 6055/6055 6053/6053 1520/1520 6054/6054
f 5999/5999 6055/6055 6054/6054 1505/1505
f 1512/1512 6026/6026 6057/6057 6053/6053
f 6026/6026 383/383 6043/6043 6057/6057
f 6057/6057 6043/6043 1517/1517 6056/6056
f 6053/6053 6057/6057 6056/6056 1520/1520
f 1520/1520 6056/6056 6060/6060 6059/6059
f 6056/6056 1517/1517 6051/6051 6060/6060
f 6060/6060 6051/6051 382/382 6058/6058
f 6059/6059 6060/6060 6058/6058 1519/1519
f 1505/1505 6054/6054 6062/6062 6002/6002
f 6054/6054 1520/1520 6059/6059 6062/6062
f 6062/6062 6059/6059 1519/1519 6061/6061
f 6002/6002 6062/6062 6061/6061 98/98
f 98/98 6061/6061 6066/6066 6065/6065
f 6061/6061 1519/1519 6063/6063 6066/6066
f 6066/6066 6063/6063 1524/1524 6064/6064
f 6065/6065 6066/6066 6064/6064 1523/1523
f 1519/1519 6058/6058 6069/6069 6063/6063
f 6058/6058 382/382 6067/6067 6069/6069
f 6069/6069 6067/6067 1521/1521 6068/6068
f 6063/6063 6069/6069 6068/6068 1524/1524
f 1524/1524 6068/6068 6073/6073 6072/6072
f 6068/6068 1521/1521 6070/6070 6073/6073
f 6073/6073 6070/6070 385/385 6071/6071
f 6072/6072 6073/6073 6071/6071 1522/1522
f 1523/1523 6064/6064 6076/6076 6075/6075
f 6064/6064 1524/1524 6072/6072 6076/6076
f 6076/6076 6072/6072 1522/1522 6074/6074
f 6075/6075 6076/6076 6074/6074 384/384
f 382/382 6050/6050 6079/6079 6067/6067
f 6050/6050 1516/1516 6077/6077 6079/6079
f 6079/6079 6077/6077 1526/1526 6078/6078
f 6067/6067 6079/6079 6078/6078 1521/1521
f 1516/1516 6047/6047 6081/6081 6077/6077
f 6047/6047 96/96 5929/5929 6081/6081
f 6081/6081 5929/5929 1491/1491 6080/6080
f 6077/6077 6081/6081 6080/6080 1526/1526
f 1526/1526 6080/6080 6084/6084 6083/6083
f 6080/6080 1491/1491 5939/5939 6084/6084
f 6084/6084 5939/5939 377/377 6082/6082
f 6083/6083 6084/6084 6082/6082 1525/1525
f 1521/1521 6078/6078 6086/6086 6070/6070
f 6078/6078 1526/1526 6083/6083 6086/6086
f 6086/6086 6083/6083 1525/1525 6085/6085
f 6070/6070 6086/6086 6085/6085 385/385
f 385/385 6085/6085 6090/6090 6089/6089
f 6085/6085 1525/1525 6087/6087 6090/6090
f 6090/6090 6087/6087 1528/1528 6088/6088
f 6089/6089 6090/6090 6088/6088 1527/1527
f 1525/1525 6082/6082 6092/6092 6087/6087
f 6082/6082 377/377 5963/5963 6092/6092
f 6092/6092 5963/5963 1497/1497 6091/6091
f 6087/6087 6092/6092 6091/6091 1528/1528
f 1528/1528 6091/6091 6094/6094 6093/6093
f 6091/6091 1497/1497 5969/5969 6094/6094
f 6094/6094 5969/5969 24/24 4729/4729
f 6093/6093 6094/6094 4729/4729 1197/1197
f 1527/1527 6088/6088 6096/6096 6095/6095
f 6088/6088 1528/1528 6093/6093 6096/6096
f 6096/6096 6093/6093 1197/1197 4725/4725
f 6095/6095 6096/6096 4725/4725 307/307
f 384/384 6074/6074 6100/6100 6099/6099
f 6074/6074 1522/1522 6097/6097 6100/6100
f 6100/6100 6097/6097 1530/1530 6098/6098
f 6099/6099 6100/6100 6098/6098 1529/1529
f 1522/1522 6071/6071 6102/6102 6097/6097
f 6071/6071 385/385 6089/6089 6102/6102
f 6102/6102 6089/6089 1527/1527 6101/6101
f 6097/6097 6102/6102 6101/6101 1530/1530
f 1530/1530 6101/6101 6104/6104 6103/6103
f 6101/6101 1527/1527 6095/6095 6104/6104
f 6104/6104 6095/6095 307/307 4715/4715
f 6103/6103 6104/6104 4715/4715 1193/1193
f 1529/1529 6098/6098 6106/6106 6105/6105
f 6098/6098 1530/1530 6103/6103 6106/6106
f 6106/6106 6103/6103 1193/1193 4711/4711
f 6105/6105 6106/6106 4711/4711 81/81
f 63/6173 6017/6017 6109/6109 3624/6366
f 6017/6017 1509/1509 6107/6107 6109/6109
f 6109/6109 6107/6107 1533/1533 6108/6108
f 3624/6366 6109/6109 6108/6108 921/6256
f 1509/1509 6014/6014 6112/6112 6107/6107
f 6014/6014 380/380 6110/6110 6112/6112
f 6112/6112 6110/6110 1531/1531 6111/6111
f 6107/6107 6112/6112 6111/6111 1533/1533
f 1533/1533 6111/6111 6116/6116 6115/6115
f 6111/6111 1531/1531 6113/6113 6116/6116
f 6116/6116 6113/6113 386/386 6114/6114
f 6115/6115 6116/6116 6114/6114 1532/1532
f 921/6256 6108/6108 6118/6118 3627/6367
f 6108/6108 1533/1533 6115/6115 6118/6118
f 6118/6118 6115/6115 1532/1532 6117/6117
f 3627/6367 6118/6118 6117/6117 238/6201
f 380/380 6006/6006 6121/6121 6110/6110
f 6006/6006 1506/1506 6119/6119 6121/6121
f 6121/6121 6119/6119 1535/1535 6120/6120
f 6110/6110 6121/6121 6120/6120 1531/1531
f 1506/1506 6003/6003 6123/6123 6119/6119
f 6003/6003 98/98 6065/6065 6123/6123
f 6123/6123 6065/6065 1523/1523 6122/6122
f 6119/6119 6123/6123 6122/6122 1535/1535
f 1535/1535 6122/6122 6126/6126 6125/6125
f 6122/6122 1523/1523 6075/6075 6126/6126
f 6126/6126 6075/6075 384/384 6124/6124
f 6125/6125 6126/6126 6124/6124 1534/1534
f 1531/1531 6120/6120 6128/6128 6113/6113
f 6120/6120 1535/1535 6125/6125 6128/6128
f 6128/6128 6125/6125 1534/1534 6127/6127
f 6113/6113 6128/6128 6127/6127 386/386
f 386/386 6127/6127 6132/6132 6131/6131
f 6127/6127 1534/1534 6129/6129 6132/6132
f 6132/6132 6129/6129 1537/1537 6130/6130
f 6131/6131 6132/6132 6130/6130 1536/1536
f 1534/1534 6124/6124 6134/6134 6129/6129
f 6124/6124 384/384 6099/6099 6134/6134
f 6134/6134 6099/6099 1529/1529 6133/6133
f 6129/6129 6134/6134 6133/6133 1537/1537
f 1537/1537 6133/6133 6136/6136 6135/6135
f 6133/6133 1529/1529 6105/6105 6136/6136
f 6136/6136 6105/6105 81/81 4677/4677
f 6135/6135 6136/6136 4677/4677 1183/1183
f 1536/1536 6130/6130 6138/6138 6137/6137
f 6130/6130 1537/1537 6135/6135 6138/6138
f 6138/6138 6135/6135 1183/1183 4673/4673
f 6137/6137 6138/6138 4673/4673 303/303
f 238/6201 6117/6117 6141/6141 3637/6368
f 6117/6117 1532/1532 6139/6139 6141/6141
f 6141/6141 6139/6139 1538/1538 6140/6140
f 3637/6368 6141/6141 6140/6140 924/6257
f 1532/1532 6114/6114 6143/6143 6139/6139
f 6114/6114 386/386 6131/6131 6143/6143
f 6143/6143 6131/6131 1536/1536 6142/6142
f 6139/6139 6143/6143 6142/6142 1538/1538
f 1538/1538 6142/6142 6145/6145 6144/6144
f 6142/6142 1536/1536 6137/6137 6145/6145
f 6145/6145 6137/6137 303/303 4663/4663
f 6144/6144 6145/6145 4663/4663 1179/1179
f 924/6257 6140/6140 6146/6146 3640/6369
f 6140/6140 1538/1538 6144/6144 6146/6146
f 6146/6146 6144/6144 1179/1179 4659/4659
f 3640/6369 6146/6146 4659/4659 7/7
